<?xml version="1.0" encoding="UTF-8"?>

<CodeSystem xmlns="http://hl7.org/fhir">
  <id value="THREEMAPDRG"/>
  <text>
    <status value="generated"/><div xmlns="http://www.w3.org/1999/xhtml"><p>This code system http://uri.hddaccess.com/cs/apdrg defines many codes, but they are not represented here</p></div>
  </text>
  <url value="http://uri.hddaccess.com/cs/apdrg"/>
  <version value="0.1.10"/>
  <name value="THREEMAPDRG"/>
  <title value="All Patient Diagnosis Related Groups (AP-DRGs)"/>
  <status value="active"/>
  <date value="2020-11-11T23:36:16+00:00"/>
  <publisher value="HL7 Financial Management Working Group"/>
  <contact>
    <name value="HL7 Financial Management Working Group"/>
    <telecom>
      <system value="url"/>
      <value value="http://www.hl7.org/Special/committees/fm/index.cfm"/>
    </telecom>
    <telecom>
      <system value="email"/>
      <value value="fm@lists.HL7.org"/>
    </telecom>
  </contact>
  <description value="In 1987, the state of New York passed legislation instituting a DRG-based prospective payment system for all non-Medicare patients. The legislation included a requirement that the New York State Department of Health (NYDH) evaluate the applicability of the DRGs to a non-Medicare population. In particular, the legislation required that the DRGs be evaluated with respect to neonates and patients with Human Immunodeficiency Virus (HIV) infections. NYDH entered into an agreement with 3M HIS to assist with the evaluation of the need for DRG modifications as well as to make the necessary changes in the DRG definitions and software. The DRG definitions developed by NYDH and 3M HIS are referred to as the All Patient DRGs (AP DRGs).&#xA;&#xA;The AP DRG code system is no longer updated as DRG classification system evolved to APR DRG. Evolution of DRG is summarized in the APR DRG methodology overview as well as in various articles.&#xA;&#xA;&#xA;Goldfield N. The evolution of diagnosis-related groups (DRGs): from its beginnings in case-mix and resource use theory, to its implementation for payment and now for its current utilization for quality within and outside the hospital. Qual Manage Health Care. 2010;19(1)3-16.&#xA;&#xA;&#xA;Averill RF, Goldfield NI, Muldoon J, Steinbeck BA, Grant TM. A closer look at All-Patient Refined DRGs. J AHIMA. 2002;73(1):46-49.&#xA;&#xA;[https://apps.3mhis.com/docs/Groupers/All\_Patient\_Refined\_DRG/Methodology\_overview\_GRP041/grp041\_aprdrg\_meth\_overview.pdf](https://apps.3mhis.com/docs/Groupers/All_Patient_Refined_DRG/Methodology_overview_GRP041/grp041_aprdrg_meth_overview.pdf)"/>
  <jurisdiction>
    <coding>
      <system value="urn:iso:std:iso:3166"/>
      <code value="US"/>
    </coding>
  </jurisdiction>
  <content value="not-present"/>
</CodeSystem>