<?xml version="1.0" encoding="UTF-8"?>

<CodeSystem xmlns="http://hl7.org/fhir">
  <id value="HCPCSProcedureCodesCS"/>
  <text>
    <status value="generated"/><div xmlns="http://www.w3.org/1999/xhtml"><p>This code system urn:oid:2.16.840.1.113883.6.285 defines many codes, but they are not represented here</p></div>
  </text>
  <url value="urn:oid:2.16.840.1.113883.6.285"/>
  <version value="0.4.2"/>
  <name value="HCPCSProcedureCodesCS"/>
  <title value="HCPCS Procedure Codes"/>
  <status value="active"/>
  <date value="2020-08-28T20:42:04+00:00"/>
  <publisher value="HL7 Financial Management Working Group"/>
  <contact>
    <name value="HL7 Financial Management Working Group"/>
    <telecom>
      <system value="url"/>
      <value value="http://www.hl7.org/Special/committees/fm/index.cfm"/>
    </telecom>
    <telecom>
      <system value="email"/>
      <value value="fm@lists.HL7.org"/>
    </telecom>
  </contact>
  <description value="Healthcare Common Procedure Coding System (HCPCS) Procedure Codes"/>
  <jurisdiction>
    <coding>
      <system value="urn:iso:std:iso:3166"/>
      <code value="US"/>
    </coding>
  </jurisdiction>
  <copyright value="HCPCS codes are available at https://www.cms.gov/Medicare/Coding/HCPCSReleaseCodeSets/Alpha-Numeric-HCPCS.html.  &#xA;The link takes one to a list of files.  The HCPCS ANWEB files include modifier and procedure codes.  The target set for this Code System is the procedure codes from this file.  The code set is owned by CMS and is available for use."/>
  <content value="not-present"/>
</CodeSystem>