<?xml version="1.0" encoding="UTF-8"?>

<CodeSystem xmlns="http://hl7.org/fhir">
  <id value="CMSPlaceOfServiceCS"/>
  <text>
    <status value="generated"/><div xmlns="http://www.w3.org/1999/xhtml"><p>This code system http://www.cms.gov/place-of-service defines many codes, but they are not represented here</p></div>
  </text>
  <url value="http://www.cms.gov/place-of-service"/>
  <version value="0.4.2"/>
  <name value="CMSPlaceOfServiceCS"/>
  <title value="CMS Place of Service"/>
  <status value="active"/>
  <date value="2020-08-28T20:07:08+00:00"/>
  <publisher value="HL7 Financial Management Working Group"/>
  <contact>
    <name value="HL7 Financial Management Working Group"/>
    <telecom>
      <system value="url"/>
      <value value="http://www.hl7.org/Special/committees/fm/index.cfm"/>
    </telecom>
    <telecom>
      <system value="email"/>
      <value value="fm@lists.HL7.org"/>
    </telecom>
  </contact>
  <description value="Place of Service codes are placed on health care professional claims to indicate the setting in which a service was provided"/>
  <jurisdiction>
    <coding>
      <system value="urn:iso:std:iso:3166"/>
      <code value="US"/>
    </coding>
  </jurisdiction>
  <copyright value="https://www.cms.gov/Medicare/Coding/place-of-service-codes/Place_of_Service_Code_Set.html.  The link takes one to the Place of Service list as an html document; it is not a file to which an IG can be bound.  The code set is owned by CMS and is available for use."/>
  <content value="not-present"/>
</CodeSystem>