<?xml version="1.0" encoding="UTF-8"?>

<CodeSystem xmlns="http://hl7.org/fhir">
  <id value="HCPCSModifiersCS"/>
  <text>
    <status value="generated"/><div xmlns="http://www.w3.org/1999/xhtml"><p>This code system http://www.cms.gov/hcpcs-level-II-modifiers defines many codes, but they are not represented here</p></div>
  </text>
  <url value="http://www.cms.gov/hcpcs-level-II-modifiers"/>
  <version value="0.4.1"/>
  <name value="HCPCSModifiersCS"/>
  <title value="AMA CPT Modifiers"/>
  <status value="active"/>
  <date value="2020-08-27T19:07:33+00:00"/>
  <publisher value="HL7 Financial Management Working Group"/>
  <contact>
    <name value="HL7 Financial Management Working Group"/>
    <telecom>
      <system value="url"/>
      <value value="http://www.hl7.org/Special/committees/fm/index.cfm"/>
    </telecom>
    <telecom>
      <system value="email"/>
      <value value="fm@lists.HL7.org"/>
    </telecom>
  </contact>
  <description value="Healthcare Common Procedure Coding System (HCPCS) Procedure Code Modifiers"/>
  <jurisdiction>
    <coding>
      <system value="urn:iso:std:iso:3166"/>
      <code value="US"/>
    </coding>
  </jurisdiction>
  <copyright value="HCPCS modifiers are available at https://www.cms.gov/Medicare/Coding/HCPCSReleaseCodeSets/Alpha-Numeric-HCPCS.html.  The link takes one to a list of files.  The HCPCS ANWEB files include modifier and procedure codes.    &#xA;The target set for this Code System is the procedure code modifiers from this file.  The code set is owned by CMS and is available for use."/>
  <content value="not-present"/>
</CodeSystem>