<?xml version="1.0" encoding="UTF-8"?>

<CodeSystem xmlns="http://hl7.org/fhir">
  <id value="ICD10CMCS"/>
  <text>
    <status value="generated"/><div xmlns="http://www.w3.org/1999/xhtml"><p>This code system http://hl7.org/fhir/sid/icd-10-cm defines many codes, but they are not represented here</p></div>
  </text>
  <url value="http://hl7.org/fhir/sid/icd-10-cm"/>
  <version value="0.1.4"/>
  <name value="ICD10CMCS"/>
  <title value="ICD-10-CM"/>
  <status value="active"/>
  <date value="2020-09-25T04:13:40+00:00"/>
  <publisher value="HL7 Financial Management Working Group"/>
  <contact>
    <name value="HL7 Financial Management Working Group"/>
    <telecom>
      <system value="url"/>
      <value value="http://www.hl7.org/Special/committees/fm/index.cfm"/>
    </telecom>
    <telecom>
      <system value="email"/>
      <value value="fm@lists.HL7.org"/>
    </telecom>
  </contact>
  <description value="International Classification of Diseases, Tenth Revision, Clinical Modification)"/>
  <jurisdiction>
    <coding>
      <system value="urn:iso:std:iso:3166"/>
      <code value="US"/>
    </coding>
  </jurisdiction>
  <copyright value="The ICD-10-CM code set is maintained by the National Center for Health Statistics (NCHS) of the Centers for Disease Control and Prevention (CDC) for use in the United States. &#xA;It is based on ICD-10, which was developed by the World Health Organization (WHO) and is used internationally as a medical classification. &#xA;The code set is owned by the NCHS-CDC and is available for use.  "/>
  <content value="not-present"/>
</CodeSystem>