<?xml version="1.0" encoding="UTF-8"?>

<CodeSystem xmlns="http://hl7.org/fhir">
  <id value="THREEMAPDRG"/>
  <text>
    <status value="generated"/><div xmlns="http://www.w3.org/1999/xhtml"><p>This code system http://www.3M.com/AP-DRG defines many codes, but they are not represented here</p></div>
  </text>
  <url value="http://www.3M.com/AP-DRG"/>
  <version value="0.1.4"/>
  <name value="THREEMAPDRG"/>
  <title value="3M AP DRG"/>
  <status value="active"/>
  <date value="2020-10-06T19:10:40+00:00"/>
  <publisher value="HL7 Financial Management Working Group"/>
  <contact>
    <name value="HL7 Financial Management Working Group"/>
    <telecom>
      <system value="url"/>
      <value value="http://www.hl7.org/Special/committees/fm/index.cfm"/>
    </telecom>
    <telecom>
      <system value="email"/>
      <value value="fm@lists.HL7.org"/>
    </telecom>
  </contact>
  <description value="AP-DRGs (All Patient Diagnosis Related Groups).  AP-DRGs are owned by 3M.  Assignment of a DRG is defined by a particular set of patient attributes, which include principal diagnosis, specific secondary diagnoses, procedures, sex and discharge status.  Identifying a DRG code requires a version.  "/>
  <jurisdiction>
    <coding>
      <system value="urn:iso:std:iso:3166"/>
      <code value="US"/>
    </coding>
  </jurisdiction>
  <copyright value="Use of AP-DRGs require a license.  Reference https://www.3m.com/3M/en_US/health-information-systems-us/drive-value-based-care/patient-classification-methodologies/apr-drgs/.   As HL7 is working with the owning authorities to finalize the urls, the urls are subject to change."/>
  <content value="not-present"/>
</CodeSystem>