<?xml version="1.0" encoding="UTF-8"?>

<CodeSystem xmlns="http://hl7.org/fhir">
  <id value="CMSMSDRG"/>
  <text>
    <status value="generated"/><div xmlns="http://www.w3.org/1999/xhtml"><p>This code system http://www.cms.gov/Medicare/Coding/ms-drg/MS defines many codes, but they are not represented here</p></div>
  </text>
  <url value="http://www.cms.gov/Medicare/Coding/ms-drg/MS"/>
  <version value="0.1.4"/>
  <name value="CMSMSDRG"/>
  <title value="CMS MS DRG"/>
  <status value="active"/>
  <date value="2020-09-29T21:10:41+00:00"/>
  <publisher value="HL7 Financial Management Working Group"/>
  <contact>
    <name value="HL7 Financial Management Working Group"/>
    <telecom>
      <system value="url"/>
      <value value="http://www.hl7.org/Special/committees/fm/index.cfm"/>
    </telecom>
    <telecom>
      <system value="email"/>
      <value value="fm@lists.HL7.org"/>
    </telecom>
  </contact>
  <description value="MS-DRGs (Medicare Severity Diagnosis Related Groups).  MS-DRGs are owned by CMS.  Assignment of a DRG is defined by a particular set of patient attributes, which include principal diagnosis, specific secondary diagnoses, procedures, sex and discharge status.  Identifying a DRG code requires a version."/>
  <jurisdiction>
    <coding>
      <system value="urn:iso:std:iso:3166"/>
      <code value="US"/>
    </coding>
  </jurisdiction>
  <copyright value="The Centers for Medicare &amp; Medicaid Services (CMS) maintain the MS-DRGs used throughout the US health care industry."/>
  <content value="not-present"/>
</CodeSystem>