<?xml version="1.0" encoding="UTF-8"?>

<CodeSystem xmlns="http://hl7.org/fhir">
  <id value="CMSPlaceOfServiceCS"/>
  <text>
    <status value="generated"/><div xmlns="http://www.w3.org/1999/xhtml"><p>This code system http://hl7.org/fhir/us/carin-bb/CodeSystem/CMSPlaceOfServiceCS defines the following codes:</p><table class="codes"><tr><td style="white-space:nowrap"><b>Code</b></td><td><b>Definition</b></td></tr></table></div>
  </text>
  <url value="http://hl7.org/fhir/us/carin-bb/CodeSystem/CMSPlaceOfServiceCS"/>
  <version value="0.1.0"/>
  <name value="CMSPlaceOfServiceCS"/>
  <title value="CMS Place of Service"/>
  <status value="active"/>
  <date value="2020-07-16T02:41:43+00:00"/>
  <publisher value="HL7 Financial Management Working Group"/>
  <contact>
    <name value="HL7 Financial Management Working Group"/>
    <telecom>
      <system value="url"/>
      <value value="http://www.hl7.org/Special/committees/fm/index.cfm"/>
    </telecom>
    <telecom>
      <system value="email"/>
      <value value="fm@lists.HL7.org"/>
    </telecom>
  </contact>
  <description value="https://www.cms.gov/Medicare/Coding/place-of-service-codes/Place_of_Service_Code_Set.html .   &#xA;The link takes one to the Place of Service list as an html document; it is not a file to which an IG can be bound.  &#xA;The code set is owned by CMS and is available for use."/>
  <content value="complete"/>
</CodeSystem>