<?xml version="1.0" encoding="UTF-8"?>

<CodeSystem xmlns="http://hl7.org/fhir">
  <id value="NCPDPRejectCodeCS"/>
  <text>
    <status value="generated"/><div xmlns="http://www.w3.org/1999/xhtml"><p>This code system http://ncpdp.org/reject-code defines many codes, but they are not represented here</p></div>
  </text>
  <url value="http://ncpdp.org/reject-code"/>
  <version value="0.4.1"/>
  <name value="NCPDPRejectCodeCS"/>
  <title value="NCPDP Reject Code"/>
  <status value="active"/>
  <date value="2020-08-25T14:58:27+00:00"/>
  <publisher value="HL7 Financial Management Working Group"/>
  <contact>
    <name value="HL7 Financial Management Working Group"/>
    <telecom>
      <system value="url"/>
      <value value="http://www.hl7.org/Special/committees/fm/index.cfm"/>
    </telecom>
    <telecom>
      <system value="email"/>
      <value value="fm@lists.HL7.org"/>
    </telecom>
  </contact>
  <description value="The NCPDP Reject Code (511-FB) code set contains exception definitions for use when transaction processing cannot be completed."/>
  <jurisdiction>
    <coding>
      <system value="urn:iso:std:iso:3166"/>
      <code value="US"/>
    </coding>
  </jurisdiction>
  <copyright value="NCPDP Copyright Statement"/>
  <content value="not-present"/>
</CodeSystem>