<?xml version="1.0" encoding="UTF-8"?>

<CodeSystem xmlns="http://hl7.org/fhir">
  <id value="AHANUBCTypeOfBill"/>
  <text>
    <status value="generated"/><div xmlns="http://www.w3.org/1999/xhtml"><p>This code system http://www.nubc.org/TypeOfBill defines many codes, but they are not represented here</p></div>
  </text>
  <url value="http://www.nubc.org/TypeOfBill"/>
  <version value="0.1.3"/>
  <name value="AHANUBCTypeOfBill"/>
  <title value="AHA NUBC Type of Bill"/>
  <status value="active"/>
  <date value="2020-09-15T14:28:43+00:00"/>
  <publisher value="HL7 Financial Management Working Group"/>
  <contact>
    <name value="HL7 Financial Management Working Group"/>
    <telecom>
      <system value="url"/>
      <value value="http://www.hl7.org/Special/committees/fm/index.cfm"/>
    </telecom>
    <telecom>
      <system value="email"/>
      <value value="fm@lists.HL7.org"/>
    </telecom>
  </contact>
  <description value="UB-04 Type of Bill (FL-4)"/>
  <jurisdiction>
    <coding>
      <system value="urn:iso:std:iso:3166"/>
      <code value="US"/>
    </coding>
  </jurisdiction>
  <copyright value="The Official UB-04 Data Specifications Manual, copyrighted by the American Hospital Association, is the only official source of UB-04 billing information adopted by the National Uniform Billing Committee. &#xA;No other publication&#x2014;governmental or private/commercial&#x2014;can be considered authoritative. See their website for licensing terms and conditions.&#xA;As HL7 is working with the owning authority to finalize the url, this url is subject to change."/>
  <content value="not-present"/>
</CodeSystem>