<?xml version="1.0" encoding="UTF-8"?>

<Coverage xmlns="http://hl7.org/fhir">
  <id value="Coverage1UPMC"/>
  <meta>
    <lastUpdated value="2020-09-08T00:00:00+00:00"/>
    <source value="Organization/Organization1UPMC"/>
    <profile value="http://hl7.org/fhir/us/carin-bb/StructureDefinition/C4BB-Coverage"/>
  </meta>
  <language value="en-US"/>
  <text>
    <status value="generated"/><div xmlns="http://www.w3.org/1999/xhtml" xml:lang="en-US" lang="en-US"><p><b>Generated Narrative</b></p><h3>Ids</h3><table class="grid"><tr><td>-</td></tr><tr><td>*</td></tr></table><h3>Meta</h3><table class="grid"><tr><td>-</td></tr><tr><td>*</td></tr></table><p><b>language</b>: en-US</p><p><b>identifier</b>: Member Number: 01234567801</p><p><b>status</b>: active</p><p><b>policyHolder</b>: <a href="Patient-Patient1UPMC.html">Generated Summary: language: en-US; mb: 01234567801; active; Johnny Example1 ; Phone: (301)666-1212; gender: male; birthDate: 1990-01-01; <span title="Codes: {http://terminology.hl7.org/CodeSystem/v3-NullFlavor UNK}">unknown</span></a></p><p><b>subscriber</b>: <a href="Patient-Patient1UPMC.html">Generated Summary: language: en-US; mb: 01234567801; active; Johnny Example1 ; Phone: (301)666-1212; gender: male; birthDate: 1990-01-01; <span title="Codes: {http://terminology.hl7.org/CodeSystem/v3-NullFlavor UNK}">unknown</span></a></p><p><b>subscriberId</b>: 012345678</p><p><b>beneficiary</b>: <a href="Patient-Patient1UPMC.html">Generated Summary: language: en-US; mb: 01234567801; active; Johnny Example1 ; Phone: (301)666-1212; gender: male; birthDate: 1990-01-01; <span title="Codes: {http://terminology.hl7.org/CodeSystem/v3-NullFlavor UNK}">unknown</span></a></p><p><b>dependent</b>: 01</p><p><b>relationship</b>: <span title="Codes: {http://terminology.hl7.org/CodeSystem/subscriber-relationship self}">Self</span></p><p><b>period</b>: Aug 1, 2019, 4:00:00 AM --&gt; Dec 31, 2019, 5:00:00 AM</p><p><b>payor</b>: <a href="Organization-Organization1UPMC.html">UPMC Health Plan. Generated Summary: id: 95216; active; <span title="Codes: {http://terminology.hl7.org/CodeSystem/organization-type pay}">Payer</span>; name: UPMC Health Plan; Phone: 1-844-220-4785 TTY: 711, Phone: 1-866-406-8762</a></p><blockquote><p><b>class</b></p><p><b>type</b>: <span title="Codes: {http://terminology.hl7.org/CodeSystem/coverage-class group}">An employee group</span></p><p><b>value</b>: 007653</p><p><b>name</b>: CORPORATE SERVICES</p></blockquote><blockquote><p><b>class</b></p><p><b>type</b>: <span title="Codes: {http://terminology.hl7.org/CodeSystem/coverage-class subgroup}">A sub-group of an employee group</span></p><p><b>value</b>: C24</p><p><b>name</b>: CRP SVCS ADV HSA</p></blockquote><blockquote><p><b>class</b></p><p><b>type</b>: <span title="Codes: {http://terminology.hl7.org/CodeSystem/coverage-class plan}">A specific suite of benefits.</span></p><p><b>value</b>: SEA17</p><p><b>name</b>: SEA17-Advantage HSA EPO</p></blockquote><p><b>network</b>: SEA17-Advantage HSA EPO</p></div>
  </text>
  <identifier>
    <type>
      <coding>
        <system value="http://terminology.hl7.org/CodeSystem/v2-0203"/>
        <code value="MB"/>
      </coding>
    </type>
    <system value="https://www.upmchealthplan.com/fhir/memberidentifier"/>
    <value value="01234567801"/>
    <assigner>
      <reference value="Organization/Organization1UPMC"/>
      <display value="UPMC Health Plan"/>
    </assigner>
  </identifier>
  <status value="active"/>
  <policyHolder>
    <reference value="Patient/Patient1UPMC"/>
  </policyHolder>
  <subscriber>
    <reference value="Patient/Patient1UPMC"/>
  </subscriber>
  <subscriberId value="012345678"/>
  <beneficiary>
    <reference value="Patient/Patient1UPMC"/>
  </beneficiary>
  <dependent value="01"/>
  <relationship>
    <coding>
      <system value="http://terminology.hl7.org/CodeSystem/subscriber-relationship"/>
      <code value="self"/>
    </coding>
    <text value="Self"/>
  </relationship>
  <period>
    <start value="2019-08-01T00:00:00-04:00"/>
    <end value="2019-12-31T00:00:00-05:00"/>
  </period>
  <payor>
    <reference value="Organization/Organization1UPMC"/>
    <display value="UPMC Health Plan"/>
  </payor>
  <class>
    <type>
      <coding>
        <system value="http://terminology.hl7.org/CodeSystem/coverage-class"/>
        <code value="group"/>
        <display value="Group"/>
      </coding>
      <text value="An employee group"/>
    </type>
    <value value="007653"/>
    <name value="CORPORATE SERVICES"/>
  </class>
  <class>
    <type>
      <coding>
        <system value="http://terminology.hl7.org/CodeSystem/coverage-class"/>
        <code value="subgroup"/>
        <display value="SubGroup"/>
      </coding>
      <text value="A sub-group of an employee group"/>
    </type>
    <value value="C24"/>
    <name value="CRP SVCS ADV HSA"/>
  </class>
  <class>
    <type>
      <coding>
        <system value="http://terminology.hl7.org/CodeSystem/coverage-class"/>
        <code value="plan"/>
        <display value="Plan"/>
      </coding>
      <text value="A specific suite of benefits."/>
    </type>
    <value value="SEA17"/>
    <name value="SEA17-Advantage HSA EPO"/>
  </class>
  <network value="SEA17-Advantage HSA EPO"/>
</Coverage>