<?xml version="1.0" encoding="UTF-8"?>

<ExplanationOfBenefit xmlns="http://hl7.org/fhir">
  <id value="BBEobPharmacy"/>
  <meta>
    <versionId value="1"/>
    <lastUpdated value="2020-07-23T16:04:04.584-04:00"/>
    <source value="#2Htk0DNoUEbccjg0"/>
    <profile value="http://hl7.org/fhir/us/carin-bb/StructureDefinition/CARIN-BB-ExplanationOfBenefit-Pharmacy"/>
  </meta>
  <text>
    <status value="generated"/><div xmlns="http://www.w3.org/1999/xhtml"><p><b>Generated Narrative</b></p><p><b>id</b>: BBEobPharmacy</p><p><b>meta</b>: </p><p><b>identifier</b>: Claim Number: 7d0c2c7f-8049-445a-a283-41cf91d09a38 (OFFICIAL)</p><p><b>status</b>: active</p><p><b>type</b>: <span title="Codes: {http://terminology.hl7.org/CodeSystem/claim-type pharmacy}">PHARMACY</span></p><p><b>use</b>: claim</p><p><b>patient</b>: <a href="Patient/64">Alice Dominguez Gibson</a></p><p><b>billablePeriod</b>: Jan 18, 2019, 8:40:00 PM --&gt; Jan 18, 2020, 8:40:00 PM</p><p><b>created</b>: Jan 18, 2019, 9:00:00 PM</p><p><b>insurer</b>: <a href="Organization/9">SilverCaid</a></p><p><b>provider</b>: <span>Minute Pharmacy</span></p><h3>Payees</h3><table class="grid"><tr><td>-</td><td><b>Type</b></td><td><b>Party</b></td></tr><tr><td>*</td><td><span title="Codes: {http://terminology.hl7.org/CodeSystem/payeetype provider}">Provider</span></td><td><a href="Organization/2910">TrueScript Pharmacy</a></td></tr></table><p><b>claim</b>: <a href="Claim/2912">Claim for Alice Dominguez Gibson</a></p><p><b>claimResponse</b>: <a href="ClaimResponse/2913">Alice Dominguez Gibson ClaimResponse</a></p><p><b>outcome</b>: complete</p><blockquote><p><b>supportingInfo</b></p><p><b>sequence</b>: 1</p><p><b>category</b>: <span title="Codes: {http://hl7.org/fhir/us/carin-bb/CodeSystem/ClaimInformationCategoryCS billingnetworkcontractingstatus}">billingnetworkcontractingstatus</span></p><p><b>code</b>: <span title="Codes: ">contracted</span></p></blockquote><blockquote><p><b>supportingInfo</b></p><p><b>sequence</b>: 2</p><p><b>category</b>: <span title="Codes: {http://hl7.org/fhir/us/carin-bb/CodeSystem/ClaimInformationCategoryCS brandgenericcode}">brandgenericcode</span></p><p><b>code</b>: <span title="Codes: {http://www.ncpdp.org/brand-generic-code generic}">generic</span></p></blockquote><blockquote><p><b>supportingInfo</b></p><p><b>sequence</b>: 3</p><p><b>category</b>: <span title="Codes: {http://hl7.org/fhir/us/carin-bb/CodeSystem/ClaimInformationCategoryCS refillnum}">refillnum</span></p><p><b>value</b>: 10</p></blockquote><blockquote><p><b>supportingInfo</b></p><p><b>sequence</b>: 4</p><p><b>category</b>: <span title="Codes: {http://hl7.org/fhir/us/carin-bb/CodeSystem/ClaimInformationCategoryCS dawcode}">dawcode</span></p><p><b>code</b>: <span title="Codes: {http://www.ncpdp.org/dispensed-as-written-or-product-selection-code brandOnly}">brandOnly</span></p></blockquote><blockquote><p><b>supportingInfo</b></p><p><b>sequence</b>: 5</p><p><b>category</b>: <span title="Codes: {http://hl7.org/fhir/us/carin-bb/CodeSystem/ClaimInformationCategoryCS clmrecvddate}">clmrecvddate</span></p><p><b>timing</b>: 2019-01-18</p></blockquote><blockquote><p><b>supportingInfo</b></p><p><b>sequence</b>: 6</p><p><b>category</b>: <span title="Codes: {http://hl7.org/fhir/us/carin-bb/CodeSystem/ClaimInformationCategoryCS dayssupply}">dayssupply</span></p><p><b>value</b>: 30</p></blockquote><h3>Insurances</h3><table class="grid"><tr><td>-</td><td><b>Focal</b></td><td><b>Coverage</b></td></tr><tr><td>*</td><td>true</td><td><a href="Coverage-Coverage1.html">Generated Summary: id: Coverage1; language: en-US; Member ID: 1234-234-1243-12345678901; status: active; <span title="Codes: {http://terminology.hl7.org/CodeSystem/v3-ActCode HIP}">health insurance plan policy</span>; subscriberId: 12345678901; dependent: 01; <span title="Codes: {http://terminology.hl7.org/CodeSystem/subscriber-relationship self}">Self</span>; period: Jan 1, 2019, 12:00:00 AM --&gt; Oct 31, 2019, 12:00:00 AM; network: XYZ123-UPMC CONSUMER ADVA</a></td></tr></table><blockquote><p><b>item</b></p><p><b>sequence</b>: 1</p><p><b>informationSequence</b>: 1</p><p><b>category</b>: <span title="Codes: {https://bluebutton.cms.gov/resources/variables/line_cms_type_srvc_cd 1}">Medical care</span></p><p><b>productOrService</b>: <span title="Codes: "></span></p><p><b>serviced</b>: Jan 18, 2019, 8:40:00 PM --&gt; Jan 18, 2019, 9:00:00 PM</p><p><b>location</b>: <span title="Codes: "></span></p><p><b>quantity</b>: 30</p><p><b>unitPrice</b>: </p><p><b>net</b>: </p><blockquote><p><b>adjudication</b></p><p><b>category</b>: <span title="Codes: {http://hl7.org/fhir/us/carin-bb/CodeSystem/PayerAdjudicationCategoryCS coinsurance}">Beneficiary Coinsurance Amount</span></p><p><b>amount</b>: </p></blockquote><blockquote><p><b>adjudication</b></p><p><b>category</b>: <span title="Codes: {http://hl7.org/fhir/us/carin-bb/CodeSystem/PayerAdjudicationCategoryCS paidtoprovider}">Paid to provider</span></p><p><b>amount</b>: </p></blockquote><blockquote><p><b>adjudication</b></p><p><b>category</b>: <span title="Codes: {http://terminology.hl7.org/CodeSystem/adjudication submitted}">Submitted</span></p><p><b>amount</b>: </p></blockquote></blockquote><blockquote><p><b>item</b></p><p><b>sequence</b>: 2</p><p><b>informationSequence</b>: 2</p><p><b>category</b>: <span title="Codes: {https://bluebutton.cms.gov/resources/variables/line_cms_type_srvc_cd 1}">Medical care</span></p><p><b>productOrService</b>: <span title="Codes: {http://www.nlm.nih.gov/research/umls/rxnorm 104416}">amLODIPine Besylate</span></p><p><b>serviced</b>: Jan 18, 2019, 8:40:00 PM --&gt; Jan 18, 2019, 9:00:00 PM</p><p><b>location</b>: <span title="Codes: {https://bluebutton.cms.gov/resources/variables/line_place_of_srvc_cd 49}">Independent Clinic</span></p><p><b>quantity</b>: 30</p><p><b>unitPrice</b>: </p><p><b>net</b>: </p><blockquote><p><b>adjudication</b></p><p><b>category</b>: <span title="Codes: {http://hl7.org/fhir/us/carin-bb/CodeSystem/PayerAdjudicationCategoryCS coinsurance}">Beneficiary Coinsurance Amount</span></p><p><b>amount</b>: </p></blockquote><blockquote><p><b>adjudication</b></p><p><b>category</b>: <span title="Codes: {http://hl7.org/fhir/us/carin-bb/CodeSystem/PayerAdjudicationCategoryCS paidtoprovider}">Paid to provider</span></p><p><b>amount</b>: </p></blockquote><blockquote><p><b>adjudication</b></p><p><b>category</b>: <span title="Codes: {http://terminology.hl7.org/CodeSystem/adjudication submitted}">Submitted</span></p><p><b>amount</b>: </p></blockquote></blockquote><blockquote><p><b>item</b></p><p><b>sequence</b>: 3</p><p><b>informationSequence</b>: 3</p><p><b>category</b>: <span title="Codes: {https://bluebutton.cms.gov/resources/variables/line_cms_type_srvc_cd 1}">Medical care</span></p><p><b>productOrService</b>: <span title="Codes: {http://www.nlm.nih.gov/research/umls/rxnorm 258337}">Hydrochlorothiazide / Triamterene</span></p><p><b>serviced</b>: Jan 18, 2019, 8:40:00 PM --&gt; Jan 18, 2019, 9:00:00 PM</p><p><b>location</b>: <span title="Codes: {https://bluebutton.cms.gov/resources/variables/line_place_of_srvc_cd 49}">Independent Clinic</span></p><p><b>quantity</b>: 30</p><p><b>unitPrice</b>: </p><p><b>net</b>: </p><blockquote><p><b>adjudication</b></p><p><b>category</b>: <span title="Codes: {http://hl7.org/fhir/us/carin-bb/CodeSystem/PayerAdjudicationCategoryCS coinsurance}">Beneficiary Coinsurance Amount</span></p><p><b>amount</b>: </p></blockquote><blockquote><p><b>adjudication</b></p><p><b>category</b>: <span title="Codes: {http://hl7.org/fhir/us/carin-bb/CodeSystem/PayerAdjudicationCategoryCS paidtoprovider}">Paid to provider</span></p><p><b>amount</b>: </p></blockquote><blockquote><p><b>adjudication</b></p><p><b>category</b>: <span title="Codes: {http://terminology.hl7.org/CodeSystem/adjudication submitted}">Submitted</span></p><p><b>amount</b>: </p></blockquote></blockquote><blockquote><p><b>total</b></p><p><b>category</b>: <span title="Codes: {http://terminology.hl7.org/CodeSystem/adjudication submitted}">Submitted Amount</span></p><p><b>amount</b>: </p></blockquote><blockquote><p><b>total</b></p><p><b>category</b>: <span title="Codes: {http://hl7.org/fhir/us/carin-bb/CodeSystem/PayerAdjudicationCategoryCS innetwork}">In-network</span></p><p><b>amount</b>: </p></blockquote><h3>Payments</h3><table class="grid"><tr><td>-</td><td><b>Amount</b></td></tr><tr><td>*</td><td></td></tr></table></div>
  </text>
  <identifier>
    <use value="official"/>
    <type>
      <coding>
        <system value="http://hl7.org/fhir/us/carin-bb/CodeSystem/IdentifierTypeCS"/>
        <code value="cn"/>
      </coding>
    </type>
    <system value="https://bluebutton.cms.gov/resources/variables/clm_id"/>
    <value value="7d0c2c7f-8049-445a-a283-41cf91d09a38"/>
  </identifier>
  <status value="active"/>
  <type>
    <coding>
      <system value="http://terminology.hl7.org/CodeSystem/claim-type"/>
      <code value="pharmacy"/>
      <display value="PHARMACY"/>
    </coding>
  </type>
  <use value="claim"/>
  <patient>
    <reference value="Patient/64"/>
    <display value="Alice Dominguez Gibson"/>
  </patient>
  <billablePeriod>
    <start value="2019-01-18T15:40:00-05:00"/>
    <end value="2020-01-18T15:40:00-05:00"/>
  </billablePeriod>
  <created value="2019-01-18T16:00:00-05:00"/>
  <insurer>
    <reference value="Organization/9"/>
    <display value="SilverCaid"/>
  </insurer>
  <provider>
    <display value="Minute Pharmacy"/>
  </provider>
  <payee>
    <type>
      <coding>
        <system value="http://terminology.hl7.org/CodeSystem/payeetype"/>
        <code value="provider"/>
        <display value="Provider"/>
      </coding>
    </type>
    <party>
      <reference value="Organization/2910"/>
      <display value="TrueScript Pharmacy"/>
    </party>
  </payee>
  <claim>
    <reference value="Claim/2912"/>
    <display value="Claim for Alice Dominguez Gibson"/>
  </claim>
  <claimResponse>
    <reference value="ClaimResponse/2913"/>
    <display value="Alice Dominguez Gibson ClaimResponse"/>
  </claimResponse>
  <outcome value="complete"/>
  <supportingInfo>
    <sequence value="1"/>
    <category>
      <coding>
        <system value="http://hl7.org/fhir/us/carin-bb/CodeSystem/ClaimInformationCategoryCS"/>
        <code value="billingnetworkcontractingstatus"/>
      </coding>
    </category>
    <code>
      <coding>
        <code value="contracted"/>
      </coding>
    </code>
  </supportingInfo>
  <supportingInfo>
    <sequence value="2"/>
    <category>
      <coding>
        <system value="http://hl7.org/fhir/us/carin-bb/CodeSystem/ClaimInformationCategoryCS"/>
        <code value="brandgenericcode"/>
      </coding>
    </category>
    <code>
      <coding>
        <system value="http://www.ncpdp.org/brand-generic-code"/>
        <code value="generic"/>
      </coding>
    </code>
  </supportingInfo>
  <supportingInfo>
    <sequence value="3"/>
    <category>
      <coding>
        <system value="http://hl7.org/fhir/us/carin-bb/CodeSystem/ClaimInformationCategoryCS"/>
        <code value="refillnum"/>
      </coding>
    </category>
    <valueQuantity>
      <value value="10"/>
    </valueQuantity>
  </supportingInfo>
  <supportingInfo>
    <sequence value="4"/>
    <category>
      <coding>
        <system value="http://hl7.org/fhir/us/carin-bb/CodeSystem/ClaimInformationCategoryCS"/>
        <code value="dawcode"/>
      </coding>
    </category>
    <code>
      <coding>
        <system value="http://www.ncpdp.org/dispensed-as-written-or-product-selection-code"/>
        <code value="brandOnly"/>
      </coding>
    </code>
  </supportingInfo>
  <supportingInfo>
    <sequence value="5"/>
    <category>
      <coding>
        <system value="http://hl7.org/fhir/us/carin-bb/CodeSystem/ClaimInformationCategoryCS"/>
        <code value="clmrecvddate"/>
      </coding>
    </category>
    <timingDate value="2019-01-18"/>
  </supportingInfo>
  <supportingInfo>
    <sequence value="6"/>
    <category>
      <coding>
        <system value="http://hl7.org/fhir/us/carin-bb/CodeSystem/ClaimInformationCategoryCS"/>
        <code value="dayssupply"/>
      </coding>
    </category>
    <valueQuantity>
      <value value="30"/>
    </valueQuantity>
  </supportingInfo>
  <insurance>
    <focal value="true"/>
    <coverage>
      <reference value="Coverage/Coverage1"/>
    </coverage>
  </insurance>
  <item>
    <sequence value="1"/>
    <informationSequence value="1"/>
    <category>
      <coding>
        <system value="https://bluebutton.cms.gov/resources/variables/line_cms_type_srvc_cd"/>
        <code value="1"/>
        <display value="Medical care"/>
      </coding>
    </category>
    <productOrService>
      <coding>
        <system value="860518"/>
      </coding>
    </productOrService>
    <servicedPeriod>
      <start value="2019-01-18T15:40:00-05:00"/>
      <end value="2019-01-18T16:00:00-05:00"/>
    </servicedPeriod>
    <locationCodeableConcept>
      <coding>
        <system value="49"/>
      </coding>
    </locationCodeableConcept>
    <quantity>
      <value value="30"/>
    </quantity>
    <unitPrice>
      <value value="81.86"/>
      <currency value="USD"/>
    </unitPrice>
    <net>
      <value value="81.86"/>
      <currency value="USD"/>
    </net>
    <adjudication>
      <category>
        <coding>
          <system value="http://hl7.org/fhir/us/carin-bb/CodeSystem/PayerAdjudicationCategoryCS"/>
          <code value="coinsurance"/>
          <display value="Beneficiary Coinsurance Amount"/>
        </coding>
      </category>
      <amount>
        <value value="81.86"/>
        <currency value="USD"/>
      </amount>
    </adjudication>
    <adjudication>
      <category>
        <coding>
          <system value="http://hl7.org/fhir/us/carin-bb/CodeSystem/PayerAdjudicationCategoryCS"/>
          <code value="paidtoprovider"/>
          <display value="Paid to provider"/>
        </coding>
      </category>
      <amount>
        <value value="0"/>
        <currency value="USD"/>
      </amount>
    </adjudication>
    <adjudication>
      <category>
        <coding>
          <system value="http://terminology.hl7.org/CodeSystem/adjudication"/>
          <code value="submitted"/>
          <display value="Submitted"/>
        </coding>
      </category>
      <amount>
        <value value="81.86"/>
        <currency value="USD"/>
      </amount>
    </adjudication>
  </item>
  <item>
    <sequence value="2"/>
    <informationSequence value="2"/>
    <category>
      <coding>
        <system value="https://bluebutton.cms.gov/resources/variables/line_cms_type_srvc_cd"/>
        <code value="1"/>
        <display value="Medical care"/>
      </coding>
    </category>
    <productOrService>
      <coding>
        <system value="http://www.nlm.nih.gov/research/umls/rxnorm"/>
        <code value="104416"/>
        <display value="amLODIPine Besylate"/>
      </coding>
    </productOrService>
    <servicedPeriod>
      <start value="2019-01-18T15:40:00-05:00"/>
      <end value="2019-01-18T16:00:00-05:00"/>
    </servicedPeriod>
    <locationCodeableConcept>
      <coding>
        <system value="https://bluebutton.cms.gov/resources/variables/line_place_of_srvc_cd"/>
        <code value="49"/>
        <display value="Independent Clinic"/>
      </coding>
    </locationCodeableConcept>
    <quantity>
      <value value="30"/>
    </quantity>
    <unitPrice>
      <value value="11.43"/>
      <currency value="USD"/>
    </unitPrice>
    <net>
      <value value="11.43"/>
      <currency value="USD"/>
    </net>
    <adjudication>
      <category>
        <coding>
          <system value="http://hl7.org/fhir/us/carin-bb/CodeSystem/PayerAdjudicationCategoryCS"/>
          <code value="coinsurance"/>
          <display value="Beneficiary Coinsurance Amount"/>
        </coding>
      </category>
      <amount>
        <value value="11.43"/>
        <currency value="USD"/>
      </amount>
    </adjudication>
    <adjudication>
      <category>
        <coding>
          <system value="http://hl7.org/fhir/us/carin-bb/CodeSystem/PayerAdjudicationCategoryCS"/>
          <code value="paidtoprovider"/>
          <display value="Paid to provider"/>
        </coding>
      </category>
      <amount>
        <value value="0"/>
        <currency value="USD"/>
      </amount>
    </adjudication>
    <adjudication>
      <category>
        <coding>
          <system value="http://terminology.hl7.org/CodeSystem/adjudication"/>
          <code value="submitted"/>
          <display value="Submitted"/>
        </coding>
      </category>
      <amount>
        <value value="11.43"/>
        <currency value="USD"/>
      </amount>
    </adjudication>
  </item>
  <item>
    <sequence value="3"/>
    <informationSequence value="3"/>
    <category>
      <coding>
        <system value="https://bluebutton.cms.gov/resources/variables/line_cms_type_srvc_cd"/>
        <code value="1"/>
        <display value="Medical care"/>
      </coding>
    </category>
    <productOrService>
      <coding>
        <system value="http://www.nlm.nih.gov/research/umls/rxnorm"/>
        <code value="258337"/>
        <display value="Hydrochlorothiazide / Triamterene"/>
      </coding>
    </productOrService>
    <servicedPeriod>
      <start value="2019-01-18T15:40:00-05:00"/>
      <end value="2019-01-18T16:00:00-05:00"/>
    </servicedPeriod>
    <locationCodeableConcept>
      <coding>
        <system value="https://bluebutton.cms.gov/resources/variables/line_place_of_srvc_cd"/>
        <code value="49"/>
        <display value="Independent Clinic"/>
      </coding>
    </locationCodeableConcept>
    <quantity>
      <value value="30"/>
    </quantity>
    <unitPrice>
      <value value="4.08"/>
      <currency value="USD"/>
    </unitPrice>
    <net>
      <value value="4.08"/>
      <currency value="USD"/>
    </net>
    <adjudication>
      <category>
        <coding>
          <system value="http://hl7.org/fhir/us/carin-bb/CodeSystem/PayerAdjudicationCategoryCS"/>
          <code value="coinsurance"/>
          <display value="Beneficiary Coinsurance Amount"/>
        </coding>
      </category>
      <amount>
        <value value="4.08"/>
        <currency value="USD"/>
      </amount>
    </adjudication>
    <adjudication>
      <category>
        <coding>
          <system value="http://hl7.org/fhir/us/carin-bb/CodeSystem/PayerAdjudicationCategoryCS"/>
          <code value="paidtoprovider"/>
          <display value="Paid to provider"/>
        </coding>
      </category>
      <amount>
        <value value="0"/>
        <currency value="USD"/>
      </amount>
    </adjudication>
    <adjudication>
      <category>
        <coding>
          <system value="http://terminology.hl7.org/CodeSystem/adjudication"/>
          <code value="submitted"/>
          <display value="Submitted"/>
        </coding>
      </category>
      <amount>
        <value value="4.08"/>
        <currency value="USD"/>
      </amount>
    </adjudication>
  </item>
  <total>
    <category>
      <coding>
        <system value="http://terminology.hl7.org/CodeSystem/adjudication"/>
        <code value="submitted"/>
      </coding>
    </category>
    <amount>
      <value value="97.37"/>
      <currency value="USD"/>
    </amount>
  </total>
  <total>
    <category>
      <coding>
        <system value="http://hl7.org/fhir/us/carin-bb/CodeSystem/PayerAdjudicationCategoryCS"/>
        <code value="innetwork"/>
      </coding>
    </category>
    <amount>
      <value value="0"/>
      <currency value="USD"/>
    </amount>
  </total>
  <payment>
    <amount>
      <value value="0"/>
      <currency value="USD"/>
    </amount>
  </payment>
</ExplanationOfBenefit>