<?xml version="1.0" encoding="UTF-8"?>

<ExplanationOfBenefit xmlns="http://hl7.org/fhir">
  <id value="EOBProfessional2UPMC"/>
  <meta>
    <lastUpdated value="2019-12-12T09:14:11+00:00"/>
    <source value="Organization/Organization1UPMC"/>
    <profile value="http://hl7.org/fhir/us/carin-bb/StructureDefinition/C4BB-ExplanationOfBenefit-Professional-NonClinician"/>
  </meta>
  <text>
    <status value="generated"/><div xmlns="http://www.w3.org/1999/xhtml"><p><b>Generated Narrative</b></p><h3>Ids</h3><table class="grid"><tr><td>-</td></tr><tr><td>*</td></tr></table><h3>Meta</h3><table class="grid"><tr><td>-</td></tr><tr><td>*</td></tr></table><p><b>identifier</b>: Claim Number: 01234567801-GNXYZ1230000010000010001</p><p><b>status</b>: active</p><p><b>type</b>: <span title="Codes: {http://terminology.hl7.org/CodeSystem/claim-type professional}">Professional</span></p><p><b>use</b>: claim</p><p><b>patient</b>: <a href="Patient-Patient1UPMC.html">Generated Summary: language: en-US; Member Number: 01234567801; active; Johnny Example1 ; Phone: (301)666-1212; gender: male; birthDate: 1990-01-01; <span title="Codes: {http://terminology.hl7.org/CodeSystem/v3-NullFlavor UNK}">unknown</span></a></p><p><b>billablePeriod</b>: Apr 4, 2020, 4:00:00 AM --&gt; Apr 4, 2020, 4:00:00 AM</p><p><b>created</b>: Apr 29, 2020, 4:00:00 AM</p><p><b>insurer</b>: <a href="Organization-Organization1UPMC.html">UPMC Health Plan. Generated Summary: id: 95216; active; <span title="Codes: {http://terminology.hl7.org/CodeSystem/organization-type pay}">Payer</span>; name: UPMC Health Plan; Phone: 1-844-220-4785 TTY: 711, Phone: 1-866-406-8762</a></p><p><b>provider</b>: <a href="Organization-Organization2UPMC.html">Generated Summary: Tax ID number: 987654321, Payer ID: 0000000UPP; name: UNIVERSITY OF PITTSBURGH PHYSICIANS</a></p><h3>Payees</h3><table class="grid"><tr><td>-</td><td><b>Type</b></td><td><b>Party</b></td></tr><tr><td>*</td><td><span title="Codes: {http://terminology.hl7.org/CodeSystem/payeetype provider}">Provider</span></td><td><a href="Organization-Organization2UPMC.html">Generated Summary: Tax ID number: 987654321, Payer ID: 0000000UPP; name: UNIVERSITY OF PITTSBURGH PHYSICIANS</a></td></tr></table><p><b>outcome</b>: complete</p><h3>SupportingInfos</h3><table class="grid"><tr><td>-</td><td><b>Sequence</b></td><td><b>Category</b></td><td><b>Code</b></td></tr><tr><td>*</td><td>1</td><td><span title="Codes: {http://hl7.org/fhir/us/carin-bb/CodeSystem/C4BBSupportingInfoType billingnetworkcontractingstatus}">Billing Network Contracting Status</span></td><td><span title="Codes: {http://hl7.org/fhir/us/carin-bb/CodeSystem/C4BBPayerAdjudicationStatus contracted}">Indicates the provider was contracted for the service</span></td></tr></table><h3>Diagnoses</h3><table class="grid"><tr><td>-</td><td><b>Sequence</b></td><td><b>Diagnosis[x]</b></td><td><b>Type</b></td></tr><tr><td>*</td><td>1</td><td><span title="Codes: {http://hl7.org/fhir/sid/icd-10-cm X11.111}">Description for X11.111</span></td><td><span title="Codes: {http://terminology.hl7.org/CodeSystem/ex-diagnosistype principal}">principal</span></td></tr></table><h3>Procedures</h3><table class="grid"><tr><td>-</td><td><b>Sequence</b></td><td><b>Type</b></td><td><b>Date</b></td><td><b>Procedure[x]</b></td></tr><tr><td>*</td><td>1</td><td><span title="Codes: {http://terminology.hl7.org/CodeSystem/ex-procedure-type primary}">Primary procedure</span></td><td>Apr 4, 2020, 4:00:00 AM</td><td><span title="Codes: {http://www.cms.gov/Medicare/Coding/ICD10 11111}">Description for 11111</span></td></tr></table><h3>Insurances</h3><table class="grid"><tr><td>-</td><td><b>Focal</b></td><td><b>Coverage</b></td></tr><tr><td>*</td><td>true</td><td><a href="Coverage-Coverage2UPMC.html">Generated Summary: language: en-US; Member Number: 01234567801; status: active; subscriberId: 012345678; dependent: 01; <span title="Codes: {http://terminology.hl7.org/CodeSystem/subscriber-relationship self}">Self</span>; period: Jan 1, 2020, 5:00:00 AM --&gt; (ongoing); network: SEA22-Advantage HSA EPO</a></td></tr></table><blockquote><p><b>item</b></p><p><b>sequence</b>: 1</p><p><b>productOrService</b>: <span title="Codes: {http://www.ama-assn.org/go/cpt 11111}">11111</span></p><p><b>serviced</b>: Apr 4, 2020, 4:00:00 AM --&gt; Apr 4, 2020, 4:00:00 AM</p><p><b>location</b>: <span title="Codes: {https://www.cms.gov/Medicare/Coding/place-of-service-codes/Place_of_Service_Code_Set 02}">Telehealth</span></p><blockquote><p><b>adjudication</b></p><p><b>category</b>: <span title="Codes: {http://hl7.org/fhir/us/carin-bb/CodeSystem/C4BBAdjudication memberliability}">The amount of the member's liability.</span></p><h3>Amounts</h3><table class="grid"><tr><td>-</td></tr><tr><td>*</td></tr></table></blockquote><blockquote><p><b>adjudication</b></p><p><b>category</b>: <span title="Codes: {http://terminology.hl7.org/CodeSystem/adjudication submitted}">The total submitted amount for the claim or group or line item.</span></p><h3>Amounts</h3><table class="grid"><tr><td>-</td></tr><tr><td>*</td></tr></table></blockquote><blockquote><p><b>adjudication</b></p><p><b>category</b>: <span title="Codes: {http://terminology.hl7.org/CodeSystem/adjudication copay}">Patient Co-Payment</span></p><h3>Amounts</h3><table class="grid"><tr><td>-</td></tr><tr><td>*</td></tr></table></blockquote><blockquote><p><b>adjudication</b></p><p><b>category</b>: <span title="Codes: {http://terminology.hl7.org/CodeSystem/adjudication eligible}">Amount of the change which is considered for adjudication.</span></p><h3>Amounts</h3><table class="grid"><tr><td>-</td></tr><tr><td>*</td></tr></table></blockquote><blockquote><p><b>adjudication</b></p><p><b>category</b>: <span title="Codes: {http://terminology.hl7.org/CodeSystem/adjudication deductible}">Amount deducted from the eligible amount prior to adjudication.</span></p><h3>Amounts</h3><table class="grid"><tr><td>-</td></tr><tr><td>*</td></tr></table></blockquote><blockquote><p><b>adjudication</b></p><p><b>category</b>: <span title="Codes: {http://terminology.hl7.org/CodeSystem/adjudication benefit}">Amount payable under the coverage</span></p><h3>Amounts</h3><table class="grid"><tr><td>-</td></tr><tr><td>*</td></tr></table></blockquote><blockquote><p><b>adjudication</b></p><p><b>category</b>: <span title="Codes: {http://hl7.org/fhir/us/carin-bb/CodeSystem/C4BBAdjudication noncovered}">The portion of the cost of this service that was deemed not eligible by the insurer because the service or member was not covered by the subscriber contract.</span></p><h3>Amounts</h3><table class="grid"><tr><td>-</td></tr><tr><td>*</td></tr></table></blockquote><blockquote><p><b>adjudication</b></p><p><b>category</b>: <span title="Codes: {http://hl7.org/fhir/us/carin-bb/CodeSystem/C4BBPayerAdjudicationStatus outofnetwork}">Out Of Network</span></p></blockquote></blockquote><blockquote><p><b>total</b></p><p><b>category</b>: <span title="Codes: {http://terminology.hl7.org/CodeSystem/adjudication submitted}">The total submitted amount for the claim or group or line item.</span></p><h3>Amounts</h3><table class="grid"><tr><td>-</td></tr><tr><td>*</td></tr></table></blockquote><blockquote><p><b>total</b></p><p><b>category</b>: <span title="Codes: {http://terminology.hl7.org/CodeSystem/adjudication eligible}">Amount of the change which is considered for adjudication.</span></p><h3>Amounts</h3><table class="grid"><tr><td>-</td></tr><tr><td>*</td></tr></table></blockquote><blockquote><p><b>total</b></p><p><b>category</b>: <span title="Codes: {http://terminology.hl7.org/CodeSystem/adjudication deductible}">Amount deducted from the eligible amount prior to adjudication.</span></p><h3>Amounts</h3><table class="grid"><tr><td>-</td></tr><tr><td>*</td></tr></table></blockquote><blockquote><p><b>total</b></p><p><b>category</b>: <span title="Codes: {http://terminology.hl7.org/CodeSystem/adjudication copay}">Patient Co-Payment</span></p><h3>Amounts</h3><table class="grid"><tr><td>-</td></tr><tr><td>*</td></tr></table></blockquote><blockquote><p><b>total</b></p><p><b>category</b>: <span title="Codes: {http://hl7.org/fhir/us/carin-bb/CodeSystem/C4BBAdjudication noncovered}">The portion of the cost of this service that was deemed not eligible by the insurer because the service or member was not covered by the subscriber contract.</span></p><h3>Amounts</h3><table class="grid"><tr><td>-</td></tr><tr><td>*</td></tr></table></blockquote><blockquote><p><b>total</b></p><p><b>category</b>: <span title="Codes: {http://terminology.hl7.org/CodeSystem/adjudication benefit}">Amount payable under the coverage</span></p><h3>Amounts</h3><table class="grid"><tr><td>-</td></tr><tr><td>*</td></tr></table></blockquote><blockquote><p><b>total</b></p><p><b>category</b>: <span title="Codes: {http://hl7.org/fhir/us/carin-bb/CodeSystem/C4BBAdjudication memberliability}">The amount of the member's liability.</span></p><h3>Amounts</h3><table class="grid"><tr><td>-</td></tr><tr><td>*</td></tr></table></blockquote></div>
  </text>
  <identifier>
    <type>
      <coding>
        <system value="http://hl7.org/fhir/us/carin-bb/CodeSystem/C4BBIdentifierType"/>
        <code value="uc"/>
      </coding>
      <text value="Claim Number"/>
    </type>
    <system value="https://www.upmchealthplan.com/fhir/EOBIdentifier"/>
    <value value="01234567801-GNXYZ1230000010000010001"/>
  </identifier>
  <status value="active"/>
  <type>
    <coding>
      <system value="http://terminology.hl7.org/CodeSystem/claim-type"/>
      <code value="professional"/>
    </coding>
    <text value="Professional"/>
  </type>
  <use value="claim"/>
  <patient>
    <reference value="Patient/Patient1UPMC"/>
  </patient>
  <billablePeriod>
    <start value="2020-04-04T00:00:00-04:00"/>
    <end value="2020-04-04T00:00:00-04:00"/>
  </billablePeriod>
  <created value="2020-04-29T00:00:00-04:00"/>
  <insurer>
    <reference value="Organization/Organization1UPMC"/>
    <display value="UPMC Health Plan"/>
  </insurer>
  <provider>
    <reference value="Organization/Organization2UPMC"/>
  </provider>
  <payee>
    <type>
      <coding>
        <system value="http://terminology.hl7.org/CodeSystem/payeetype"/>
        <code value="provider"/>
      </coding>
      <text value="Provider"/>
    </type>
    <party>
      <reference value="Organization/Organization2UPMC"/>
    </party>
  </payee>
  <outcome value="complete"/>
  <supportingInfo>
    <sequence value="1"/>
    <category>
      <coding>
        <system value="http://hl7.org/fhir/us/carin-bb/CodeSystem/C4BBSupportingInfoType"/>
        <code value="billingnetworkcontractingstatus"/>
      </coding>
    </category>
    <code>
      <coding>
        <system value="http://hl7.org/fhir/us/carin-bb/CodeSystem/C4BBPayerAdjudicationStatus"/>
        <code value="contracted"/>
        <display value="Contracted"/>
      </coding>
      <text value="Indicates the provider was contracted for the service"/>
    </code>
  </supportingInfo>
  <diagnosis>
    <sequence value="1"/>
    <diagnosisCodeableConcept>
      <coding>
        <system value="http://hl7.org/fhir/sid/icd-10-cm"/>
        <code value="X11.111"/>
      </coding>
      <text value="Description for X11.111"/>
    </diagnosisCodeableConcept>
    <type>
      <coding>
        <system value="http://terminology.hl7.org/CodeSystem/ex-diagnosistype"/>
        <code value="principal"/>
      </coding>
      <text value="principal"/>
    </type>
  </diagnosis>
  <procedure>
    <sequence value="1"/>
    <type>
      <coding>
        <system value="http://terminology.hl7.org/CodeSystem/ex-procedure-type"/>
        <code value="primary"/>
      </coding>
      <text value="Primary procedure"/>
    </type>
    <date value="2020-04-04T00:00:00-04:00"/>
    <procedureCodeableConcept>
      <coding>
        <system value="http://www.cms.gov/Medicare/Coding/ICD10"/>
        <code value="11111"/>
      </coding>
      <text value="Description for 11111"/>
    </procedureCodeableConcept>
  </procedure>
  <insurance>
    <focal value="true"/>
    <coverage>
      <reference value="Coverage/Coverage2UPMC"/>
    </coverage>
  </insurance>
  <item>
    <sequence value="1"/>
    <productOrService>
      <coding>
        <system value="http://www.ama-assn.org/go/cpt"/>
        <code value="11111"/>
      </coding>
    </productOrService>
    <servicedPeriod>
      <start value="2020-04-04T00:00:00-04:00"/>
      <end value="2020-04-04T00:00:00-04:00"/>
    </servicedPeriod>
    <locationCodeableConcept>
      <coding>
        <system value="https://www.cms.gov/Medicare/Coding/place-of-service-codes/Place_of_Service_Code_Set"/>
        <code value="02"/>
      </coding>
      <text value="Telehealth"/>
    </locationCodeableConcept>
    <adjudication>
      <category>
        <coding>
          <system value="http://hl7.org/fhir/us/carin-bb/CodeSystem/C4BBAdjudication"/>
          <code value="memberliability"/>
          <display value="Member liability"/>
        </coding>
        <text value="The amount of the member&#39;s liability."/>
      </category>
      <amount>
        <value value="0"/>
        <currency value="USD"/>
      </amount>
    </adjudication>
    <adjudication>
      <category>
        <coding>
          <system value="http://terminology.hl7.org/CodeSystem/adjudication"/>
          <code value="submitted"/>
          <display value="Submitted Amount"/>
        </coding>
        <text value="The total submitted amount for the claim or group or line item."/>
      </category>
      <amount>
        <value value="59"/>
        <currency value="USD"/>
      </amount>
    </adjudication>
    <adjudication>
      <category>
        <coding>
          <system value="http://terminology.hl7.org/CodeSystem/adjudication"/>
          <code value="copay"/>
          <display value="CoPay"/>
        </coding>
        <text value="Patient Co-Payment"/>
      </category>
      <amount>
        <value value="0"/>
        <currency value="USD"/>
      </amount>
    </adjudication>
    <adjudication>
      <category>
        <coding>
          <system value="http://terminology.hl7.org/CodeSystem/adjudication"/>
          <code value="eligible"/>
          <display value="Eligible Amount"/>
        </coding>
        <text value="Amount of the change which is considered for adjudication."/>
      </category>
      <amount>
        <value value="59"/>
        <currency value="USD"/>
      </amount>
    </adjudication>
    <adjudication>
      <category>
        <coding>
          <system value="http://terminology.hl7.org/CodeSystem/adjudication"/>
          <code value="deductible"/>
          <display value="Deductible"/>
        </coding>
        <text value="Amount deducted from the eligible amount prior to adjudication."/>
      </category>
      <amount>
        <value value="0"/>
        <currency value="USD"/>
      </amount>
    </adjudication>
    <adjudication>
      <category>
        <coding>
          <system value="http://terminology.hl7.org/CodeSystem/adjudication"/>
          <code value="benefit"/>
          <display value="Benefit Amount"/>
        </coding>
        <text value="Amount payable under the coverage"/>
      </category>
      <amount>
        <value value="59"/>
        <currency value="USD"/>
      </amount>
    </adjudication>
    <adjudication>
      <category>
        <coding>
          <system value="http://hl7.org/fhir/us/carin-bb/CodeSystem/C4BBAdjudication"/>
          <code value="noncovered"/>
          <display value="Noncovered"/>
        </coding>
        <text value="The portion of the cost of this service that was deemed not eligible by the insurer because the service or member was not covered by the subscriber contract."/>
      </category>
      <amount>
        <value value="0"/>
        <currency value="USD"/>
      </amount>
    </adjudication>
    <adjudication>
      <category>
        <coding>
          <system value="http://hl7.org/fhir/us/carin-bb/CodeSystem/C4BBPayerAdjudicationStatus"/>
          <code value="outofnetwork"/>
        </coding>
      </category>
    </adjudication>
  </item>
  <total>
    <category>
      <coding>
        <system value="http://terminology.hl7.org/CodeSystem/adjudication"/>
        <code value="submitted"/>
        <display value="Submitted Amount"/>
      </coding>
      <text value="The total submitted amount for the claim or group or line item."/>
    </category>
    <amount>
      <value value="59"/>
      <currency value="USD"/>
    </amount>
  </total>
  <total>
    <category>
      <coding>
        <system value="http://terminology.hl7.org/CodeSystem/adjudication"/>
        <code value="eligible"/>
        <display value="Eligible Amount"/>
      </coding>
      <text value="Amount of the change which is considered for adjudication."/>
    </category>
    <amount>
      <value value="59"/>
      <currency value="USD"/>
    </amount>
  </total>
  <total>
    <category>
      <coding>
        <system value="http://terminology.hl7.org/CodeSystem/adjudication"/>
        <code value="deductible"/>
        <display value="Deductible"/>
      </coding>
      <text value="Amount deducted from the eligible amount prior to adjudication."/>
    </category>
    <amount>
      <value value="0"/>
      <currency value="USD"/>
    </amount>
  </total>
  <total>
    <category>
      <coding>
        <system value="http://terminology.hl7.org/CodeSystem/adjudication"/>
        <code value="copay"/>
        <display value="CoPay"/>
      </coding>
      <text value="Patient Co-Payment"/>
    </category>
    <amount>
      <value value="0"/>
      <currency value="USD"/>
    </amount>
  </total>
  <total>
    <category>
      <coding>
        <system value="http://hl7.org/fhir/us/carin-bb/CodeSystem/C4BBAdjudication"/>
        <code value="noncovered"/>
        <display value="Noncovered"/>
      </coding>
      <text value="The portion of the cost of this service that was deemed not eligible by the insurer because the service or member was not covered by the subscriber contract."/>
    </category>
    <amount>
      <value value="0"/>
      <currency value="USD"/>
    </amount>
  </total>
  <total>
    <category>
      <coding>
        <system value="http://terminology.hl7.org/CodeSystem/adjudication"/>
        <code value="benefit"/>
        <display value="Benefit Amount"/>
      </coding>
      <text value="Amount payable under the coverage"/>
    </category>
    <amount>
      <value value="59"/>
      <currency value="USD"/>
    </amount>
  </total>
  <total>
    <category>
      <coding>
        <system value="http://hl7.org/fhir/us/carin-bb/CodeSystem/C4BBAdjudication"/>
        <code value="memberliability"/>
        <display value="Member liability"/>
      </coding>
      <text value="The amount of the member&#39;s liability."/>
    </category>
    <amount>
      <value value="0"/>
      <currency value="USD"/>
    </amount>
  </total>
</ExplanationOfBenefit>