<?xml version="1.0" encoding="UTF-8"?>

<ImplementationGuide xmlns="http://hl7.org/fhir">
  <id value="hl7.fhir.us.carin-bb"/>
  <text>
    <status value="extensions"/><div xmlns="http://www.w3.org/1999/xhtml"><h2>CARINConsumerDirectedPayerDataExchange</h2><p>The official URL for this implementation guide is: </p><pre>http://hl7.org/fhir/us/carin-bb/ImplementationGuide/hl7.fhir.us.carin-bb</pre><div><p>CARIN Consumer Directed Payer Data Exchange</p>
</div></div>
  </text>
  <url value="http://hl7.org/fhir/us/carin-bb/ImplementationGuide/hl7.fhir.us.carin-bb"/>
  <version value="0.1.3"/>
  <name value="CARINConsumerDirectedPayerDataExchange"/>
  <title value="CARIN Consumer Directed Payer Data Exchange"/>
  <status value="active"/>
  <date value="2020-09-06T13:19:34+00:00"/>
  <publisher value="HL7 Financial Management Working Group"/>
  <contact>
    <name value="HL7 Financial Management Working Group"/>
    <telecom>
      <system value="url"/>
      <value value="http://www.hl7.org/Special/committees/fm/index.cfm"/>
    </telecom>
    <telecom>
      <system value="email"/>
      <value value="fm@lists.HL7.org"/>
    </telecom>
  </contact>
  <description value="CARIN Consumer Directed Payer Data Exchange"/>
  <jurisdiction>
    <coding>
      <system value="urn:iso:std:iso:3166"/>
      <code value="US"/>
    </coding>
  </jurisdiction>
  <packageId value="hl7.fhir.us.carin-bb"/>
  <license value="CC0-1.0"/>
  <fhirVersion value="4.0.1"/>
  <dependsOn id="hl7_fhir_us_core">
    <uri value="http://hl7.org/fhir/us/core/ImplementationGuide/hl7.fhir.us.core"/>
    <packageId value="hl7.fhir.us.core"/>
    <version value="3.1.0"/>
  </dependsOn>
  <definition>
    <extension url="http://hl7.org/fhir/tools/StructureDefinition/ig-parameter">
      <extension url="code">
        <valueString value="copyrightyear"/>
      </extension>
      <extension url="value">
        <valueString value="2020+"/>
      </extension>
    </extension>
    <extension url="http://hl7.org/fhir/tools/StructureDefinition/ig-parameter">
      <extension url="code">
        <valueString value="releaselabel"/>
      </extension>
      <extension url="value">
        <valueString value="STU1"/>
      </extension>
    </extension>
    <extension url="http://hl7.org/fhir/tools/StructureDefinition/ig-parameter">
      <extension url="code">
        <valueString value="show-inherited-invariants"/>
      </extension>
      <extension url="value">
        <valueString value="false"/>
      </extension>
    </extension>
    <extension url="http://hl7.org/fhir/tools/StructureDefinition/ig-parameter">
      <extension url="code">
        <valueString value="apply-jurisdiction"/>
      </extension>
      <extension url="value">
        <valueString value="true"/>
      </extension>
    </extension>
    <extension url="http://hl7.org/fhir/tools/StructureDefinition/ig-parameter">
      <extension url="code">
        <valueString value="apply-publisher"/>
      </extension>
      <extension url="value">
        <valueString value="true"/>
      </extension>
    </extension>
    <extension url="http://hl7.org/fhir/tools/StructureDefinition/ig-parameter">
      <extension url="code">
        <valueString value="path-history"/>
      </extension>
      <extension url="value">
        <valueString value="http://hl7.org/fhir/us/carin-bb/history.html"/>
      </extension>
    </extension>
    <extension url="http://hl7.org/fhir/tools/StructureDefinition/ig-parameter">
      <extension url="code">
        <valueString value="autoload-resources"/>
      </extension>
      <extension url="value">
        <valueString value="true"/>
      </extension>
    </extension>
    <extension url="http://hl7.org/fhir/tools/StructureDefinition/ig-parameter">
      <extension url="code">
        <valueString value="path-liquid"/>
      </extension>
      <extension url="value">
        <valueString value="template/liquid"/>
      </extension>
    </extension>
    <extension url="http://hl7.org/fhir/tools/StructureDefinition/ig-parameter">
      <extension url="code">
        <valueString value="path-liquid"/>
      </extension>
      <extension url="value">
        <valueString value="input/liquid"/>
      </extension>
    </extension>
    <extension url="http://hl7.org/fhir/tools/StructureDefinition/ig-parameter">
      <extension url="code">
        <valueString value="path-qa"/>
      </extension>
      <extension url="value">
        <valueString value="temp/qa"/>
      </extension>
    </extension>
    <extension url="http://hl7.org/fhir/tools/StructureDefinition/ig-parameter">
      <extension url="code">
        <valueString value="path-temp"/>
      </extension>
      <extension url="value">
        <valueString value="temp/pages"/>
      </extension>
    </extension>
    <extension url="http://hl7.org/fhir/tools/StructureDefinition/ig-parameter">
      <extension url="code">
        <valueString value="path-output"/>
      </extension>
      <extension url="value">
        <valueString value="output"/>
      </extension>
    </extension>
    <extension url="http://hl7.org/fhir/tools/StructureDefinition/ig-parameter">
      <extension url="code">
        <valueString value="path-suppressed-warnings"/>
      </extension>
      <extension url="value">
        <valueString value="input/ignoreWarnings.txt"/>
      </extension>
    </extension>
    <extension url="http://hl7.org/fhir/tools/StructureDefinition/ig-parameter">
      <extension url="code">
        <valueString value="template-html"/>
      </extension>
      <extension url="value">
        <valueString value="template-page.html"/>
      </extension>
    </extension>
    <extension url="http://hl7.org/fhir/tools/StructureDefinition/ig-parameter">
      <extension url="code">
        <valueString value="template-md"/>
      </extension>
      <extension url="value">
        <valueString value="template-page-md.html"/>
      </extension>
    </extension>
    <extension url="http://hl7.org/fhir/tools/StructureDefinition/ig-parameter">
      <extension url="code">
        <valueString value="apply-contact"/>
      </extension>
      <extension url="value">
        <valueString value="true"/>
      </extension>
    </extension>
    <extension url="http://hl7.org/fhir/tools/StructureDefinition/ig-parameter">
      <extension url="code">
        <valueString value="apply-context"/>
      </extension>
      <extension url="value">
        <valueString value="true"/>
      </extension>
    </extension>
    <extension url="http://hl7.org/fhir/tools/StructureDefinition/ig-parameter">
      <extension url="code">
        <valueString value="apply-copyright"/>
      </extension>
      <extension url="value">
        <valueString value="true"/>
      </extension>
    </extension>
    <extension url="http://hl7.org/fhir/tools/StructureDefinition/ig-parameter">
      <extension url="code">
        <valueString value="apply-license"/>
      </extension>
      <extension url="value">
        <valueString value="true"/>
      </extension>
    </extension>
    <extension url="http://hl7.org/fhir/tools/StructureDefinition/ig-parameter">
      <extension url="code">
        <valueString value="apply-version"/>
      </extension>
      <extension url="value">
        <valueString value="true"/>
      </extension>
    </extension>
    <extension url="http://hl7.org/fhir/tools/StructureDefinition/ig-parameter">
      <extension url="code">
        <valueString value="active-tables"/>
      </extension>
      <extension url="value">
        <valueString value="true"/>
      </extension>
    </extension>
    <resource>
      <extension url="http://hl7.org/fhir/tools/StructureDefinition/resource-information">
        <valueString value="StructureDefinition:resource"/>
      </extension>
      <extension url="http://hl7.org/fhir/StructureDefinition/implementationguide-page">
        <valueUri value="StructureDefinition-C4BB-Coverage.html"/>
      </extension>
      <reference>
        <reference value="StructureDefinition/C4BB-Coverage"/>
      </reference>
      <name value="C4BB Coverage"/>
      <description value="Data that reflect a payer&#39;s coverage that was effective as of the date of service  or the date of admission of the claim will be added to the Coverage Profile overview."/>
      <exampleBoolean value="false"/>
    </resource>
    <resource>
      <extension url="http://hl7.org/fhir/tools/StructureDefinition/resource-information">
        <valueString value="StructureDefinition:resource:abstract"/>
      </extension>
      <extension url="http://hl7.org/fhir/StructureDefinition/implementationguide-page">
        <valueUri value="StructureDefinition-C4BB-ExplanationOfBenefit.html"/>
      </extension>
      <reference>
        <reference value="StructureDefinition/C4BB-ExplanationOfBenefit"/>
      </reference>
      <name value="C4BB Explanation Of Benefit"/>
      <description value="Abstract parent profile that includes constraints that are common to the four specific ExplanationOfBenefit (EOB) profiles defined in this Implementation Guide.&#xA;All EOB instances should be from one of the four non-abstract EOB profiles defined in this Implementation Guide:  Inpatient, Outpatient, Pharmacy, and Professional/NonClinician"/>
      <exampleBoolean value="false"/>
    </resource>
    <resource>
      <extension url="http://hl7.org/fhir/tools/StructureDefinition/resource-information">
        <valueString value="StructureDefinition:resource"/>
      </extension>
      <extension url="http://hl7.org/fhir/StructureDefinition/implementationguide-page">
        <valueUri value="StructureDefinition-C4BB-ExplanationOfBenefit-Inpatient-Institutional.html"/>
      </extension>
      <reference>
        <reference value="StructureDefinition/C4BB-ExplanationOfBenefit-Inpatient-Institutional"/>
      </reference>
      <name value="C4BB ExplanationOfBenefit Inpatient Institutional"/>
      <description value="The profile is used for Explanation of Benefits (EOBs) based on claims submitted by clinics, hospitals, skilled nursing facilities and other institutions for inpatient services, which may include the use of equipment and supplies, laboratory services, radiology services and other charges. Inpatient claims are submitted for services rendered at an institution as part of an overnight stay. &#xA;The claims data is based on the institutional claim format UB-04, submission standards adopted by the Department of Health and Human Services as form CMS-1450."/>
      <exampleBoolean value="false"/>
    </resource>
    <resource>
      <extension url="http://hl7.org/fhir/tools/StructureDefinition/resource-information">
        <valueString value="StructureDefinition:resource"/>
      </extension>
      <extension url="http://hl7.org/fhir/StructureDefinition/implementationguide-page">
        <valueUri value="StructureDefinition-C4BB-ExplanationOfBenefit-Outpatient-Institutional.html"/>
      </extension>
      <reference>
        <reference value="StructureDefinition/C4BB-ExplanationOfBenefit-Outpatient-Institutional"/>
      </reference>
      <name value="C4BB ExplanationOfBenefit Outpatient Institutional"/>
      <description value="This profile is used for Explanation of Benefits (EOBs) based on claims submitted by clinics, hospitals, skilled nursing facilities and other institutions for outpatient services, which may include including the use of equipment and supplies, laboratory services, radiology services and other charges. Outpatient claims are submitted for services rendered at a Institutional that are not part of an overnight stay. &#xA;The claims data is based on the institutional claim form UB-04, submission standards adopted by the Department of Health and Human Services as form CMS-1450."/>
      <exampleBoolean value="false"/>
    </resource>
    <resource>
      <extension url="http://hl7.org/fhir/tools/StructureDefinition/resource-information">
        <valueString value="StructureDefinition:resource"/>
      </extension>
      <extension url="http://hl7.org/fhir/StructureDefinition/implementationguide-page">
        <valueUri value="StructureDefinition-C4BB-ExplanationOfBenefit-Pharmacy.html"/>
      </extension>
      <reference>
        <reference value="StructureDefinition/C4BB-ExplanationOfBenefit-Pharmacy"/>
      </reference>
      <name value="C4BB ExplanationOfBenefit Pharmacy"/>
      <description value="This profile is used for Explanation of Benefits (EOBs) based on claims submitted by retail pharmacies. &#xA;The claims data is based on submission standards adopted by the Department of Health and Human Services defined by NCPDP (National Council for Prescription Drug Program)"/>
      <exampleBoolean value="false"/>
    </resource>
    <resource>
      <extension url="http://hl7.org/fhir/tools/StructureDefinition/resource-information">
        <valueString value="StructureDefinition:resource"/>
      </extension>
      <extension url="http://hl7.org/fhir/StructureDefinition/implementationguide-page">
        <valueUri value="StructureDefinition-C4BB-ExplanationOfBenefit-Professional-NonClinician.html"/>
      </extension>
      <reference>
        <reference value="StructureDefinition/C4BB-ExplanationOfBenefit-Professional-NonClinician"/>
      </reference>
      <name value="C4BB ExplanationOfBenefit Professional NonClinician"/>
      <description value="This profile is used for Explanation of Benefits (EOBs) based on claims submitted by physicians, suppliers and other non-institutional providers for professional services. These services may be rendered in inpatient or outpatient, including office locations. &#xA;The claims data is based on the professional claim form 1500, submission standards adopted by the Department of Health and Human Services as form CMS-1500."/>
      <exampleBoolean value="false"/>
    </resource>
    <resource>
      <extension url="http://hl7.org/fhir/tools/StructureDefinition/resource-information">
        <valueString value="StructureDefinition:resource"/>
      </extension>
      <extension url="http://hl7.org/fhir/StructureDefinition/implementationguide-page">
        <valueUri value="StructureDefinition-C4BB-Organization.html"/>
      </extension>
      <reference>
        <reference value="StructureDefinition/C4BB-Organization"/>
      </reference>
      <name value="C4BB Organization"/>
      <description value="This profile builds upon the US Core Organization profile. It is used to convey a payer or provider organization may be updated to include service facility pending resolution of FHIR-26705.&#xA;."/>
      <exampleBoolean value="false"/>
    </resource>
    <resource>
      <extension url="http://hl7.org/fhir/tools/StructureDefinition/resource-information">
        <valueString value="StructureDefinition:resource"/>
      </extension>
      <extension url="http://hl7.org/fhir/StructureDefinition/implementationguide-page">
        <valueUri value="StructureDefinition-C4BB-Patient.html"/>
      </extension>
      <reference>
        <reference value="StructureDefinition/C4BB-Patient"/>
      </reference>
      <name value="C4BB Patient"/>
      <description value="This profile builds upon the US Core Organization profile. It is used to convey patient information about the patient who received the services described on the claim."/>
      <exampleBoolean value="false"/>
    </resource>
    <resource>
      <extension url="http://hl7.org/fhir/tools/StructureDefinition/resource-information">
        <valueString value="StructureDefinition:resource"/>
      </extension>
      <extension url="http://hl7.org/fhir/StructureDefinition/implementationguide-page">
        <valueUri value="StructureDefinition-C4BB-Practitioner.html"/>
      </extension>
      <reference>
        <reference value="StructureDefinition/C4BB-Practitioner"/>
      </reference>
      <name value="C4BB Practitioner"/>
      <description value="This profile builds upon the US Core Organization profile. It is used to convey patient information about the patient who received the services described on the claim."/>
      <exampleBoolean value="false"/>
    </resource>
    <resource>
      <extension url="http://hl7.org/fhir/tools/StructureDefinition/resource-information">
        <valueString value="ValueSet"/>
      </extension>
      <extension url="http://hl7.org/fhir/StructureDefinition/implementationguide-page">
        <valueUri value="ValueSet-AHANUBCPatientDischargeStatus.html"/>
      </extension>
      <reference>
        <reference value="ValueSet/AHANUBCPatientDischargeStatus"/>
      </reference>
      <name value="AHA NUBC Patient Discharge Status"/>
      <description value="UB-04 Patient Discharge Status (FL-17)"/>
      <exampleBoolean value="false"/>
    </resource>
    <resource>
      <extension url="http://hl7.org/fhir/tools/StructureDefinition/resource-information">
        <valueString value="ValueSet"/>
      </extension>
      <extension url="http://hl7.org/fhir/StructureDefinition/implementationguide-page">
        <valueUri value="ValueSet-AHANUBCPointOfOriginForAdmissionOrVisit.html"/>
      </extension>
      <reference>
        <reference value="ValueSet/AHANUBCPointOfOriginForAdmissionOrVisit"/>
      </reference>
      <name value="AHA NUBC Point of Origin for Admission or Visit."/>
      <description value="UB-04 Point of Origin for Admission or Visit (FL-15)"/>
      <exampleBoolean value="false"/>
    </resource>
    <resource>
      <extension url="http://hl7.org/fhir/tools/StructureDefinition/resource-information">
        <valueString value="ValueSet"/>
      </extension>
      <extension url="http://hl7.org/fhir/StructureDefinition/implementationguide-page">
        <valueUri value="ValueSet-AHANUBCPresentOnAdmission.html"/>
      </extension>
      <reference>
        <reference value="ValueSet/AHANUBCPresentOnAdmission"/>
      </reference>
      <name value="AHA NUBC Present On Admission"/>
      <description value="UB-04 Present on Admission (FL-67)"/>
      <exampleBoolean value="false"/>
    </resource>
    <resource>
      <extension url="http://hl7.org/fhir/tools/StructureDefinition/resource-information">
        <valueString value="ValueSet"/>
      </extension>
      <extension url="http://hl7.org/fhir/StructureDefinition/implementationguide-page">
        <valueUri value="ValueSet-AHANUBCPriorityTypeOfAdmissionOrVisit.html"/>
      </extension>
      <reference>
        <reference value="ValueSet/AHANUBCPriorityTypeOfAdmissionOrVisit"/>
      </reference>
      <name value="AHA NUBC Priority Type Of Admission Or Visit"/>
      <description value="AHA NUBC Priority Type Of Admission Or Visit"/>
      <exampleBoolean value="false"/>
    </resource>
    <resource>
      <extension url="http://hl7.org/fhir/tools/StructureDefinition/resource-information">
        <valueString value="ValueSet"/>
      </extension>
      <extension url="http://hl7.org/fhir/StructureDefinition/implementationguide-page">
        <valueUri value="ValueSet-AHANUBCRevenueCodes.html"/>
      </extension>
      <reference>
        <reference value="ValueSet/AHANUBCRevenueCodes"/>
      </reference>
      <name value="AHA NUBC Revenue Codes"/>
      <description value="NUBC Revenue codes are used to convey specific accomodation, ancillary service or unique billing calculations or arrangements. They are listed within the UB-04 Data Specifications Manual and maintained by the National Uniform Billing Committee (NUBC) UB-04 Revenue Code (FL-42)"/>
      <exampleBoolean value="false"/>
    </resource>
    <resource>
      <extension url="http://hl7.org/fhir/tools/StructureDefinition/resource-information">
        <valueString value="ValueSet"/>
      </extension>
      <extension url="http://hl7.org/fhir/StructureDefinition/implementationguide-page">
        <valueUri value="ValueSet-AHANUBCTypeOfBill.html"/>
      </extension>
      <reference>
        <reference value="ValueSet/AHANUBCTypeOfBill"/>
      </reference>
      <name value="AHA NUBC Type of Bill"/>
      <description value="UB-04 Type of Bill (FL-4)"/>
      <exampleBoolean value="false"/>
    </resource>
    <resource>
      <extension url="http://hl7.org/fhir/tools/StructureDefinition/resource-information">
        <valueString value="ValueSet"/>
      </extension>
      <extension url="http://hl7.org/fhir/StructureDefinition/implementationguide-page">
        <valueUri value="ValueSet-AMACPTCMSHCPCSModifiers.html"/>
      </extension>
      <reference>
        <reference value="ValueSet/AMACPTCMSHCPCSModifiers"/>
      </reference>
      <name value="AMA CPT CMS HCPCS Modifiers"/>
      <description value="The Value Set is a combination of two Code Systems:  CPT (HCPCS I) and HCPCS II procedure code modifiers.  Modifiers help further describe a procedure code without changing its definition.  &#xA;CPT codes are available by subscription from the AMA at http://www.ama-assn.org/go/cpt.  HCPCS codes are available at http://www.cms.gov/Medicare/Coding/HCPCSReleaseCodeSets.  The link takes one to a list of files.  The target set for this Code System is the procedure code modifiers from this file.  &#xA;&#xA;**MODIFIER CODES ONLY**"/>
      <exampleBoolean value="false"/>
    </resource>
    <resource>
      <extension url="http://hl7.org/fhir/tools/StructureDefinition/resource-information">
        <valueString value="ValueSet"/>
      </extension>
      <extension url="http://hl7.org/fhir/StructureDefinition/implementationguide-page">
        <valueUri value="ValueSet-AMACPTCMSHCPCSProcedureCodes.html"/>
      </extension>
      <reference>
        <reference value="ValueSet/AMACPTCMSHCPCSProcedureCodes"/>
      </reference>
      <name value="AMA CPT CMS HCPCS Procedure Codes"/>
      <description value="The Value Set is a combination of two Code Systems:  CPT (HCPCS I) and HCPCS II procedure codes. They are submitted by providers to payers to convey the specific procedure performed.  AMA CPT CMS HCPCS Procedure Codes leverage US Core Procedure Codes composition.  &#xA;CPT codes are available by subscription from the AMA at http://www.ama-assn.org/go/cpt.  HCPCS codes are available at http://www.cms.gov/Medicare/Coding/HCPCSReleaseCodeSets.  The link takes one to a list of files.  The target set for this Code System is the procedure codes from this file.&#xA;&#xA;**PROCEDURE CODES ONLY**"/>
      <exampleBoolean value="false"/>
    </resource>
    <resource>
      <extension url="http://hl7.org/fhir/tools/StructureDefinition/resource-information">
        <valueString value="ValueSet"/>
      </extension>
      <extension url="http://hl7.org/fhir/StructureDefinition/implementationguide-page">
        <valueUri value="ValueSet-C4BBAdjudication.html"/>
      </extension>
      <reference>
        <reference value="ValueSet/C4BBAdjudication"/>
      </reference>
      <name value="C4BB Adjudication"/>
      <description value="Describes the various amount fields used when payers receive and adjudicate a claim.  It includes the values &#xA;defined in http://terminology.hl7.org/CodeSystem/adjudication, as well as those defined in the C4BB Adjudication CodeSystem."/>
      <exampleBoolean value="false"/>
    </resource>
    <resource>
      <extension url="http://hl7.org/fhir/tools/StructureDefinition/resource-information">
        <valueString value="ValueSet"/>
      </extension>
      <extension url="http://hl7.org/fhir/StructureDefinition/implementationguide-page">
        <valueUri value="ValueSet-C4BBClaimInpatientInstitutionalDiagnosisType.html"/>
      </extension>
      <reference>
        <reference value="ValueSet/C4BBClaimInpatientInstitutionalDiagnosisType"/>
      </reference>
      <name value="C4BB Claim Inpatient Institutional Diagnosis Type"/>
      <description value="Indicates if the inpatient institutional diagnosis is admitting, principal, secondary or an external cause of injury."/>
      <exampleBoolean value="false"/>
    </resource>
    <resource>
      <extension url="http://hl7.org/fhir/tools/StructureDefinition/resource-information">
        <valueString value="ValueSet"/>
      </extension>
      <extension url="http://hl7.org/fhir/StructureDefinition/implementationguide-page">
        <valueUri value="ValueSet-C4BBClaimInstitutionalCareTeamRole.html"/>
      </extension>
      <reference>
        <reference value="ValueSet/C4BBClaimInstitutionalCareTeamRole"/>
      </reference>
      <name value="C4BB Claim Institutional Care Team Role "/>
      <description value="Describes functional roles of the care team members."/>
      <exampleBoolean value="false"/>
    </resource>
    <resource>
      <extension url="http://hl7.org/fhir/tools/StructureDefinition/resource-information">
        <valueString value="ValueSet"/>
      </extension>
      <extension url="http://hl7.org/fhir/StructureDefinition/implementationguide-page">
        <valueUri value="ValueSet-C4BBClaimOutpatientInstitutionalDiagnosisType.html"/>
      </extension>
      <reference>
        <reference value="ValueSet/C4BBClaimOutpatientInstitutionalDiagnosisType"/>
      </reference>
      <name value="C4BB Claim Outpatient Institutional Diagnosis Type"/>
      <description value="Indicates if the outpatient institutional diagnosis is admitting, principal, secondary an external cause of injury or a patient reason for visit"/>
      <exampleBoolean value="false"/>
    </resource>
    <resource>
      <extension url="http://hl7.org/fhir/tools/StructureDefinition/resource-information">
        <valueString value="ValueSet"/>
      </extension>
      <extension url="http://hl7.org/fhir/StructureDefinition/implementationguide-page">
        <valueUri value="ValueSet-C4BBClaimPharmacyTeamRole.html"/>
      </extension>
      <reference>
        <reference value="ValueSet/C4BBClaimPharmacyTeamRole"/>
      </reference>
      <name value="C4BB Claim Pharmacy CareTeam Roles"/>
      <description value="Describes functional roles of the care team members"/>
      <exampleBoolean value="false"/>
    </resource>
    <resource>
      <extension url="http://hl7.org/fhir/tools/StructureDefinition/resource-information">
        <valueString value="ValueSet"/>
      </extension>
      <extension url="http://hl7.org/fhir/StructureDefinition/implementationguide-page">
        <valueUri value="ValueSet-C4BBClaimProfessionalAndNonClinicianCareTeamRole.html"/>
      </extension>
      <reference>
        <reference value="ValueSet/C4BBClaimProfessionalAndNonClinicianCareTeamRole"/>
      </reference>
      <name value="C4BB Claim Professional And Non Clinician Care Team Role "/>
      <description value="Describes functional roles of the care team members"/>
      <exampleBoolean value="false"/>
    </resource>
    <resource>
      <extension url="http://hl7.org/fhir/tools/StructureDefinition/resource-information">
        <valueString value="ValueSet"/>
      </extension>
      <extension url="http://hl7.org/fhir/StructureDefinition/implementationguide-page">
        <valueUri value="ValueSet-C4BBClaimProfessionalAndNonClinicianDiagnosisType.html"/>
      </extension>
      <reference>
        <reference value="ValueSet/C4BBClaimProfessionalAndNonClinicianDiagnosisType"/>
      </reference>
      <name value="C4BB Claim Professional And Non Clinician Diagnosis Type"/>
      <description value="Indicates if the professional and non-clinician diagnosis is principal or secondary"/>
      <exampleBoolean value="false"/>
    </resource>
    <resource>
      <extension url="http://hl7.org/fhir/tools/StructureDefinition/resource-information">
        <valueString value="ValueSet"/>
      </extension>
      <extension url="http://hl7.org/fhir/StructureDefinition/implementationguide-page">
        <valueUri value="ValueSet-C4BBPayerBenefitPaymentStatus.html"/>
      </extension>
      <reference>
        <reference value="ValueSet/C4BBPayerBenefitPaymentStatus"/>
      </reference>
      <name value="C4BB Payer Benefit Payment Status"/>
      <description value="Indicates the in network or out of network payment status of the claim."/>
      <exampleBoolean value="false"/>
    </resource>
    <resource>
      <extension url="http://hl7.org/fhir/tools/StructureDefinition/resource-information">
        <valueString value="ValueSet"/>
      </extension>
      <extension url="http://hl7.org/fhir/StructureDefinition/implementationguide-page">
        <valueUri value="ValueSet-C4BBPayerClaimPaymentStatusCode.html"/>
      </extension>
      <reference>
        <reference value="ValueSet/C4BBPayerClaimPaymentStatusCode"/>
      </reference>
      <name value="C4BB Payer Claim Payment Status Code"/>
      <description value="Indicates whether the claim / item was paid or denied."/>
      <exampleBoolean value="false"/>
    </resource>
    <resource>
      <extension url="http://hl7.org/fhir/tools/StructureDefinition/resource-information">
        <valueString value="ValueSet"/>
      </extension>
      <extension url="http://hl7.org/fhir/StructureDefinition/implementationguide-page">
        <valueUri value="ValueSet-C4BBPayerProviderContractingStatus.html"/>
      </extension>
      <reference>
        <reference value="ValueSet/C4BBPayerProviderContractingStatus"/>
      </reference>
      <name value="C4BB Payer Provider Contracting Status"/>
      <description value="Indicates that the Provider has a contract with the Payer as of the effective date of service or admission."/>
      <exampleBoolean value="false"/>
    </resource>
    <resource>
      <extension url="http://hl7.org/fhir/tools/StructureDefinition/resource-information">
        <valueString value="ValueSet"/>
      </extension>
      <extension url="http://hl7.org/fhir/StructureDefinition/implementationguide-page">
        <valueUri value="ValueSet-CMSDRG.html"/>
      </extension>
      <reference>
        <reference value="ValueSet/CMSDRG"/>
      </reference>
      <name value="CMS-DRG"/>
      <description value="Diagnosis Related Group - any of the payment categories that are used to classify patients and especially Medicare patients for the purpose of reimbursing hospitals for each case in a &#xA;given category with a fixed fee regardless of the actual costs incurred (Other DRGs, such as AP-DRGs, requires defining their specific Value Sets and Code Systems.) &#xA;https://www.cms.gov/Medicare/Medicare-Fee-for-Service-Payment/AcuteInpatientPPS/MS-DRG-Classifications-and-Software.html This link takes one to a list of files. The code set is owned by CMS and is available for use."/>
      <exampleBoolean value="false"/>
    </resource>
    <resource>
      <extension url="http://hl7.org/fhir/tools/StructureDefinition/resource-information">
        <valueString value="ValueSet"/>
      </extension>
      <extension url="http://hl7.org/fhir/StructureDefinition/implementationguide-page">
        <valueUri value="ValueSet-CMSPlaceofServiceCodes.html"/>
      </extension>
      <reference>
        <reference value="ValueSet/CMSPlaceofServiceCodes"/>
      </reference>
      <name value="CMS Place of Service Codes (POS)"/>
      <description value="Place of Service Codes are two-digit codes placed on health care professional claims to indicate the setting in which a service was provided."/>
      <exampleBoolean value="false"/>
    </resource>
    <resource>
      <extension url="http://hl7.org/fhir/tools/StructureDefinition/resource-information">
        <valueString value="ValueSet"/>
      </extension>
      <extension url="http://hl7.org/fhir/StructureDefinition/implementationguide-page">
        <valueUri value="ValueSet-ClaimInformationCategory.html"/>
      </extension>
      <reference>
        <reference value="ValueSet/ClaimInformationCategory"/>
      </reference>
      <name value="Claim Information Category"/>
      <description value="Claim Information Category - Used as the discriminator for supportingInfo"/>
      <exampleBoolean value="false"/>
    </resource>
    <resource>
      <extension url="http://hl7.org/fhir/tools/StructureDefinition/resource-information">
        <valueString value="ValueSet"/>
      </extension>
      <extension url="http://hl7.org/fhir/StructureDefinition/implementationguide-page">
        <valueUri value="ValueSet-FDANDC.html"/>
      </extension>
      <reference>
        <reference value="ValueSet/FDANDC"/>
      </reference>
      <name value="FDA National Drug Code (NDC)"/>
      <description value="National Drug Code (NDC).  The US Federal Drug Administration (FDA) Data Standards Council assigns the first 5 digits of the 11 digit code.  NCPDP field # 407-D7.  "/>
      <exampleBoolean value="false"/>
    </resource>
    <resource>
      <extension url="http://hl7.org/fhir/tools/StructureDefinition/resource-information">
        <valueString value="ValueSet"/>
      </extension>
      <extension url="http://hl7.org/fhir/StructureDefinition/implementationguide-page">
        <valueUri value="ValueSet-FDANDCOrCompound.html"/>
      </extension>
      <reference>
        <reference value="ValueSet/FDANDCOrCompound"/>
      </reference>
      <name value="FDA NDC or Compound"/>
      <description value="National Drug Code (NDC).  The US Federal Drug Administration (FDA) Data Standards Council assigns the first 5 digits of the 11 digit code.  NCPDP field # 407-D7.  &#xA;Values will be the NDC Codes when the Compound Code value is 0 or 1.  When the Compound Code value = 2, the value will be the literal, &#x2018;compound&#x2019;"/>
      <exampleBoolean value="false"/>
    </resource>
    <resource>
      <extension url="http://hl7.org/fhir/tools/StructureDefinition/resource-information">
        <valueString value="ValueSet"/>
      </extension>
      <extension url="http://hl7.org/fhir/StructureDefinition/implementationguide-page">
        <valueUri value="ValueSet-ICD10CM.html"/>
      </extension>
      <reference>
        <reference value="ValueSet/ICD10CM"/>
      </reference>
      <name value="ICD-10-CM Diagnosis Codes"/>
      <description value="ICD-10-CM Diagnosis Codes."/>
      <exampleBoolean value="false"/>
    </resource>
    <resource>
      <extension url="http://hl7.org/fhir/tools/StructureDefinition/resource-information">
        <valueString value="ValueSet"/>
      </extension>
      <extension url="http://hl7.org/fhir/StructureDefinition/implementationguide-page">
        <valueUri value="ValueSet-ICD10PCS.html"/>
      </extension>
      <reference>
        <reference value="ValueSet/ICD10PCS"/>
      </reference>
      <name value="ICD-10-PCS"/>
      <description value="ICD-10-PCS"/>
      <exampleBoolean value="false"/>
    </resource>
    <resource>
      <extension url="http://hl7.org/fhir/tools/StructureDefinition/resource-information">
        <valueString value="ValueSet"/>
      </extension>
      <extension url="http://hl7.org/fhir/StructureDefinition/implementationguide-page">
        <valueUri value="ValueSet-NCPDPBrandGenericCode.html"/>
      </extension>
      <reference>
        <reference value="ValueSet/NCPDPBrandGenericCode"/>
      </reference>
      <name value="NCPDP Brand Generic Code"/>
      <description value="Indicates whether the plan adjudicated the claim as a brand or generic drug. NCPDP field # 686."/>
      <exampleBoolean value="false"/>
    </resource>
    <resource>
      <extension url="http://hl7.org/fhir/tools/StructureDefinition/resource-information">
        <valueString value="ValueSet"/>
      </extension>
      <extension url="http://hl7.org/fhir/StructureDefinition/implementationguide-page">
        <valueUri value="ValueSet-NCPDPCompoundCode.html"/>
      </extension>
      <reference>
        <reference value="ValueSet/NCPDPCompoundCode"/>
      </reference>
      <name value="NCPDP Compound Code"/>
      <description value="Indicates whether or not the prescription is a compound NCPDP field # 406-D6."/>
      <exampleBoolean value="false"/>
    </resource>
    <resource>
      <extension url="http://hl7.org/fhir/tools/StructureDefinition/resource-information">
        <valueString value="ValueSet"/>
      </extension>
      <extension url="http://hl7.org/fhir/StructureDefinition/implementationguide-page">
        <valueUri value="ValueSet-NCPDPDispensedAsWrittenOrProductSelectionCode.html"/>
      </extension>
      <reference>
        <reference value="ValueSet/NCPDPDispensedAsWrittenOrProductSelectionCode"/>
      </reference>
      <name value="NCPDP Dispensed As Written Or Product Selection Code"/>
      <description value="Prescriber&#39;s instruction regarding substitution of generic equivalents or order to dispense the specific prescribed medication. NCPDP field # 408-D8."/>
      <exampleBoolean value="false"/>
    </resource>
    <resource>
      <extension url="http://hl7.org/fhir/tools/StructureDefinition/resource-information">
        <valueString value="ValueSet"/>
      </extension>
      <extension url="http://hl7.org/fhir/StructureDefinition/implementationguide-page">
        <valueUri value="ValueSet-NCPDPPrescriptionOriginCode.html"/>
      </extension>
      <reference>
        <reference value="ValueSet/NCPDPPrescriptionOriginCode"/>
      </reference>
      <name value="NCPDP Prescription Origin Code"/>
      <description value="Indicates whether the prescription was transmitted as an electronic prescription, by phone, by fax, or as a written paper copy. NCPDP field # 419-DJ."/>
      <exampleBoolean value="false"/>
    </resource>
    <resource>
      <extension url="http://hl7.org/fhir/tools/StructureDefinition/resource-information">
        <valueString value="ValueSet"/>
      </extension>
      <extension url="http://hl7.org/fhir/StructureDefinition/implementationguide-page">
        <valueUri value="ValueSet-NCPDPRejectCode.html"/>
      </extension>
      <reference>
        <reference value="ValueSet/NCPDPRejectCode"/>
      </reference>
      <name value="NCPDP Reject Code"/>
      <description value="The National Council for Prescription Drug Programs, (NCPDP) Reject Code (511-FB) code set contains exception definitions for use when transaction processing cannot be completed."/>
      <exampleBoolean value="false"/>
    </resource>
    <resource>
      <extension url="http://hl7.org/fhir/tools/StructureDefinition/resource-information">
        <valueString value="ValueSet"/>
      </extension>
      <extension url="http://hl7.org/fhir/StructureDefinition/implementationguide-page">
        <valueUri value="ValueSet-PatientIdentifierType.html"/>
      </extension>
      <reference>
        <reference value="ValueSet/PatientIdentifierType"/>
      </reference>
      <name value="Patient Identifier Type"/>
      <description value="Patient Identifier Type"/>
      <exampleBoolean value="false"/>
    </resource>
    <resource>
      <extension url="http://hl7.org/fhir/tools/StructureDefinition/resource-information">
        <valueString value="ValueSet"/>
      </extension>
      <extension url="http://hl7.org/fhir/StructureDefinition/implementationguide-page">
        <valueUri value="ValueSet-X12ClaimAdjustmentReasonCodesCMSRemittanceAdviceRemarkCodes.html"/>
      </extension>
      <reference>
        <reference value="ValueSet/X12ClaimAdjustmentReasonCodesCMSRemittanceAdviceRemarkCodes"/>
      </reference>
      <name value="X12 Claim Adjustment Reason Codes (CARC) - CMS- Remittance Advice Remark Codes (RARC)"/>
      <description value="The Value Set is a combination of two sets of codes:  X12 Claim Adjustment Reason Codes (CARC) and CMS Remittance Advice Remark Codes (RARC).  CARC codes describe why a claim or service line was paid differently than it was billed.  RARC codes provide additional explanation for an adjustment already described by a Claim Adjustment Reason Code (CARC) or convey information about remittance processing.  &#xA;Use of X12 CARC codes require a license.  Reference https://x12.org/codes/.  RARC codes are available at http://www.wpc-edi.com/reference/codelists/healthcare/remittance-advice-remark-codes."/>
      <exampleBoolean value="false"/>
    </resource>
    <resource>
      <extension url="http://hl7.org/fhir/tools/StructureDefinition/resource-information">
        <valueString value="CodeSystem"/>
      </extension>
      <extension url="http://hl7.org/fhir/StructureDefinition/implementationguide-page">
        <valueUri value="CodeSystem-AHANUBCPatientDischargeStatus.html"/>
      </extension>
      <reference>
        <reference value="CodeSystem/AHANUBCPatientDischargeStatus"/>
      </reference>
      <name value="AHA NUBC Discharge Status"/>
      <description value="UB-04 Patient Discharge Status (FL-17)"/>
      <exampleBoolean value="false"/>
    </resource>
    <resource>
      <extension url="http://hl7.org/fhir/tools/StructureDefinition/resource-information">
        <valueString value="CodeSystem"/>
      </extension>
      <extension url="http://hl7.org/fhir/StructureDefinition/implementationguide-page">
        <valueUri value="CodeSystem-AHANUBCPointOfOriginForAdmissionOrVisit.html"/>
      </extension>
      <reference>
        <reference value="CodeSystem/AHANUBCPointOfOriginForAdmissionOrVisit"/>
      </reference>
      <name value="AHA NUBC Point Of Origin For Admission Or Visit"/>
      <description value="UB-04 Point of Origin for Admission or Visit (FL-15)"/>
      <exampleBoolean value="false"/>
    </resource>
    <resource>
      <extension url="http://hl7.org/fhir/tools/StructureDefinition/resource-information">
        <valueString value="CodeSystem"/>
      </extension>
      <extension url="http://hl7.org/fhir/StructureDefinition/implementationguide-page">
        <valueUri value="CodeSystem-AHANUBCPresentOnAdmission.html"/>
      </extension>
      <reference>
        <reference value="CodeSystem/AHANUBCPresentOnAdmission"/>
      </reference>
      <name value="AHA NUBC PresentOn Admission"/>
      <description value="UB-04 Present on Admission (FL-67)."/>
      <exampleBoolean value="false"/>
    </resource>
    <resource>
      <extension url="http://hl7.org/fhir/tools/StructureDefinition/resource-information">
        <valueString value="CodeSystem"/>
      </extension>
      <extension url="http://hl7.org/fhir/StructureDefinition/implementationguide-page">
        <valueUri value="CodeSystem-AHANUBCPriorityTypeOfAdmissionOrVisit.html"/>
      </extension>
      <reference>
        <reference value="CodeSystem/AHANUBCPriorityTypeOfAdmissionOrVisit"/>
      </reference>
      <name value="AHA NUBC Priority Type Of Admission Or Visit"/>
      <description value="UB-04 Priority (Type) of Admission or Visit (FL-14)."/>
      <exampleBoolean value="false"/>
    </resource>
    <resource>
      <extension url="http://hl7.org/fhir/tools/StructureDefinition/resource-information">
        <valueString value="CodeSystem"/>
      </extension>
      <extension url="http://hl7.org/fhir/StructureDefinition/implementationguide-page">
        <valueUri value="CodeSystem-AHANUBCRevenueCodes.html"/>
      </extension>
      <reference>
        <reference value="CodeSystem/AHANUBCRevenueCodes"/>
      </reference>
      <name value="AHA NUBC Revenue Codes"/>
      <description value="NUBC Revenue codes are used to convey specific accomodation, ancillary service or unique billing calculations or arrangements. They are listed within the UB-04 Data Specifications Manual and maintained by the National Uniform Billing Committee (NUBC) UB-04 Revenue Code (FL-42)"/>
      <exampleBoolean value="false"/>
    </resource>
    <resource>
      <extension url="http://hl7.org/fhir/tools/StructureDefinition/resource-information">
        <valueString value="CodeSystem"/>
      </extension>
      <extension url="http://hl7.org/fhir/StructureDefinition/implementationguide-page">
        <valueUri value="CodeSystem-AHANUBCTypeOfBill.html"/>
      </extension>
      <reference>
        <reference value="CodeSystem/AHANUBCTypeOfBill"/>
      </reference>
      <name value="AHA NUBC Type of Bill"/>
      <description value="UB-04 Type of Bill (FL-4)"/>
      <exampleBoolean value="false"/>
    </resource>
    <resource>
      <extension url="http://hl7.org/fhir/tools/StructureDefinition/resource-information">
        <valueString value="CodeSystem"/>
      </extension>
      <extension url="http://hl7.org/fhir/StructureDefinition/implementationguide-page">
        <valueUri value="CodeSystem-AMACPTCodes.html"/>
      </extension>
      <reference>
        <reference value="CodeSystem/AMACPTCodes"/>
      </reference>
      <name value="AMA CPT Codes"/>
      <description value="CPT procedure and modifier codes are submitted to payers to convey the specific procedure performed.  CPT codes are available by subscription from the AMA at http://www.ama-assn.org/go/cpt."/>
      <exampleBoolean value="false"/>
    </resource>
    <resource>
      <extension url="http://hl7.org/fhir/tools/StructureDefinition/resource-information">
        <valueString value="CodeSystem"/>
      </extension>
      <extension url="http://hl7.org/fhir/StructureDefinition/implementationguide-page">
        <valueUri value="CodeSystem-C4BBAdjudication.html"/>
      </extension>
      <reference>
        <reference value="CodeSystem/C4BBAdjudication"/>
      </reference>
      <name value="C4BB Adjudication"/>
      <description value="Describes the various amount fields used when payers receive and adjudicate a claim.  It complements the values defined in http://terminology.hl7.org/CodeSystem/adjudication."/>
      <exampleBoolean value="false"/>
    </resource>
    <resource>
      <extension url="http://hl7.org/fhir/tools/StructureDefinition/resource-information">
        <valueString value="CodeSystem"/>
      </extension>
      <extension url="http://hl7.org/fhir/StructureDefinition/implementationguide-page">
        <valueUri value="CodeSystem-C4BBClaimCareTeamRole.html"/>
      </extension>
      <reference>
        <reference value="CodeSystem/C4BBClaimCareTeamRole"/>
      </reference>
      <name value="C4BB Claim Care Team Role"/>
      <description value="Describes functional roles of the care team members.  Complements http://terminology.hl7.org/CodeSystem/claimcareteamrole"/>
      <exampleBoolean value="false"/>
    </resource>
    <resource>
      <extension url="http://hl7.org/fhir/tools/StructureDefinition/resource-information">
        <valueString value="CodeSystem"/>
      </extension>
      <extension url="http://hl7.org/fhir/StructureDefinition/implementationguide-page">
        <valueUri value="CodeSystem-C4BBClaimDiagnosisType.html"/>
      </extension>
      <reference>
        <reference value="CodeSystem/C4BBClaimDiagnosisType"/>
      </reference>
      <name value="C4BB Claim Diagnosis Type"/>
      <description value="Indicates if the institutional diagnosis is admitting, principal, secondary an external cause of injury or a patient reason for visit.  Complements http://terminology.hl7.org/CodeSystem/ex-diagnosistype."/>
      <exampleBoolean value="false"/>
    </resource>
    <resource>
      <extension url="http://hl7.org/fhir/tools/StructureDefinition/resource-information">
        <valueString value="CodeSystem"/>
      </extension>
      <extension url="http://hl7.org/fhir/StructureDefinition/implementationguide-page">
        <valueUri value="CodeSystem-C4BBCompoundLiteral.html"/>
      </extension>
      <reference>
        <reference value="CodeSystem/C4BBCompoundLiteral"/>
      </reference>
      <name value="C4BB Compound Literal"/>
      <description value="CodeSystem for a Literal &#39;compound&#39; value"/>
      <exampleBoolean value="false"/>
    </resource>
    <resource>
      <extension url="http://hl7.org/fhir/tools/StructureDefinition/resource-information">
        <valueString value="CodeSystem"/>
      </extension>
      <extension url="http://hl7.org/fhir/StructureDefinition/implementationguide-page">
        <valueUri value="CodeSystem-C4BBPayerAdjudicationStatus.html"/>
      </extension>
      <reference>
        <reference value="CodeSystem/C4BBPayerAdjudicationStatus"/>
      </reference>
      <name value="C4BB Payer Adjudication Status"/>
      <description value="Describes the various status fields used when payers adjudicate a claim, such as whether the claim was adjudicated in or out of network, if the provider was contracted or non-contracted for the service"/>
      <exampleBoolean value="false"/>
    </resource>
    <resource>
      <extension url="http://hl7.org/fhir/tools/StructureDefinition/resource-information">
        <valueString value="CodeSystem"/>
      </extension>
      <extension url="http://hl7.org/fhir/StructureDefinition/implementationguide-page">
        <valueUri value="CodeSystem-CMSDRG.html"/>
      </extension>
      <reference>
        <reference value="CodeSystem/CMSDRG"/>
      </reference>
      <name value="CMS Diagnosis Related Group (DRG)"/>
      <description value="Diagnosis Related Group - any of the payment categories that are used to classify patients and especially Medicare patients for the purpose of reimbursing hospitals for each case in a given &#xA;category with a fixed fee regardless of the actual costs incurred (Other DRGs, such as AP-DRGs, requires defining their specific Value Sets and Code Systems.)"/>
      <exampleBoolean value="false"/>
    </resource>
    <resource>
      <extension url="http://hl7.org/fhir/tools/StructureDefinition/resource-information">
        <valueString value="CodeSystem"/>
      </extension>
      <extension url="http://hl7.org/fhir/StructureDefinition/implementationguide-page">
        <valueUri value="CodeSystem-CMSHCPCSCodes.html"/>
      </extension>
      <reference>
        <reference value="CodeSystem/CMSHCPCSCodes"/>
      </reference>
      <name value="CMS HCPCS Codes"/>
      <description value="HCPCS procedure codes and modifiers are submitted by providers to payers to convey the specific procedure performed.&#xA;HCPCS codes are available at http://www.cms.gov/Medicare/Coding/HCPCSReleaseCodeSets."/>
      <exampleBoolean value="false"/>
    </resource>
    <resource>
      <extension url="http://hl7.org/fhir/tools/StructureDefinition/resource-information">
        <valueString value="CodeSystem"/>
      </extension>
      <extension url="http://hl7.org/fhir/StructureDefinition/implementationguide-page">
        <valueUri value="CodeSystem-CMSPlaceofServiceCodes.html"/>
      </extension>
      <reference>
        <reference value="CodeSystem/CMSPlaceofServiceCodes"/>
      </reference>
      <name value="CMS Place of Service Codes (POS)"/>
      <description value="Place of Service Codes are two-digit codes placed on health care professional claims to indicate the setting in which a service was provided."/>
      <exampleBoolean value="false"/>
    </resource>
    <resource>
      <extension url="http://hl7.org/fhir/tools/StructureDefinition/resource-information">
        <valueString value="CodeSystem"/>
      </extension>
      <extension url="http://hl7.org/fhir/StructureDefinition/implementationguide-page">
        <valueUri value="CodeSystem-CMSRemittanceAdviceRemarkCodes.html"/>
      </extension>
      <reference>
        <reference value="CodeSystem/CMSRemittanceAdviceRemarkCodes"/>
      </reference>
      <name value="CMS- Remittance Advice Remark Codes (RARC)"/>
      <description value="RARC codes provide additional explanation for an adjustment already described by a Claim Adjustment Reason Code (CARC) or convey information about remittance processing.  &#xA;RARC codes are available at http://www.wpc-edi.com/reference/codelists/healthcare/remittance-advice-remark-codes."/>
      <exampleBoolean value="false"/>
    </resource>
    <resource>
      <extension url="http://hl7.org/fhir/tools/StructureDefinition/resource-information">
        <valueString value="CodeSystem"/>
      </extension>
      <extension url="http://hl7.org/fhir/StructureDefinition/implementationguide-page">
        <valueUri value="CodeSystem-ClaimAdjudicationCategory.html"/>
      </extension>
      <reference>
        <reference value="CodeSystem/ClaimAdjudicationCategory"/>
      </reference>
      <name value="Claim Adjudication Category"/>
      <description value="Values for EOB.item.adjudication.category and total.category"/>
      <exampleBoolean value="false"/>
    </resource>
    <resource>
      <extension url="http://hl7.org/fhir/tools/StructureDefinition/resource-information">
        <valueString value="CodeSystem"/>
      </extension>
      <extension url="http://hl7.org/fhir/StructureDefinition/implementationguide-page">
        <valueUri value="CodeSystem-ClaimInformationCategory.html"/>
      </extension>
      <reference>
        <reference value="CodeSystem/ClaimInformationCategory"/>
      </reference>
      <name value="Claim Information Category"/>
      <description value="Claim Information Category - Used as the discriminator for supportingInfo"/>
      <exampleBoolean value="false"/>
    </resource>
    <resource>
      <extension url="http://hl7.org/fhir/tools/StructureDefinition/resource-information">
        <valueString value="CodeSystem"/>
      </extension>
      <extension url="http://hl7.org/fhir/StructureDefinition/implementationguide-page">
        <valueUri value="CodeSystem-FDANDC.html"/>
      </extension>
      <reference>
        <reference value="CodeSystem/FDANDC"/>
      </reference>
      <name value="FDA National Drug Code (NDC)"/>
      <description value="National Drug Code (NDC).  The US Federal Drug Administration (FDA) Data Standards Council assigns the first 5 digits of the 11 digit code.  NCPDP field # 407-D7. "/>
      <exampleBoolean value="false"/>
    </resource>
    <resource>
      <extension url="http://hl7.org/fhir/tools/StructureDefinition/resource-information">
        <valueString value="CodeSystem"/>
      </extension>
      <extension url="http://hl7.org/fhir/StructureDefinition/implementationguide-page">
        <valueUri value="CodeSystem-ICD10CMCS.html"/>
      </extension>
      <reference>
        <reference value="CodeSystem/ICD10CMCS"/>
      </reference>
      <name value="ICD-10-CM"/>
      <description value="International Classification of Diseases, Tenth Revision, Clinical Modification)"/>
      <exampleBoolean value="false"/>
    </resource>
    <resource>
      <extension url="http://hl7.org/fhir/tools/StructureDefinition/resource-information">
        <valueString value="CodeSystem"/>
      </extension>
      <extension url="http://hl7.org/fhir/StructureDefinition/implementationguide-page">
        <valueUri value="CodeSystem-ICD10PCSCS.html"/>
      </extension>
      <reference>
        <reference value="CodeSystem/ICD10PCSCS"/>
      </reference>
      <name value="ICD-10-PCS"/>
      <description value="International Classification of Diseases Surgical Procedures (ICD-10)."/>
      <exampleBoolean value="false"/>
    </resource>
    <resource>
      <extension url="http://hl7.org/fhir/tools/StructureDefinition/resource-information">
        <valueString value="CodeSystem"/>
      </extension>
      <extension url="http://hl7.org/fhir/StructureDefinition/implementationguide-page">
        <valueUri value="CodeSystem-IdentifierTypeCS.html"/>
      </extension>
      <reference>
        <reference value="CodeSystem/IdentifierTypeCS"/>
      </reference>
      <name value="Identifier Type"/>
      <description value="Identifier Type codes that extend those defined in http://terminology.hl7.org/CodeSystem/v2-0203"/>
      <exampleBoolean value="false"/>
    </resource>
    <resource>
      <extension url="http://hl7.org/fhir/tools/StructureDefinition/resource-information">
        <valueString value="CodeSystem"/>
      </extension>
      <extension url="http://hl7.org/fhir/StructureDefinition/implementationguide-page">
        <valueUri value="CodeSystem-NCPDPBrandGenericCode.html"/>
      </extension>
      <reference>
        <reference value="CodeSystem/NCPDPBrandGenericCode"/>
      </reference>
      <name value="NCPDP Brand Generic Code"/>
      <description value="Indicates whether the plan adjudicated the claim as a brand or generic drug. NCPDP field # 686."/>
      <exampleBoolean value="false"/>
    </resource>
    <resource>
      <extension url="http://hl7.org/fhir/tools/StructureDefinition/resource-information">
        <valueString value="CodeSystem"/>
      </extension>
      <extension url="http://hl7.org/fhir/StructureDefinition/implementationguide-page">
        <valueUri value="CodeSystem-NCPDPCompoundCode.html"/>
      </extension>
      <reference>
        <reference value="CodeSystem/NCPDPCompoundCode"/>
      </reference>
      <name value="NCPDP Compound Code"/>
      <description value="Indicates whether or not the prescription is a compound NCPDP field # 406-D6."/>
      <exampleBoolean value="false"/>
    </resource>
    <resource>
      <extension url="http://hl7.org/fhir/tools/StructureDefinition/resource-information">
        <valueString value="CodeSystem"/>
      </extension>
      <extension url="http://hl7.org/fhir/StructureDefinition/implementationguide-page">
        <valueUri value="CodeSystem-NCPDPDispensedAsWrittenOrProductSelectionCode.html"/>
      </extension>
      <reference>
        <reference value="CodeSystem/NCPDPDispensedAsWrittenOrProductSelectionCode"/>
      </reference>
      <name value="NCPDP Dispensed As Written Or Product Selection Code"/>
      <description value="Prescriber&#39;s instruction regarding substitution of generic equivalents or order to dispense the specific prescribed medication. NCPDP field # 408-D8."/>
      <exampleBoolean value="false"/>
    </resource>
    <resource>
      <extension url="http://hl7.org/fhir/tools/StructureDefinition/resource-information">
        <valueString value="CodeSystem"/>
      </extension>
      <extension url="http://hl7.org/fhir/StructureDefinition/implementationguide-page">
        <valueUri value="CodeSystem-NCPDPPrescriptionOriginCode.html"/>
      </extension>
      <reference>
        <reference value="CodeSystem/NCPDPPrescriptionOriginCode"/>
      </reference>
      <name value="NCPDP Prescription Origin Code"/>
      <description value="Indicates whether the prescription was transmitted as an electronic prescription, by phone, by fax, or as a written paper copy. NCPDP field # 419-DJ."/>
      <exampleBoolean value="false"/>
    </resource>
    <resource>
      <extension url="http://hl7.org/fhir/tools/StructureDefinition/resource-information">
        <valueString value="CodeSystem"/>
      </extension>
      <extension url="http://hl7.org/fhir/StructureDefinition/implementationguide-page">
        <valueUri value="CodeSystem-NCPDPRejectCode.html"/>
      </extension>
      <reference>
        <reference value="CodeSystem/NCPDPRejectCode"/>
      </reference>
      <name value="NCPDP Reject Code"/>
      <description value="Contains exception definitions for use when transaction processing cannot be completed. NCPDP field # 511-FB (Reject Code)"/>
      <exampleBoolean value="false"/>
    </resource>
    <resource>
      <extension url="http://hl7.org/fhir/tools/StructureDefinition/resource-information">
        <valueString value="CodeSystem"/>
      </extension>
      <extension url="http://hl7.org/fhir/StructureDefinition/implementationguide-page">
        <valueUri value="CodeSystem-X12ClaimAdjustmentReasonCodes.html"/>
      </extension>
      <reference>
        <reference value="CodeSystem/X12ClaimAdjustmentReasonCodes"/>
      </reference>
      <name value="X12 Claim Adjustment Reason Codes (CARC)"/>
      <description value="CARC codes describe why a claim or service line was paid differently than it was billed.   Use of X12 CARC codes require a license.  Reference https://x12.org/codes/."/>
      <exampleBoolean value="false"/>
    </resource>
    <resource>
      <extension url="http://hl7.org/fhir/tools/StructureDefinition/resource-information">
        <valueString value="ExplanationOfBenefit"/>
      </extension>
      <extension url="http://hl7.org/fhir/StructureDefinition/implementationguide-page">
        <valueUri value="ExplanationOfBenefit-BBEobOutpatientInstitutional.html"/>
      </extension>
      <reference>
        <reference value="ExplanationOfBenefit/BBEobOutpatientInstitutional"/>
      </reference>
      <name value="BBEobOutpatientInstitutional"/>
      <description value="BBEoB from Jeff"/>
      <exampleCanonical value="http://hl7.org/fhir/us/carin-bb/StructureDefinition/C4BB-ExplanationOfBenefit-Outpatient-Institutional"/>
    </resource>
    <resource>
      <extension url="http://hl7.org/fhir/tools/StructureDefinition/resource-information">
        <valueString value="ExplanationOfBenefit"/>
      </extension>
      <extension url="http://hl7.org/fhir/StructureDefinition/implementationguide-page">
        <valueUri value="ExplanationOfBenefit-BBEobPharmacy.html"/>
      </extension>
      <reference>
        <reference value="ExplanationOfBenefit/BBEobPharmacy"/>
      </reference>
      <name value="BBEobPharmacy"/>
      <description value="BBEoB from Jeff"/>
      <exampleCanonical value="http://hl7.org/fhir/us/carin-bb/StructureDefinition/C4BB-ExplanationOfBenefit-Pharmacy"/>
    </resource>
    <resource>
      <extension url="http://hl7.org/fhir/tools/StructureDefinition/resource-information">
        <valueString value="Coverage"/>
      </extension>
      <extension url="http://hl7.org/fhir/StructureDefinition/implementationguide-page">
        <valueUri value="Coverage-Coverage1.html"/>
      </extension>
      <reference>
        <reference value="Coverage/Coverage1"/>
      </reference>
      <name value="Coverage1"/>
      <description value="Coverage Example1"/>
      <exampleCanonical value="http://hl7.org/fhir/us/carin-bb/StructureDefinition/C4BB-Coverage"/>
    </resource>
    <resource>
      <extension url="http://hl7.org/fhir/tools/StructureDefinition/resource-information">
        <valueString value="ExplanationOfBenefit"/>
      </extension>
      <extension url="http://hl7.org/fhir/StructureDefinition/implementationguide-page">
        <valueUri value="ExplanationOfBenefit-EOBInpatient1.html"/>
      </extension>
      <reference>
        <reference value="ExplanationOfBenefit/EOBInpatient1"/>
      </reference>
      <name value="EOBInpatient1"/>
      <description value="EOB Inpatient Example1"/>
      <exampleCanonical value="http://hl7.org/fhir/us/carin-bb/StructureDefinition/C4BB-ExplanationOfBenefit-Inpatient-Institutional"/>
    </resource>
    <resource>
      <extension url="http://hl7.org/fhir/tools/StructureDefinition/resource-information">
        <valueString value="ExplanationOfBenefit"/>
      </extension>
      <extension url="http://hl7.org/fhir/StructureDefinition/implementationguide-page">
        <valueUri value="ExplanationOfBenefit-EOBOutpatientInstitutional1.html"/>
      </extension>
      <reference>
        <reference value="ExplanationOfBenefit/EOBOutpatientInstitutional1"/>
      </reference>
      <name value="EOBOutpatientInstitutional1"/>
      <description value="EOB Outpatient Example1"/>
      <exampleCanonical value="http://hl7.org/fhir/us/carin-bb/StructureDefinition/C4BB-ExplanationOfBenefit-Outpatient-Institutional"/>
    </resource>
    <resource>
      <extension url="http://hl7.org/fhir/tools/StructureDefinition/resource-information">
        <valueString value="ExplanationOfBenefit"/>
      </extension>
      <extension url="http://hl7.org/fhir/StructureDefinition/implementationguide-page">
        <valueUri value="ExplanationOfBenefit-EOBPharmacy1.html"/>
      </extension>
      <reference>
        <reference value="ExplanationOfBenefit/EOBPharmacy1"/>
      </reference>
      <name value="EOBPharmacy1"/>
      <description value="EOB PHarmacy Example1"/>
      <exampleCanonical value="http://hl7.org/fhir/us/carin-bb/StructureDefinition/C4BB-ExplanationOfBenefit-Pharmacy"/>
    </resource>
    <resource>
      <extension url="http://hl7.org/fhir/tools/StructureDefinition/resource-information">
        <valueString value="ExplanationOfBenefit"/>
      </extension>
      <extension url="http://hl7.org/fhir/StructureDefinition/implementationguide-page">
        <valueUri value="ExplanationOfBenefit-EOBProfessional1.html"/>
      </extension>
      <reference>
        <reference value="ExplanationOfBenefit/EOBProfessional1"/>
      </reference>
      <name value="EOBProfessional1"/>
      <description value="EOB Professional  Example1"/>
      <exampleCanonical value="http://hl7.org/fhir/us/carin-bb/StructureDefinition/C4BB-ExplanationOfBenefit-Professional-NonClinician"/>
    </resource>
    <resource>
      <extension url="http://hl7.org/fhir/tools/StructureDefinition/resource-information">
        <valueString value="Organization"/>
      </extension>
      <extension url="http://hl7.org/fhir/StructureDefinition/implementationguide-page">
        <valueUri value="Organization-OrganizationPayer1.html"/>
      </extension>
      <reference>
        <reference value="Organization/OrganizationPayer1"/>
      </reference>
      <name value="OrganizationPayer1"/>
      <description value="Payer1"/>
      <exampleCanonical value="http://hl7.org/fhir/us/carin-bb/StructureDefinition/C4BB-Organization"/>
    </resource>
    <resource>
      <extension url="http://hl7.org/fhir/tools/StructureDefinition/resource-information">
        <valueString value="Organization"/>
      </extension>
      <extension url="http://hl7.org/fhir/StructureDefinition/implementationguide-page">
        <valueUri value="Organization-OrganizationProvider1.html"/>
      </extension>
      <reference>
        <reference value="Organization/OrganizationProvider1"/>
      </reference>
      <name value="OrganizationProvider1"/>
      <description value="Provider 1"/>
      <exampleCanonical value="http://hl7.org/fhir/us/carin-bb/StructureDefinition/C4BB-Organization"/>
    </resource>
    <resource>
      <extension url="http://hl7.org/fhir/tools/StructureDefinition/resource-information">
        <valueString value="Patient"/>
      </extension>
      <extension url="http://hl7.org/fhir/StructureDefinition/implementationguide-page">
        <valueUri value="Patient-Patient1.html"/>
      </extension>
      <reference>
        <reference value="Patient/Patient1"/>
      </reference>
      <name value="Patient1"/>
      <description value="Patient Example1"/>
      <exampleCanonical value="http://hl7.org/fhir/us/carin-bb/StructureDefinition/C4BB-Patient"/>
    </resource>
    <resource>
      <extension url="http://hl7.org/fhir/tools/StructureDefinition/resource-information">
        <valueString value="SearchParameter"/>
      </extension>
      <extension url="http://hl7.org/fhir/StructureDefinition/implementationguide-page">
        <valueUri value="SearchParameter-coverage-payor.html"/>
      </extension>
      <reference>
        <reference value="SearchParameter/coverage-payor"/>
      </reference>
      <name value="Coverage_Payor"/>
      <description value="The identity of the insurer or party paying for services"/>
      <exampleBoolean value="false"/>
    </resource>
    <resource>
      <extension url="http://hl7.org/fhir/tools/StructureDefinition/resource-information">
        <valueString value="SearchParameter"/>
      </extension>
      <extension url="http://hl7.org/fhir/StructureDefinition/implementationguide-page">
        <valueUri value="SearchParameter-explanationofbenefit-care-team.html"/>
      </extension>
      <reference>
        <reference value="SearchParameter/explanationofbenefit-care-team"/>
      </reference>
      <name value="ExplanationOfBenefit_Careteam"/>
      <description value="Member of the CareTeam"/>
      <exampleBoolean value="false"/>
    </resource>
    <resource>
      <extension url="http://hl7.org/fhir/tools/StructureDefinition/resource-information">
        <valueString value="SearchParameter"/>
      </extension>
      <extension url="http://hl7.org/fhir/StructureDefinition/implementationguide-page">
        <valueUri value="SearchParameter-explanationofbenefit-coverage.html"/>
      </extension>
      <reference>
        <reference value="SearchParameter/explanationofbenefit-coverage"/>
      </reference>
      <name value="ExplanationOfBenefit_Coverage"/>
      <description value="The plan under which the claim was adjudicated"/>
      <exampleBoolean value="false"/>
    </resource>
    <resource>
      <extension url="http://hl7.org/fhir/tools/StructureDefinition/resource-information">
        <valueString value="SearchParameter"/>
      </extension>
      <extension url="http://hl7.org/fhir/StructureDefinition/implementationguide-page">
        <valueUri value="SearchParameter-explanationofbenefit-identifier.html"/>
      </extension>
      <reference>
        <reference value="SearchParameter/explanationofbenefit-identifier"/>
      </reference>
      <name value="ExplanationOfBenefit_Identifier"/>
      <description value="The business/claim identifier of the Explanation of Benefit"/>
      <exampleBoolean value="false"/>
    </resource>
    <resource>
      <extension url="http://hl7.org/fhir/tools/StructureDefinition/resource-information">
        <valueString value="SearchParameter"/>
      </extension>
      <extension url="http://hl7.org/fhir/StructureDefinition/implementationguide-page">
        <valueUri value="SearchParameter-explanationofbenefit-insurer.html"/>
      </extension>
      <reference>
        <reference value="SearchParameter/explanationofbenefit-insurer"/>
      </reference>
      <name value="ExplanationOfBenefit_Insurer"/>
      <description value="The party responsible for the claim"/>
      <exampleBoolean value="false"/>
    </resource>
    <resource>
      <extension url="http://hl7.org/fhir/tools/StructureDefinition/resource-information">
        <valueString value="SearchParameter"/>
      </extension>
      <extension url="http://hl7.org/fhir/StructureDefinition/implementationguide-page">
        <valueUri value="SearchParameter-explanationofbenefit-patient.html"/>
      </extension>
      <reference>
        <reference value="SearchParameter/explanationofbenefit-patient"/>
      </reference>
      <name value="ExplanationOfBenefit_Patient"/>
      <description value="The reference to the patient"/>
      <exampleBoolean value="false"/>
    </resource>
    <resource>
      <extension url="http://hl7.org/fhir/tools/StructureDefinition/resource-information">
        <valueString value="SearchParameter"/>
      </extension>
      <extension url="http://hl7.org/fhir/StructureDefinition/implementationguide-page">
        <valueUri value="SearchParameter-explanationofbenefit-provider.html"/>
      </extension>
      <reference>
        <reference value="SearchParameter/explanationofbenefit-provider"/>
      </reference>
      <name value="ExplanationOfBenefit_Provider"/>
      <description value="The reference to the provider"/>
      <exampleBoolean value="false"/>
    </resource>
    <resource>
      <extension url="http://hl7.org/fhir/tools/StructureDefinition/resource-information">
        <valueString value="SearchParameter"/>
      </extension>
      <extension url="http://hl7.org/fhir/StructureDefinition/implementationguide-page">
        <valueUri value="SearchParameter-explanationofbenefit-service-date.html"/>
      </extension>
      <reference>
        <reference value="SearchParameter/explanationofbenefit-service-date"/>
      </reference>
      <name value="ExplanationOfBenefit_ServiceDate"/>
      <description value="Date of the service for the EOB"/>
      <exampleBoolean value="false"/>
    </resource>
    <resource>
      <extension url="http://hl7.org/fhir/tools/StructureDefinition/resource-information">
        <valueString value="SearchParameter"/>
      </extension>
      <extension url="http://hl7.org/fhir/StructureDefinition/implementationguide-page">
        <valueUri value="SearchParameter-explanationofbenefit-type.html"/>
      </extension>
      <reference>
        <reference value="SearchParameter/explanationofbenefit-type"/>
      </reference>
      <name value="ExplanationOfBenefit_Type"/>
      <description value="The type of the ExplanationOfBenefit"/>
      <exampleBoolean value="false"/>
    </resource>
    <resource>
      <extension url="http://hl7.org/fhir/tools/StructureDefinition/resource-information">
        <valueString value="SearchParameter"/>
      </extension>
      <extension url="http://hl7.org/fhir/StructureDefinition/implementationguide-page">
        <valueUri value="SearchParameter-practitionerrole-organization.html"/>
      </extension>
      <reference>
        <reference value="SearchParameter/practitionerrole-organization"/>
      </reference>
      <name value="ExplanationOfBenefit_Organization"/>
      <description value="The identity of the organization the practitioner represents / acts on behalf of"/>
      <exampleBoolean value="false"/>
    </resource>
    <resource>
      <extension url="http://hl7.org/fhir/tools/StructureDefinition/resource-information">
        <valueString value="SearchParameter"/>
      </extension>
      <extension url="http://hl7.org/fhir/StructureDefinition/implementationguide-page">
        <valueUri value="SearchParameter-practitionerrole-practitioner.html"/>
      </extension>
      <reference>
        <reference value="SearchParameter/practitionerrole-practitioner"/>
      </reference>
      <name value="ExplanationOfBenefit_Practitioner"/>
      <description value="Practitioner that is able to provide the defined services for the organization"/>
      <exampleBoolean value="false"/>
    </resource>
    <resource>
      <extension url="http://hl7.org/fhir/tools/StructureDefinition/resource-information">
        <valueString value="CapabilityStatement"/>
      </extension>
      <extension url="http://hl7.org/fhir/StructureDefinition/implementationguide-page">
        <valueUri value="CapabilityStatement-c4bb.html"/>
      </extension>
      <reference>
        <reference value="CapabilityStatement/c4bb"/>
      </reference>
      <name value="C4BB CapabilityStatement"/>
      <description value="This Section describes the expected capabilities of the C4BB Server actor which is responsible for providing responses to the queries submitted by the C4BB Requestors. "/>
      <exampleBoolean value="false"/>
    </resource>
    <page>
      <nameUrl value="toc.html"/>
      <title value="Table of Contents"/>
      <generation value="html"/>
      <page>
        <nameUrl value="index.html"/>
        <title value="Home"/>
        <generation value="markdown"/>
      </page>
      <page>
        <nameUrl value="Background.html"/>
        <title value="Background"/>
        <generation value="markdown"/>
      </page>
      <page>
        <nameUrl value="Use_Case.html"/>
        <title value="Use Case"/>
        <generation value="markdown"/>
      </page>
      <page>
        <nameUrl value="profiles.html"/>
        <title value="Profiles"/>
        <generation value="markdown"/>
      </page>
      <page>
        <nameUrl value="Authorization_Authentication_and_Registration.html"/>
        <title value="Authorization Authentication and Registration"/>
        <generation value="markdown"/>
      </page>
      <page>
        <nameUrl value="Common_Payer_Consumer_Data_Set.html"/>
        <title value="Common Payer Consumer Data Set"/>
        <generation value="markdown"/>
      </page>
      <page>
        <nameUrl value="downloads.html"/>
        <title value="Downloads"/>
        <generation value="markdown"/>
      </page>
      <page>
        <nameUrl value="Guidance.html"/>
        <title value="Guidance"/>
        <generation value="markdown"/>
      </page>
      <page>
        <nameUrl value="Notes_To_Developers.html"/>
        <title value="Notes To Developers"/>
        <generation value="markdown"/>
      </page>
      <page>
        <nameUrl value="Terminology.html"/>
        <title value="Terminology"/>
        <generation value="markdown"/>
      </page>
      <page>
        <nameUrl value="Examples.html"/>
        <title value="Examples"/>
        <generation value="markdown"/>
      </page>
    </page>
    <parameter>
      <code value="path-resource"/>
      <value value="input/capabilities"/>
    </parameter>
    <parameter>
      <code value="path-resource"/>
      <value value="input/examples"/>
    </parameter>
    <parameter>
      <code value="path-resource"/>
      <value value="input/extensions"/>
    </parameter>
    <parameter>
      <code value="path-resource"/>
      <value value="input/models"/>
    </parameter>
    <parameter>
      <code value="path-resource"/>
      <value value="input/operations"/>
    </parameter>
    <parameter>
      <code value="path-resource"/>
      <value value="input/profiles"/>
    </parameter>
    <parameter>
      <code value="path-resource"/>
      <value value="input/resources"/>
    </parameter>
    <parameter>
      <code value="path-resource"/>
      <value value="input/vocabulary"/>
    </parameter>
    <parameter>
      <code value="path-resource"/>
      <value value="input/maps"/>
    </parameter>
    <parameter>
      <code value="path-resource"/>
      <value value="input/testing"/>
    </parameter>
    <parameter>
      <code value="path-resource"/>
      <value value="input/history"/>
    </parameter>
    <parameter>
      <code value="path-pages"/>
      <value value="template/config"/>
    </parameter>
    <parameter>
      <code value="path-pages"/>
      <value value="input/images"/>
    </parameter>
    <parameter>
      <code value="path-tx-cache"/>
      <value value="input-cache/txcache"/>
    </parameter>
  </definition>
</ImplementationGuide>