<?xml version="1.0" encoding="UTF-8"?>

<ImplementationGuide xmlns="http://hl7.org/fhir">
  <id value="hl7.fhir.us.carin-bb"/>
  <text>
    <status value="extensions"/><div xmlns="http://www.w3.org/1999/xhtml"><h2>CARINConsumerDirectedPayerDataExchange</h2><p>The official URL for this implementation guide is: </p><pre>http://hl7.org/fhir/us/carin-bb/ImplementationGuide/hl7.fhir.us.carin-bb</pre><div><p>CARIN Consumer Directed Payer Data Exchange</p>
</div></div>
  </text>
  <url value="http://hl7.org/fhir/us/carin-bb/ImplementationGuide/hl7.fhir.us.carin-bb"/>
  <version value="0.1.0"/>
  <name value="CARINConsumerDirectedPayerDataExchange"/>
  <title value="CARIN Consumer Directed Payer Data Exchange"/>
  <status value="active"/>
  <date value="2020-06-18T21:38:02+00:00"/>
  <publisher value="HL7 Financial Management Working Group"/>
  <contact>
    <name value="HL7 Financial Management Working Group"/>
    <telecom>
      <system value="url"/>
      <value value="http://www.hl7.org/Special/committees/fm/index.cfm"/>
    </telecom>
    <telecom>
      <system value="email"/>
      <value value="fm@lists.HL7.org"/>
    </telecom>
  </contact>
  <description value="CARIN Consumer Directed Payer Data Exchange"/>
  <packageId value="hl7.fhir.us.carin-bb"/>
  <license value="CC0-1.0"/>
  <fhirVersion value="4.0.1"/>
  <dependsOn id="hl7_fhir_us_core">
    <uri value="http://hl7.org/fhir/us/core/ImplementationGuide/hl7.fhir.us.core"/>
    <packageId value="hl7.fhir.us.core"/>
    <version value="3.1.0"/>
  </dependsOn>
  <definition>
    <extension url="http://hl7.org/fhir/tools/StructureDefinition/ig-parameter">
      <extension url="code">
        <valueString value="copyrightyear"/>
      </extension>
      <extension url="value">
        <valueString value="2020+"/>
      </extension>
    </extension>
    <extension url="http://hl7.org/fhir/tools/StructureDefinition/ig-parameter">
      <extension url="code">
        <valueString value="releaselabel"/>
      </extension>
      <extension url="value">
        <valueString value="STU1"/>
      </extension>
    </extension>
    <extension url="http://hl7.org/fhir/tools/StructureDefinition/ig-parameter">
      <extension url="code">
        <valueString value="show-inherited-invariants"/>
      </extension>
      <extension url="value">
        <valueString value="false"/>
      </extension>
    </extension>
    <extension url="http://hl7.org/fhir/tools/StructureDefinition/ig-parameter">
      <extension url="code">
        <valueString value="path-history"/>
      </extension>
      <extension url="value">
        <valueString value="http://hl7.org/fhir/us/carin-bb/history.html"/>
      </extension>
    </extension>
    <extension url="http://hl7.org/fhir/tools/StructureDefinition/ig-parameter">
      <extension url="code">
        <valueString value="path-liquid"/>
      </extension>
      <extension url="value">
        <valueString value="template/liquid"/>
      </extension>
    </extension>
    <extension url="http://hl7.org/fhir/tools/StructureDefinition/ig-parameter">
      <extension url="code">
        <valueString value="path-liquid"/>
      </extension>
      <extension url="value">
        <valueString value="input/liquid"/>
      </extension>
    </extension>
    <extension url="http://hl7.org/fhir/tools/StructureDefinition/ig-parameter">
      <extension url="code">
        <valueString value="path-qa"/>
      </extension>
      <extension url="value">
        <valueString value="temp/qa"/>
      </extension>
    </extension>
    <extension url="http://hl7.org/fhir/tools/StructureDefinition/ig-parameter">
      <extension url="code">
        <valueString value="path-temp"/>
      </extension>
      <extension url="value">
        <valueString value="temp/pages"/>
      </extension>
    </extension>
    <extension url="http://hl7.org/fhir/tools/StructureDefinition/ig-parameter">
      <extension url="code">
        <valueString value="path-output"/>
      </extension>
      <extension url="value">
        <valueString value="output"/>
      </extension>
    </extension>
    <extension url="http://hl7.org/fhir/tools/StructureDefinition/ig-parameter">
      <extension url="code">
        <valueString value="path-suppressed-warnings"/>
      </extension>
      <extension url="value">
        <valueString value="input/ignoreWarnings.txt"/>
      </extension>
    </extension>
    <extension url="http://hl7.org/fhir/tools/StructureDefinition/ig-parameter">
      <extension url="code">
        <valueString value="template-html"/>
      </extension>
      <extension url="value">
        <valueString value="template-page.html"/>
      </extension>
    </extension>
    <extension url="http://hl7.org/fhir/tools/StructureDefinition/ig-parameter">
      <extension url="code">
        <valueString value="template-md"/>
      </extension>
      <extension url="value">
        <valueString value="template-page-md.html"/>
      </extension>
    </extension>
    <extension url="http://hl7.org/fhir/tools/StructureDefinition/ig-parameter">
      <extension url="code">
        <valueString value="apply-contact"/>
      </extension>
      <extension url="value">
        <valueString value="true"/>
      </extension>
    </extension>
    <extension url="http://hl7.org/fhir/tools/StructureDefinition/ig-parameter">
      <extension url="code">
        <valueString value="apply-context"/>
      </extension>
      <extension url="value">
        <valueString value="true"/>
      </extension>
    </extension>
    <extension url="http://hl7.org/fhir/tools/StructureDefinition/ig-parameter">
      <extension url="code">
        <valueString value="apply-copyright"/>
      </extension>
      <extension url="value">
        <valueString value="true"/>
      </extension>
    </extension>
    <extension url="http://hl7.org/fhir/tools/StructureDefinition/ig-parameter">
      <extension url="code">
        <valueString value="apply-jurisdiction"/>
      </extension>
      <extension url="value">
        <valueString value="true"/>
      </extension>
    </extension>
    <extension url="http://hl7.org/fhir/tools/StructureDefinition/ig-parameter">
      <extension url="code">
        <valueString value="apply-license"/>
      </extension>
      <extension url="value">
        <valueString value="true"/>
      </extension>
    </extension>
    <extension url="http://hl7.org/fhir/tools/StructureDefinition/ig-parameter">
      <extension url="code">
        <valueString value="apply-publisher"/>
      </extension>
      <extension url="value">
        <valueString value="true"/>
      </extension>
    </extension>
    <extension url="http://hl7.org/fhir/tools/StructureDefinition/ig-parameter">
      <extension url="code">
        <valueString value="apply-version"/>
      </extension>
      <extension url="value">
        <valueString value="true"/>
      </extension>
    </extension>
    <extension url="http://hl7.org/fhir/tools/StructureDefinition/ig-parameter">
      <extension url="code">
        <valueString value="active-tables"/>
      </extension>
      <extension url="value">
        <valueString value="true"/>
      </extension>
    </extension>
    <resource>
      <extension url="http://hl7.org/fhir/tools/StructureDefinition/resource-information">
        <valueString value="StructureDefinition:resource"/>
      </extension>
      <extension url="http://hl7.org/fhir/StructureDefinition/implementationguide-page">
        <valueUri value="StructureDefinition-CARIN-BB-Coverage.html"/>
      </extension>
      <reference>
        <reference value="StructureDefinition/CARIN-BB-Coverage"/>
      </reference>
      <name value="CARIN BB Coverage"/>
      <description value="CARIN Blue Button Coverage Profile."/>
      <exampleBoolean value="false"/>
    </resource>
    <resource>
      <extension url="http://hl7.org/fhir/tools/StructureDefinition/resource-information">
        <valueString value="StructureDefinition:resource:abstract"/>
      </extension>
      <extension url="http://hl7.org/fhir/StructureDefinition/implementationguide-page">
        <valueUri value="StructureDefinition-CARIN-BB-ExplanationOfBenefit.html"/>
      </extension>
      <reference>
        <reference value="StructureDefinition/CARIN-BB-ExplanationOfBenefit"/>
      </reference>
      <name value="CARIN BB Explanation Of Benefit"/>
      <description value="Abstract parent profile that includes constraints that are common to the four specific ExplanationOfBenefit (EOB) profiles defined in this Implementation Guide.&#xA;All EOB instances should be from one of the four non-abstract EOB profiles defined in this Implementation Guide:  Inpatient, Outpatient, Pharmacy, and Professional/NonClinician"/>
      <exampleBoolean value="false"/>
    </resource>
    <resource>
      <extension url="http://hl7.org/fhir/tools/StructureDefinition/resource-information">
        <valueString value="StructureDefinition:resource"/>
      </extension>
      <extension url="http://hl7.org/fhir/StructureDefinition/implementationguide-page">
        <valueUri value="StructureDefinition-CARIN-BB-ExplanationOfBenefit-Inpatient-Facility.html"/>
      </extension>
      <reference>
        <reference value="StructureDefinition/CARIN-BB-ExplanationOfBenefit-Inpatient-Facility"/>
      </reference>
      <name value="CARIN BB ExplanationOfBenefit Inpatient Facility"/>
      <description value="The profile is used for Explanation of Benefits (EOBs) based on claims submitted by clinics, hospitals, skilled nursing facilities and other institutions for inpatient services, which may include the use of equipment and supplies, laboratory services, radiology services and other charges. Inpatient claims are submitted for services rendered at a facility as part of an overnight stay. &#xA;The claims data is based on the institutional claim format UB-04, submission standards adopted by the Department of Health and Human Services as form CMS-1450."/>
      <exampleBoolean value="false"/>
    </resource>
    <resource>
      <extension url="http://hl7.org/fhir/tools/StructureDefinition/resource-information">
        <valueString value="StructureDefinition:resource"/>
      </extension>
      <extension url="http://hl7.org/fhir/StructureDefinition/implementationguide-page">
        <valueUri value="StructureDefinition-CARIN-BB-ExplanationOfBenefit-Outpatient-Facility.html"/>
      </extension>
      <reference>
        <reference value="StructureDefinition/CARIN-BB-ExplanationOfBenefit-Outpatient-Facility"/>
      </reference>
      <name value="CARIN BB ExplanationOfBenefit Outpatient Facility"/>
      <description value="This profile is used for Explanation of Benefits (EOBs) based on claims submitted by clinics, hospitals, skilled nursing facilities and other institutions for outpatient services, which may include including the use of equipment and supplies, laboratory services, radiology services and other charges. Outpatient claims are submitted for services rendered at a facility that are not part of an overnight stay. &#xA;The claims data is based on the institutional claim form UB-04, submission standards adopted by the Department of Health and Human Services as form CMS-1450."/>
      <exampleBoolean value="false"/>
    </resource>
    <resource>
      <extension url="http://hl7.org/fhir/tools/StructureDefinition/resource-information">
        <valueString value="StructureDefinition:resource"/>
      </extension>
      <extension url="http://hl7.org/fhir/StructureDefinition/implementationguide-page">
        <valueUri value="StructureDefinition-CARIN-BB-ExplanationOfBenefit-Pharmacy.html"/>
      </extension>
      <reference>
        <reference value="StructureDefinition/CARIN-BB-ExplanationOfBenefit-Pharmacy"/>
      </reference>
      <name value="CARIN BB ExplanationOfBenefit Pharmacy"/>
      <description value="This profile is used for Explanation of Benefits (EOBs) based on claims submitted by retail pharmacies. &#xA;The claims data is based on submission standards adopted by the Department of Health and Human Services defined by NCPDP (National Council for Prescription Drug Program)"/>
      <exampleBoolean value="false"/>
    </resource>
    <resource>
      <extension url="http://hl7.org/fhir/tools/StructureDefinition/resource-information">
        <valueString value="StructureDefinition:resource"/>
      </extension>
      <extension url="http://hl7.org/fhir/StructureDefinition/implementationguide-page">
        <valueUri value="StructureDefinition-CARIN-BB-ExplanationOfBenefit-Professional-NonClinician.html"/>
      </extension>
      <reference>
        <reference value="StructureDefinition/CARIN-BB-ExplanationOfBenefit-Professional-NonClinician"/>
      </reference>
      <name value="CARIN BB ExplanationOfBenefit Professional NonClinician"/>
      <description value="This profile is used for Explanation of Benefits (EOBs) based on claims submitted by physicians, suppliers and other non-institutional providers for professional services. These services may be rendered in inpatient or outpatient, including office locations. &#xA;The claims data is based on the professional claim form 1500, submission standards adopted by the Department of Health and Human Services as form CMS-1500."/>
      <exampleBoolean value="false"/>
    </resource>
    <resource>
      <extension url="http://hl7.org/fhir/tools/StructureDefinition/resource-information">
        <valueString value="StructureDefinition:resource"/>
      </extension>
      <extension url="http://hl7.org/fhir/StructureDefinition/implementationguide-page">
        <valueUri value="StructureDefinition-CARIN-BB-Location.html"/>
      </extension>
      <reference>
        <reference value="StructureDefinition/CARIN-BB-Location"/>
      </reference>
      <name value="CARIN BB Location"/>
      <description value="CARIN Blue Button Location Profile."/>
      <exampleBoolean value="false"/>
    </resource>
    <resource>
      <extension url="http://hl7.org/fhir/tools/StructureDefinition/resource-information">
        <valueString value="StructureDefinition:resource"/>
      </extension>
      <extension url="http://hl7.org/fhir/StructureDefinition/implementationguide-page">
        <valueUri value="StructureDefinition-CARIN-BB-Organization.html"/>
      </extension>
      <reference>
        <reference value="StructureDefinition/CARIN-BB-Organization"/>
      </reference>
      <name value="CARIN BB Organization"/>
      <description value="CARIN Blue Button Organization Profile."/>
      <exampleBoolean value="false"/>
    </resource>
    <resource>
      <extension url="http://hl7.org/fhir/tools/StructureDefinition/resource-information">
        <valueString value="StructureDefinition:resource"/>
      </extension>
      <extension url="http://hl7.org/fhir/StructureDefinition/implementationguide-page">
        <valueUri value="StructureDefinition-CARIN-BB-Patient.html"/>
      </extension>
      <reference>
        <reference value="StructureDefinition/CARIN-BB-Patient"/>
      </reference>
      <name value="CARIN BB Patient"/>
      <description value="CARIN Blue Button Patient Profile."/>
      <exampleBoolean value="false"/>
    </resource>
    <resource>
      <extension url="http://hl7.org/fhir/tools/StructureDefinition/resource-information">
        <valueString value="StructureDefinition:resource"/>
      </extension>
      <extension url="http://hl7.org/fhir/StructureDefinition/implementationguide-page">
        <valueUri value="StructureDefinition-CARIN-BB-Practitioner.html"/>
      </extension>
      <reference>
        <reference value="StructureDefinition/CARIN-BB-Practitioner"/>
      </reference>
      <name value="CARIN BB Practitioner"/>
      <description value="CARIN Blue Button Practitioner Profile."/>
      <exampleBoolean value="false"/>
    </resource>
    <resource>
      <extension url="http://hl7.org/fhir/tools/StructureDefinition/resource-information">
        <valueString value="StructureDefinition:resource"/>
      </extension>
      <extension url="http://hl7.org/fhir/StructureDefinition/implementationguide-page">
        <valueUri value="StructureDefinition-CARIN-BB-PractitionerRole.html"/>
      </extension>
      <reference>
        <reference value="StructureDefinition/CARIN-BB-PractitionerRole"/>
      </reference>
      <name value="CARIN BB PractitionerRole"/>
      <description value="CARIN Blue Button PractitionerRole Profile."/>
      <exampleBoolean value="false"/>
    </resource>
    <resource>
      <extension url="http://hl7.org/fhir/tools/StructureDefinition/resource-information">
        <valueString value="ValueSet"/>
      </extension>
      <extension url="http://hl7.org/fhir/StructureDefinition/implementationguide-page">
        <valueUri value="ValueSet-AdjudicationDenialReasonVS.html"/>
      </extension>
      <reference>
        <reference value="ValueSet/AdjudicationDenialReasonVS"/>
      </reference>
      <name value="Adjudication Denial Reason"/>
      <description value="Reason codes used to interpret the adjudication denial reason.  X12 CARC + CMS RARC"/>
      <exampleBoolean value="false"/>
    </resource>
    <resource>
      <extension url="http://hl7.org/fhir/tools/StructureDefinition/resource-information">
        <valueString value="ValueSet"/>
      </extension>
      <extension url="http://hl7.org/fhir/StructureDefinition/implementationguide-page">
        <valueUri value="ValueSet-AdjudicationValueCodesVS.html"/>
      </extension>
      <reference>
        <reference value="ValueSet/AdjudicationValueCodesVS"/>
      </reference>
      <name value="Benefit Payment Status Category"/>
      <exampleBoolean value="false"/>
    </resource>
    <resource>
      <extension url="http://hl7.org/fhir/tools/StructureDefinition/resource-information">
        <valueString value="ValueSet"/>
      </extension>
      <extension url="http://hl7.org/fhir/StructureDefinition/implementationguide-page">
        <valueUri value="ValueSet-AdjustmentAmountCategoryVS.html"/>
      </extension>
      <reference>
        <reference value="ValueSet/AdjustmentAmountCategoryVS"/>
      </reference>
      <name value="Adjustment Amount Category"/>
      <description value="Describes the various amount fields used when submitting and adjudicating a claim."/>
      <exampleBoolean value="false"/>
    </resource>
    <resource>
      <extension url="http://hl7.org/fhir/tools/StructureDefinition/resource-information">
        <valueString value="ValueSet"/>
      </extension>
      <extension url="http://hl7.org/fhir/StructureDefinition/implementationguide-page">
        <valueUri value="ValueSet-BenefitPaymentStatusCategoryVS.html"/>
      </extension>
      <reference>
        <reference value="ValueSet/BenefitPaymentStatusCategoryVS"/>
      </reference>
      <name value="Benefit Payment Status Category"/>
      <exampleBoolean value="false"/>
    </resource>
    <resource>
      <extension url="http://hl7.org/fhir/tools/StructureDefinition/resource-information">
        <valueString value="ValueSet"/>
      </extension>
      <extension url="http://hl7.org/fhir/StructureDefinition/implementationguide-page">
        <valueUri value="ValueSet-BenefitPaymentStatusVS.html"/>
      </extension>
      <reference>
        <reference value="ValueSet/BenefitPaymentStatusVS"/>
      </reference>
      <name value="Benefit Payment Status"/>
      <description value="Indicates the in network or out of network payment status of the claim."/>
      <exampleBoolean value="false"/>
    </resource>
    <resource>
      <extension url="http://hl7.org/fhir/tools/StructureDefinition/resource-information">
        <valueString value="ValueSet"/>
      </extension>
      <extension url="http://hl7.org/fhir/StructureDefinition/implementationguide-page">
        <valueUri value="ValueSet-CPTHCPCSModifierCodeVS.html"/>
      </extension>
      <reference>
        <reference value="ValueSet/CPTHCPCSModifierCodeVS"/>
      </reference>
      <name value="AMA CPT and CMS HCPCS Modifier Codes"/>
      <exampleBoolean value="false"/>
    </resource>
    <resource>
      <extension url="http://hl7.org/fhir/tools/StructureDefinition/resource-information">
        <valueString value="ValueSet"/>
      </extension>
      <extension url="http://hl7.org/fhir/StructureDefinition/implementationguide-page">
        <valueUri value="ValueSet-CPTHCPCSProcedureCodeVS.html"/>
      </extension>
      <reference>
        <reference value="ValueSet/CPTHCPCSProcedureCodeVS"/>
      </reference>
      <name value="AMA CPT and CMS HCPCS Procedure Codes"/>
      <exampleBoolean value="false"/>
    </resource>
    <resource>
      <extension url="http://hl7.org/fhir/tools/StructureDefinition/resource-information">
        <valueString value="ValueSet"/>
      </extension>
      <extension url="http://hl7.org/fhir/StructureDefinition/implementationguide-page">
        <valueUri value="ValueSet-ClaimAdjudicationCategoryVS.html"/>
      </extension>
      <reference>
        <reference value="ValueSet/ClaimAdjudicationCategoryVS"/>
      </reference>
      <name value="Claim Adjudication Category"/>
      <description value="Values for EOB.item.adjudication.category"/>
      <exampleBoolean value="false"/>
    </resource>
    <resource>
      <extension url="http://hl7.org/fhir/tools/StructureDefinition/resource-information">
        <valueString value="ValueSet"/>
      </extension>
      <extension url="http://hl7.org/fhir/StructureDefinition/implementationguide-page">
        <valueUri value="ValueSet-ClaimInformationCategoryVS.html"/>
      </extension>
      <reference>
        <reference value="ValueSet/ClaimInformationCategoryVS"/>
      </reference>
      <name value="Claim Information Category"/>
      <description value="Claim Information Category - Used as the discriminator for supportingInfo"/>
      <exampleBoolean value="false"/>
    </resource>
    <resource>
      <extension url="http://hl7.org/fhir/tools/StructureDefinition/resource-information">
        <valueString value="ValueSet"/>
      </extension>
      <extension url="http://hl7.org/fhir/StructureDefinition/implementationguide-page">
        <valueUri value="ValueSet-ClaimPayeeTypeCodeVS.html"/>
      </extension>
      <reference>
        <reference value="ValueSet/ClaimPayeeTypeCodeVS"/>
      </reference>
      <name value="Claim Payee Type Code"/>
      <description value="Identifies recipient of benefits payable; i.e., provider or subscriber."/>
      <exampleBoolean value="false"/>
    </resource>
    <resource>
      <extension url="http://hl7.org/fhir/tools/StructureDefinition/resource-information">
        <valueString value="ValueSet"/>
      </extension>
      <extension url="http://hl7.org/fhir/StructureDefinition/implementationguide-page">
        <valueUri value="ValueSet-ClaimPaymentStatusCodeVS.html"/>
      </extension>
      <reference>
        <reference value="ValueSet/ClaimPaymentStatusCodeVS"/>
      </reference>
      <name value="Claim Payment Status Code"/>
      <description value="Indicates whether the claim / item was paid or denied."/>
      <exampleBoolean value="false"/>
    </resource>
    <resource>
      <extension url="http://hl7.org/fhir/tools/StructureDefinition/resource-information">
        <valueString value="ValueSet"/>
      </extension>
      <extension url="http://hl7.org/fhir/StructureDefinition/implementationguide-page">
        <valueUri value="ValueSet-ClaimTypeVS.html"/>
      </extension>
      <reference>
        <reference value="ValueSet/ClaimTypeVS"/>
      </reference>
      <name value="Claim Types"/>
      <description value="Proposed replacement/update for http://hl7.org/fhir/ValueSet/claim-type"/>
      <exampleBoolean value="false"/>
    </resource>
    <resource>
      <extension url="http://hl7.org/fhir/tools/StructureDefinition/resource-information">
        <valueString value="ValueSet"/>
      </extension>
      <extension url="http://hl7.org/fhir/StructureDefinition/implementationguide-page">
        <valueUri value="ValueSet-DiagnosisTypeFacilityVS.html"/>
      </extension>
      <reference>
        <reference value="ValueSet/DiagnosisTypeFacilityVS"/>
      </reference>
      <name value="Diagnosis Type -- Facility"/>
      <description value="Indicates if the facility diagnosis is principal, secondary, an external cause of injury, a patient reason for visit, or first-listed"/>
      <exampleBoolean value="false"/>
    </resource>
    <resource>
      <extension url="http://hl7.org/fhir/tools/StructureDefinition/resource-information">
        <valueString value="ValueSet"/>
      </extension>
      <extension url="http://hl7.org/fhir/StructureDefinition/implementationguide-page">
        <valueUri value="ValueSet-DiagnosisTypeProfessionalNonClinicianVS.html"/>
      </extension>
      <reference>
        <reference value="ValueSet/DiagnosisTypeProfessionalNonClinicianVS"/>
      </reference>
      <name value="Diagnosis Type -- Professional and Non-Clinician"/>
      <description value="Indicates if the professional and non-clinician diagnosis is principal, secondary, or first-listed"/>
      <exampleBoolean value="false"/>
    </resource>
    <resource>
      <extension url="http://hl7.org/fhir/tools/StructureDefinition/resource-information">
        <valueString value="ValueSet"/>
      </extension>
      <extension url="http://hl7.org/fhir/StructureDefinition/implementationguide-page">
        <valueUri value="ValueSet-FDANDCNCPDPCompoundCodeVS.html"/>
      </extension>
      <reference>
        <reference value="ValueSet/FDANDCNCPDPCompoundCodeVS"/>
      </reference>
      <name value="FDA NDC NCPDP Compound Code"/>
      <description value="NCPDP field # 407-D7 (National Drug Code (NDC)) or NCPDP field # 406-D6 (Compound Code)"/>
      <exampleBoolean value="false"/>
    </resource>
    <resource>
      <extension url="http://hl7.org/fhir/tools/StructureDefinition/resource-information">
        <valueString value="ValueSet"/>
      </extension>
      <extension url="http://hl7.org/fhir/StructureDefinition/implementationguide-page">
        <valueUri value="ValueSet-FDANationalDrugCodeVS.html"/>
      </extension>
      <reference>
        <reference value="ValueSet/FDANationalDrugCodeVS"/>
      </reference>
      <name value="FDA National Drug Code (NDC)"/>
      <description value="FDA National Drug Code (NDC)"/>
      <exampleBoolean value="false"/>
    </resource>
    <resource>
      <extension url="http://hl7.org/fhir/tools/StructureDefinition/resource-information">
        <valueString value="ValueSet"/>
      </extension>
      <extension url="http://hl7.org/fhir/StructureDefinition/implementationguide-page">
        <valueUri value="ValueSet-ICD10CMVS.html"/>
      </extension>
      <reference>
        <reference value="ValueSet/ICD10CMVS"/>
      </reference>
      <name value="ICD-10-CM Diagnosis Codes"/>
      <exampleBoolean value="false"/>
    </resource>
    <resource>
      <extension url="http://hl7.org/fhir/tools/StructureDefinition/resource-information">
        <valueString value="ValueSet"/>
      </extension>
      <extension url="http://hl7.org/fhir/StructureDefinition/implementationguide-page">
        <valueUri value="ValueSet-ICD10PCSVS.html"/>
      </extension>
      <reference>
        <reference value="ValueSet/ICD10PCSVS"/>
      </reference>
      <name value="ICD-1-PCS"/>
      <exampleBoolean value="false"/>
    </resource>
    <resource>
      <extension url="http://hl7.org/fhir/tools/StructureDefinition/resource-information">
        <valueString value="ValueSet"/>
      </extension>
      <extension url="http://hl7.org/fhir/StructureDefinition/implementationguide-page">
        <valueUri value="ValueSet-IdentifierTypeVS.html"/>
      </extension>
      <reference>
        <reference value="ValueSet/IdentifierTypeVS"/>
      </reference>
      <name value="Identifier Type"/>
      <exampleBoolean value="false"/>
    </resource>
    <resource>
      <extension url="http://hl7.org/fhir/tools/StructureDefinition/resource-information">
        <valueString value="ValueSet"/>
      </extension>
      <extension url="http://hl7.org/fhir/StructureDefinition/implementationguide-page">
        <valueUri value="ValueSet-MSDRGVS.html"/>
      </extension>
      <reference>
        <reference value="ValueSet/MSDRGVS"/>
      </reference>
      <name value="MS-DRG"/>
      <exampleBoolean value="false"/>
    </resource>
    <resource>
      <extension url="http://hl7.org/fhir/tools/StructureDefinition/resource-information">
        <valueString value="ValueSet"/>
      </extension>
      <extension url="http://hl7.org/fhir/StructureDefinition/implementationguide-page">
        <valueUri value="ValueSet-NCPDPBrandGenericCodeVS.html"/>
      </extension>
      <reference>
        <reference value="ValueSet/NCPDPBrandGenericCodeVS"/>
      </reference>
      <name value="NCPDP Brand Generic Code"/>
      <description value="http://www.ncpdp.org/brand-generic-code"/>
      <exampleBoolean value="false"/>
    </resource>
    <resource>
      <extension url="http://hl7.org/fhir/tools/StructureDefinition/resource-information">
        <valueString value="ValueSet"/>
      </extension>
      <extension url="http://hl7.org/fhir/StructureDefinition/implementationguide-page">
        <valueUri value="ValueSet-NCPDPDispensedAsWrittenVS.html"/>
      </extension>
      <reference>
        <reference value="ValueSet/NCPDPDispensedAsWrittenVS"/>
      </reference>
      <name value="NCPDP Dispensed As Written (DAW)"/>
      <description value="http://www.ncpdp.org/dispensed-as-written-or-product-selection-code"/>
      <exampleBoolean value="false"/>
    </resource>
    <resource>
      <extension url="http://hl7.org/fhir/tools/StructureDefinition/resource-information">
        <valueString value="ValueSet"/>
      </extension>
      <extension url="http://hl7.org/fhir/StructureDefinition/implementationguide-page">
        <valueUri value="ValueSet-NCPDPPrescriptionOriginCodeVS.html"/>
      </extension>
      <reference>
        <reference value="ValueSet/NCPDPPrescriptionOriginCodeVS"/>
      </reference>
      <name value="NCPDP Prescription Origin Code"/>
      <description value="http://www.ncpdp.org/prescription-origin-code"/>
      <exampleBoolean value="false"/>
    </resource>
    <resource>
      <extension url="http://hl7.org/fhir/tools/StructureDefinition/resource-information">
        <valueString value="ValueSet"/>
      </extension>
      <extension url="http://hl7.org/fhir/StructureDefinition/implementationguide-page">
        <valueUri value="ValueSet-NCPDPRejectCodeVS.html"/>
      </extension>
      <reference>
        <reference value="ValueSet/NCPDPRejectCodeVS"/>
      </reference>
      <name value="NCPDP Reject Code"/>
      <description value="http://www.ncpdp.org/reject-code"/>
      <exampleBoolean value="false"/>
    </resource>
    <resource>
      <extension url="http://hl7.org/fhir/tools/StructureDefinition/resource-information">
        <valueString value="ValueSet"/>
      </extension>
      <extension url="http://hl7.org/fhir/StructureDefinition/implementationguide-page">
        <valueUri value="ValueSet-NUBCPatientDischargeStatusVS.html"/>
      </extension>
      <reference>
        <reference value="ValueSet/NUBCPatientDischargeStatusVS"/>
      </reference>
      <name value="NUBC Patient Discharge Status"/>
      <exampleBoolean value="false"/>
    </resource>
    <resource>
      <extension url="http://hl7.org/fhir/tools/StructureDefinition/resource-information">
        <valueString value="ValueSet"/>
      </extension>
      <extension url="http://hl7.org/fhir/StructureDefinition/implementationguide-page">
        <valueUri value="ValueSet-NUBCPointOfOriginVS.html"/>
      </extension>
      <reference>
        <reference value="ValueSet/NUBCPointOfOriginVS"/>
      </reference>
      <name value="NUBC Point of Origin of Admission"/>
      <exampleBoolean value="false"/>
    </resource>
    <resource>
      <extension url="http://hl7.org/fhir/tools/StructureDefinition/resource-information">
        <valueString value="ValueSet"/>
      </extension>
      <extension url="http://hl7.org/fhir/StructureDefinition/implementationguide-page">
        <valueUri value="ValueSet-NUBCPresentOnAdmissionVS.html"/>
      </extension>
      <reference>
        <reference value="ValueSet/NUBCPresentOnAdmissionVS"/>
      </reference>
      <name value="NUBC Present On Admission"/>
      <exampleBoolean value="false"/>
    </resource>
    <resource>
      <extension url="http://hl7.org/fhir/tools/StructureDefinition/resource-information">
        <valueString value="ValueSet"/>
      </extension>
      <extension url="http://hl7.org/fhir/StructureDefinition/implementationguide-page">
        <valueUri value="ValueSet-NUBCPriorityOfAdmissionnVS.html"/>
      </extension>
      <reference>
        <reference value="ValueSet/NUBCPriorityOfAdmissionnVS"/>
      </reference>
      <name value="NUBC Priority of Admission"/>
      <exampleBoolean value="false"/>
    </resource>
    <resource>
      <extension url="http://hl7.org/fhir/tools/StructureDefinition/resource-information">
        <valueString value="ValueSet"/>
      </extension>
      <extension url="http://hl7.org/fhir/StructureDefinition/implementationguide-page">
        <valueUri value="ValueSet-NUBCRevenueCodeVS.html"/>
      </extension>
      <reference>
        <reference value="ValueSet/NUBCRevenueCodeVS"/>
      </reference>
      <name value="NUBC Revenue Code"/>
      <exampleBoolean value="false"/>
    </resource>
    <resource>
      <extension url="http://hl7.org/fhir/tools/StructureDefinition/resource-information">
        <valueString value="ValueSet"/>
      </extension>
      <extension url="http://hl7.org/fhir/StructureDefinition/implementationguide-page">
        <valueUri value="ValueSet-NUBCTypeOfBillVS.html"/>
      </extension>
      <reference>
        <reference value="ValueSet/NUBCTypeOfBillVS"/>
      </reference>
      <name value="NUBC Type of Bill"/>
      <description value="Code System http://www.nubc.org/type-of-bill,"/>
      <exampleBoolean value="false"/>
    </resource>
    <resource>
      <extension url="http://hl7.org/fhir/tools/StructureDefinition/resource-information">
        <valueString value="ValueSet"/>
      </extension>
      <extension url="http://hl7.org/fhir/StructureDefinition/implementationguide-page">
        <valueUri value="ValueSet-PayerAdjudicationAmountCategoryVS.html"/>
      </extension>
      <reference>
        <reference value="ValueSet/PayerAdjudicationAmountCategoryVS"/>
      </reference>
      <name value="Payer Adjudication Amount Category"/>
      <description value="This describes the various amount fields used when payers receive and adjudicate a claim."/>
      <exampleBoolean value="false"/>
    </resource>
    <resource>
      <extension url="http://hl7.org/fhir/tools/StructureDefinition/resource-information">
        <valueString value="ValueSet"/>
      </extension>
      <extension url="http://hl7.org/fhir/StructureDefinition/implementationguide-page">
        <valueUri value="ValueSet-PayerInpatientFacilityProviderRoleVSProviderRoleVS.html"/>
      </extension>
      <reference>
        <reference value="ValueSet/PayerInpatientFacilityProviderRoleVSProviderRoleVS"/>
      </reference>
      <name value="Payer - Inpatient Facility Provider Role"/>
      <description value="Indicates the role of the provider providing the care."/>
      <exampleBoolean value="false"/>
    </resource>
    <resource>
      <extension url="http://hl7.org/fhir/tools/StructureDefinition/resource-information">
        <valueString value="ValueSet"/>
      </extension>
      <extension url="http://hl7.org/fhir/StructureDefinition/implementationguide-page">
        <valueUri value="ValueSet-PayerOutpatientFacilityProviderRoleVS.html"/>
      </extension>
      <reference>
        <reference value="ValueSet/PayerOutpatientFacilityProviderRoleVS"/>
      </reference>
      <name value="Payer - Outpatient Facility Provider Role"/>
      <description value="Indicates the role of the provider providing the care."/>
      <exampleBoolean value="false"/>
    </resource>
    <resource>
      <extension url="http://hl7.org/fhir/tools/StructureDefinition/resource-information">
        <valueString value="ValueSet"/>
      </extension>
      <extension url="http://hl7.org/fhir/StructureDefinition/implementationguide-page">
        <valueUri value="ValueSet-PayerPharmacyProviderRoleVS.html"/>
      </extension>
      <reference>
        <reference value="ValueSet/PayerPharmacyProviderRoleVS"/>
      </reference>
      <name value="Payer - Pharmacy Provider Role"/>
      <description value="Indicates the role of the provider providing the care."/>
      <exampleBoolean value="false"/>
    </resource>
    <resource>
      <extension url="http://hl7.org/fhir/tools/StructureDefinition/resource-information">
        <valueString value="ValueSet"/>
      </extension>
      <extension url="http://hl7.org/fhir/StructureDefinition/implementationguide-page">
        <valueUri value="ValueSet-PayerProfessionalAndNonClinicianProviderRoleVS.html"/>
      </extension>
      <reference>
        <reference value="ValueSet/PayerProfessionalAndNonClinicianProviderRoleVS"/>
      </reference>
      <name value="Payer - Professional and Non-Clinician Provider Role"/>
      <description value="Indicates the role of the provider providing the care."/>
      <exampleBoolean value="false"/>
    </resource>
    <resource>
      <extension url="http://hl7.org/fhir/tools/StructureDefinition/resource-information">
        <valueString value="ValueSet"/>
      </extension>
      <extension url="http://hl7.org/fhir/StructureDefinition/implementationguide-page">
        <valueUri value="ValueSet-PayerProviderRoleVS.html"/>
      </extension>
      <reference>
        <reference value="ValueSet/PayerProviderRoleVS"/>
      </reference>
      <name value="Payer Provider Role"/>
      <description value="Payer Provider Role"/>
      <exampleBoolean value="false"/>
    </resource>
    <resource>
      <extension url="http://hl7.org/fhir/tools/StructureDefinition/resource-information">
        <valueString value="ValueSet"/>
      </extension>
      <extension url="http://hl7.org/fhir/StructureDefinition/implementationguide-page">
        <valueUri value="ValueSet-PresentOnAdmissionDiagnosisTypeVS.html"/>
      </extension>
      <reference>
        <reference value="ValueSet/PresentOnAdmissionDiagnosisTypeVS"/>
      </reference>
      <name value="Present-on-admission Diagnosis Type"/>
      <description value="Indicates if the Present on Admission Code applies to the Primary or secondary diagnosis"/>
      <exampleBoolean value="false"/>
    </resource>
    <resource>
      <extension url="http://hl7.org/fhir/tools/StructureDefinition/resource-information">
        <valueString value="ValueSet"/>
      </extension>
      <extension url="http://hl7.org/fhir/StructureDefinition/implementationguide-page">
        <valueUri value="ValueSet-ProviderNetworkStatusVS.html"/>
      </extension>
      <reference>
        <reference value="ValueSet/ProviderNetworkStatusVS"/>
      </reference>
      <name value="Provider Network Status"/>
      <description value="Indicates that the Provider has a contract with the Plan (regardless of the network) as of the effective date of service or admission."/>
      <exampleBoolean value="false"/>
    </resource>
    <resource>
      <extension url="http://hl7.org/fhir/tools/StructureDefinition/resource-information">
        <valueString value="CodeSystem"/>
      </extension>
      <extension url="http://hl7.org/fhir/StructureDefinition/implementationguide-page">
        <valueUri value="CodeSystem-ClaimAdjudicationCategoryCS.html"/>
      </extension>
      <reference>
        <reference value="CodeSystem/ClaimAdjudicationCategoryCS"/>
      </reference>
      <name value="Claim Adjudication Category"/>
      <description value="Values for EOB.item.adjudication.category"/>
      <exampleBoolean value="false"/>
    </resource>
    <resource>
      <extension url="http://hl7.org/fhir/tools/StructureDefinition/resource-information">
        <valueString value="CodeSystem"/>
      </extension>
      <extension url="http://hl7.org/fhir/StructureDefinition/implementationguide-page">
        <valueUri value="CodeSystem-ClaimInformationCategoryCS.html"/>
      </extension>
      <reference>
        <reference value="CodeSystem/ClaimInformationCategoryCS"/>
      </reference>
      <name value="Claim Information Category"/>
      <description value="Claim Information Category - Used as the discriminator for supportingInfo"/>
      <exampleBoolean value="false"/>
    </resource>
    <resource>
      <extension url="http://hl7.org/fhir/tools/StructureDefinition/resource-information">
        <valueString value="CodeSystem"/>
      </extension>
      <extension url="http://hl7.org/fhir/StructureDefinition/implementationguide-page">
        <valueUri value="CodeSystem-ClaimTypeCS.html"/>
      </extension>
      <reference>
        <reference value="CodeSystem/ClaimTypeCS"/>
      </reference>
      <name value="Claim Types"/>
      <description value="Proposed replacement/update for http://hl7.org/fhir/ValueSet/claim-type and http://terminology.hl7.org/CodeSystem/claim-type"/>
      <exampleBoolean value="false"/>
    </resource>
    <resource>
      <extension url="http://hl7.org/fhir/tools/StructureDefinition/resource-information">
        <valueString value="CodeSystem"/>
      </extension>
      <extension url="http://hl7.org/fhir/StructureDefinition/implementationguide-page">
        <valueUri value="CodeSystem-PayerAdjudicationCategoryCS.html"/>
      </extension>
      <reference>
        <reference value="CodeSystem/PayerAdjudicationCategoryCS"/>
      </reference>
      <name value="Payer Adjudication Category"/>
      <description value="Payer Adjudication Category"/>
      <exampleBoolean value="false"/>
    </resource>
    <resource>
      <extension url="http://hl7.org/fhir/tools/StructureDefinition/resource-information">
        <valueString value="CodeSystem"/>
      </extension>
      <extension url="http://hl7.org/fhir/StructureDefinition/implementationguide-page">
        <valueUri value="CodeSystem-PayerDiagnosisTypeCS.html"/>
      </extension>
      <reference>
        <reference value="CodeSystem/PayerDiagnosisTypeCS"/>
      </reference>
      <name value="Payer Diagnosis Type"/>
      <description value="Payer Diagnosis Type"/>
      <exampleBoolean value="false"/>
    </resource>
    <resource>
      <extension url="http://hl7.org/fhir/tools/StructureDefinition/resource-information">
        <valueString value="CodeSystem"/>
      </extension>
      <extension url="http://hl7.org/fhir/StructureDefinition/implementationguide-page">
        <valueUri value="CodeSystem-PayerProviderRoleCS.html"/>
      </extension>
      <reference>
        <reference value="CodeSystem/PayerProviderRoleCS"/>
      </reference>
      <name value="Payer Provider Role"/>
      <description value="Payer Provider Role"/>
      <exampleBoolean value="false"/>
    </resource>
    <resource>
      <extension url="http://hl7.org/fhir/tools/StructureDefinition/resource-information">
        <valueString value="CapabilityStatement"/>
      </extension>
      <extension url="http://hl7.org/fhir/StructureDefinition/implementationguide-page">
        <valueUri value="CapabilityStatement-carin-bb-capabilitystatement-consumer-app.html"/>
      </extension>
      <reference>
        <reference value="CapabilityStatement/carin-bb-capabilitystatement-consumer-app"/>
      </reference>
      <name value="CARIN BlueButton Consumer App CapabilityStatement"/>
      <description value="The Section describes the expected capabilities of the Consumer-Directed Payer Data Exchange Consumer App which is responsible for creating and initiating the queries for information about an individual patient. The complete list of FHIR profiles, RESTful operations, and search parameters supported by Consumer-Directed Payer Data Exchange Servers are defined in the [Conformance Requirements for Server](carin-bb-capabilitystatement-healthplan-api.html). Consumer-Directed Payer Data Exchange Consumer Apps have the option of choosing from this list to access necessary data based on their local use cases and other contextual requirements."/>
      <exampleBoolean value="false"/>
    </resource>
    <resource>
      <extension url="http://hl7.org/fhir/tools/StructureDefinition/resource-information">
        <valueString value="CapabilityStatement"/>
      </extension>
      <extension url="http://hl7.org/fhir/StructureDefinition/implementationguide-page">
        <valueUri value="CapabilityStatement-carin-bb-capabilitystatement-healthplan-api.html"/>
      </extension>
      <reference>
        <reference value="CapabilityStatement/carin-bb-capabilitystatement-healthplan-api"/>
      </reference>
      <name value="Consumer-Directed Payer Data Exchange HealthPlan API CapabilityStatement"/>
      <description value="This Section describes the expected capabilities of the Consumer-Directed Payer Data Exchange Server actor which is responsible for providing responses to the queries submitted by the Consumer-Directed Payer Data Exchange Requestors. The complete list of FHIR profiles, RESTful operations, and search parameters supported by Consumer-Directed Payer Data Exchange Servers are defined."/>
      <exampleBoolean value="false"/>
    </resource>
    <resource>
      <extension url="http://hl7.org/fhir/tools/StructureDefinition/resource-information">
        <valueString value="SearchParameter"/>
      </extension>
      <extension url="http://hl7.org/fhir/StructureDefinition/implementationguide-page">
        <valueUri value="SearchParameter-carin-bb-searchparameter-coverage-patient.html"/>
      </extension>
      <reference>
        <reference value="SearchParameter/carin-bb-searchparameter-coverage-patient"/>
      </reference>
      <name value="CARINBlueButton_Coverage_Patient_SearchParameter"/>
      <description value="Retrieve coverages for a patient"/>
      <exampleBoolean value="false"/>
    </resource>
    <resource>
      <extension url="http://hl7.org/fhir/tools/StructureDefinition/resource-information">
        <valueString value="SearchParameter"/>
      </extension>
      <extension url="http://hl7.org/fhir/StructureDefinition/implementationguide-page">
        <valueUri value="SearchParameter-carin-bb-searchparameter-explanationofbenefit-created.html"/>
      </extension>
      <reference>
        <reference value="SearchParameter/carin-bb-searchparameter-explanationofbenefit-created"/>
      </reference>
      <name value="CARINBlueButton_ExplanationOfBenefit_Created_SearchParameter"/>
      <description value="The creation date for the EOB"/>
      <exampleBoolean value="false"/>
    </resource>
    <resource>
      <extension url="http://hl7.org/fhir/tools/StructureDefinition/resource-information">
        <valueString value="SearchParameter"/>
      </extension>
      <extension url="http://hl7.org/fhir/StructureDefinition/implementationguide-page">
        <valueUri value="SearchParameter-carin-bb-searchparameter-explanationofbenefit-identifier.html"/>
      </extension>
      <reference>
        <reference value="SearchParameter/carin-bb-searchparameter-explanationofbenefit-identifier"/>
      </reference>
      <name value="CARINBlueButton_ExplanationOfBenefit_Identifier_SearchParameter"/>
      <description value="The business/claim identifier of the Explanation of Benefit"/>
      <exampleBoolean value="false"/>
    </resource>
    <resource>
      <extension url="http://hl7.org/fhir/tools/StructureDefinition/resource-information">
        <valueString value="SearchParameter"/>
      </extension>
      <extension url="http://hl7.org/fhir/StructureDefinition/implementationguide-page">
        <valueUri value="SearchParameter-carin-bb-searchparameter-explanationofbenefit-insurer.html"/>
      </extension>
      <reference>
        <reference value="SearchParameter/carin-bb-searchparameter-explanationofbenefit-insurer"/>
      </reference>
      <name value="CARINBlueButton_ExplanationOfBenefit_Insurer_SearchParameter"/>
      <description value="The party responsible for the claim"/>
      <exampleBoolean value="false"/>
    </resource>
    <resource>
      <extension url="http://hl7.org/fhir/tools/StructureDefinition/resource-information">
        <valueString value="SearchParameter"/>
      </extension>
      <extension url="http://hl7.org/fhir/StructureDefinition/implementationguide-page">
        <valueUri value="SearchParameter-carin-bb-searchparameter-explanationofbenefit-patient.html"/>
      </extension>
      <reference>
        <reference value="SearchParameter/carin-bb-searchparameter-explanationofbenefit-patient"/>
      </reference>
      <name value="CARINBlueButton_ExplanationOfBenefit_Patient_SearchParameter"/>
      <description value="The reference to the patient"/>
      <exampleBoolean value="false"/>
    </resource>
    <resource>
      <extension url="http://hl7.org/fhir/tools/StructureDefinition/resource-information">
        <valueString value="SearchParameter"/>
      </extension>
      <extension url="http://hl7.org/fhir/StructureDefinition/implementationguide-page">
        <valueUri value="SearchParameter-carin-bb-searchparameter-explanationofbenefit-service-date.html"/>
      </extension>
      <reference>
        <reference value="SearchParameter/carin-bb-searchparameter-explanationofbenefit-service-date"/>
      </reference>
      <name value="CARINBlueButton_ExplanationOfBenefit_ServiceDate_SearchParameter"/>
      <description value="Date of the service for the EOB"/>
      <exampleBoolean value="false"/>
    </resource>
    <resource>
      <extension url="http://hl7.org/fhir/tools/StructureDefinition/resource-information">
        <valueString value="SearchParameter"/>
      </extension>
      <extension url="http://hl7.org/fhir/StructureDefinition/implementationguide-page">
        <valueUri value="SearchParameter-carin-bb-searchparameter-explanationofbenefit-type.html"/>
      </extension>
      <reference>
        <reference value="SearchParameter/carin-bb-searchparameter-explanationofbenefit-type"/>
      </reference>
      <name value="CARINBlueButton_ExplanationOfBenefit_Type_SearchParameter"/>
      <description value="The type of the ExplanationOfBenefit"/>
      <exampleBoolean value="false"/>
    </resource>
    <page>
      <nameUrl value="toc.html"/>
      <title value="Table of Contents"/>
      <generation value="html"/>
      <page>
        <nameUrl value="index.html"/>
        <title value="Home"/>
        <generation value="markdown"/>
      </page>
      <page>
        <nameUrl value="Background.html"/>
        <title value="Background"/>
        <generation value="markdown"/>
      </page>
      <page>
        <nameUrl value="Use_Case.html"/>
        <title value="Use Case"/>
        <generation value="markdown"/>
      </page>
      <page>
        <nameUrl value="profiles.html"/>
        <title value="Profiles"/>
        <generation value="markdown"/>
      </page>
      <page>
        <nameUrl value="Authorization_Authentication_and_Registration.html"/>
        <title value="Authorization Authentication and Registration"/>
        <generation value="markdown"/>
      </page>
      <page>
        <nameUrl value="Benefit_to_Consumers_and_Health_Plans.html"/>
        <title value="Benefit to Consumers and Health Plans"/>
        <generation value="markdown"/>
      </page>
      <page>
        <nameUrl value="CARIN_Blue_Button_Framework_Specification.html"/>
        <title value="CARIN Blue Button Framework Specification"/>
        <generation value="markdown"/>
      </page>
      <page>
        <nameUrl value="Common_Payer_Consumer_Data_Set.html"/>
        <title value="Common Payer Consumer Data Set"/>
        <generation value="markdown"/>
      </page>
      <page>
        <nameUrl value="downloads.html"/>
        <title value="Downloads"/>
        <generation value="markdown"/>
      </page>
      <page>
        <nameUrl value="search.html"/>
        <title value="Search"/>
        <generation value="markdown"/>
      </page>
      <page>
        <nameUrl value="Guidance.html"/>
        <title value="Guidance"/>
        <generation value="markdown"/>
      </page>
      <page>
        <nameUrl value="Notes_To_Developers.html"/>
        <title value="Notes To Developers"/>
        <generation value="markdown"/>
      </page>
      <page>
        <nameUrl value="Terminology.html"/>
        <title value="Terminology"/>
        <generation value="markdown"/>
      </page>
    </page>
    <parameter>
      <code value="path-resource"/>
      <value value="input/capabilities"/>
    </parameter>
    <parameter>
      <code value="path-resource"/>
      <value value="input/examples"/>
    </parameter>
    <parameter>
      <code value="path-resource"/>
      <value value="input/extensions"/>
    </parameter>
    <parameter>
      <code value="path-resource"/>
      <value value="input/models"/>
    </parameter>
    <parameter>
      <code value="path-resource"/>
      <value value="input/operations"/>
    </parameter>
    <parameter>
      <code value="path-resource"/>
      <value value="input/profiles"/>
    </parameter>
    <parameter>
      <code value="path-resource"/>
      <value value="input/resources"/>
    </parameter>
    <parameter>
      <code value="path-resource"/>
      <value value="input/vocabulary"/>
    </parameter>
    <parameter>
      <code value="path-resource"/>
      <value value="input/maps"/>
    </parameter>
    <parameter>
      <code value="path-resource"/>
      <value value="input/testing"/>
    </parameter>
    <parameter>
      <code value="path-pages"/>
      <value value="template/config"/>
    </parameter>
    <parameter>
      <code value="path-pages"/>
      <value value="input/images"/>
    </parameter>
    <parameter>
      <code value="path-tx-cache"/>
      <value value="input-cache/txcache"/>
    </parameter>
  </definition>
</ImplementationGuide>