<?xml version="1.0" encoding="UTF-8"?>

<Organization xmlns="http://hl7.org/fhir">
  <id value="OrganizationProvider1"/>
  <meta>
    <lastUpdated value="2019-12-12T09:14:11+00:00"/>
    <profile value="http://hl7.org/fhir/us/carin-bb/StructureDefinition/CARIN-BB-Organization"/>
  </meta>
  <language value="en-US"/>
  <text>
    <status value="generated"/><div xmlns="http://www.w3.org/1999/xhtml" xml:lang="en-US" lang="en-US"><p><b>Generated Narrative</b></p><p><b>id</b>: OrganizationProvider1</p><p><b>meta</b>: </p><p><b>language</b>: en-US</p><p><b>identifier</b>: National Provider Identifier: 345678, Tax ID number: 123-45-6789</p><p><b>active</b>: true</p><p><b>name</b>: Provider 1</p></div>
  </text>
  <identifier>
    <type>
      <coding>
        <system value="http://hl7.org/fhir/us/carin-bb/CodeSystem/IdentifierTypeCS"/>
        <code value="npi"/>
      </coding>
    </type>
    <system value="http://hl7.org/fhir/sid/us-npi"/>
    <value value="345678"/>
  </identifier>
  <identifier>
    <type>
      <coding>
        <system value="http://terminology.hl7.org/CodeSystem/v2-0203"/>
        <code value="TAX"/>
      </coding>
    </type>
    <system value="urn:oid:2.16.840.1.113883.4.4"/>
    <value value="123-45-6789"/>
  </identifier>
  <active value="true"/>
  <name value="Provider 1"/>
</Organization>