<?xml version="1.0" encoding="UTF-8"?>

<SearchParameter xmlns="http://hl7.org/fhir">
  <id value="explanationofbenefit-care-team"/>
  <text>
    <status value="generated"/><div xmlns="http://www.w3.org/1999/xhtml"><p><b>Generated Narrative</b></p><p><b>id</b>: explanationofbenefit-care-team</p><p><b>url</b>: <a href="http://hl7.org/fhir/us/carin-bb/SearchParameter/explanationofbenefit-care-team">http://hl7.org/fhir/us/carin-bb/SearchParameter/explanationofbenefit-care-team</a></p><p><b>version</b>: 0.3.2</p><p><b>name</b>: ExplanationOfBenefit_Careteam</p><p><b>derivedFrom</b>: <a href="http://hl7.org/fhir/SearchParameter/ExplanationOfBenefit-care-team">http://hl7.org/fhir/SearchParameter/ExplanationOfBenefit-care-team</a></p><p><b>status</b>: draft</p><p><b>experimental</b>: false</p><p><b>date</b>: Oct 31, 2019, 10:29:23 PM</p><p><b>publisher</b>: HL7 Financial Management Working Group</p><p><b>contact</b>: HL7 Financial Management Working Group: http://www.hl7.org/Special/committees/fm/index.cfm,fm@lists.HL7.org</p><p><b>description</b>: Member of the CareTeam</p><p><b>jurisdiction</b>: <span title="Codes: {urn:iso:std:iso:3166 US}">United States of America</span></p><p><b>code</b>: care-team</p><p><b>base</b>: ExplanationOfBenefit</p><p><b>type</b>: reference</p><p><b>expression</b>: ExplanationOfBenefit.careTeam.provider</p><p><b>xpath</b>: f:ExplanationOfBenefit/f:careTeam/f:provider</p><p><b>xpathUsage</b>: normal</p><p><b>target</b>: Practitioner, Organization, PractitionerRole</p></div>
  </text>
  <extension url="http://hl7.org/fhir/StructureDefinition/structuredefinition-standards-status">
    <valueCode value="trial-use"/>
  </extension>
  <url value="http://hl7.org/fhir/us/carin-bb/SearchParameter/explanationofbenefit-care-team"/>
  <version value="0.3.2"/>
  <name value="ExplanationOfBenefit_Careteam"/>
  <derivedFrom value="http://hl7.org/fhir/SearchParameter/ExplanationOfBenefit-care-team"/>
  <status value="draft"/>
  <experimental value="false"/>
  <date value="2019-11-01T09:29:23+11:00"/>
  <publisher value="HL7 Financial Management Working Group"/>
  <contact>
    <name value="HL7 Financial Management Working Group"/>
    <telecom>
      <system value="url"/>
      <value value="http://www.hl7.org/Special/committees/fm/index.cfm"/>
    </telecom>
    <telecom>
      <system value="email"/>
      <value value="fm@lists.HL7.org"/>
    </telecom>
  </contact>
  <description value="Member of the CareTeam"/>
  <jurisdiction>
    <coding>
      <system value="urn:iso:std:iso:3166"/>
      <code value="US"/>
    </coding>
  </jurisdiction>
  <code value="care-team"/>
  <base value="ExplanationOfBenefit"/>
  <type value="reference"/>
  <expression value="ExplanationOfBenefit.careTeam.provider"/>
  <xpath value="f:ExplanationOfBenefit/f:careTeam/f:provider"/>
  <xpathUsage value="normal"/>
  <target value="Practitioner"/>
  <target value="Organization"/>
  <target value="PractitionerRole"/>
</SearchParameter>