<?xml version="1.0" encoding="UTF-8"?>

<SearchParameter xmlns="http://hl7.org/fhir">
  <id value="coverage-payor"/>
  <text>
    <status value="extensions"/><div xmlns="http://www.w3.org/1999/xhtml"><p><b>Generated Narrative</b></p><h3>Ids</h3><table class="grid"><tr><td>-</td></tr><tr><td>*</td></tr></table><p><b>Standards Status</b>: </p><p><b>url</b>: <a href="http://hl7.org/fhir/us/carin-bb/SearchParameter/coverage-payor">http://hl7.org/fhir/us/carin-bb/SearchParameter/coverage-payor</a></p><p><b>version</b>: 0.1.10</p><p><b>name</b>: Coverage_Payor</p><p><b>derivedFrom</b>: <a href="http://hl7.org/fhir/SearchParameter/Coverage-payor">http://hl7.org/fhir/SearchParameter/Coverage-payor</a></p><p><b>status</b>: draft</p><p><b>experimental</b>: false</p><p><b>date</b>: Oct 31, 2019, 10:29:23 PM</p><p><b>publisher</b>: HL7 Financial Management Working Group</p><p><b>contact</b>: HL7 Financial Management Working Group: <a href="http://www.hl7.org/Special/committees/fm/index.cfm">http://www.hl7.org/Special/committees/fm/index.cfm</a>,<a href="mailto:fm@lists.HL7.org">fm@lists.HL7.org</a></p><p><b>description</b>: The identity of the insurer or party paying for services</p><p><b>jurisdiction</b>: <span title="Codes: {urn:iso:std:iso:3166 US}">United States of America</span></p><p><b>code</b>: payor</p><p><b>base</b>: Coverage</p><p><b>type</b>: reference</p><p><b>expression</b>: Coverage.payor</p><p><b>xpath</b>: f:Coverage/f:payor</p><p><b>xpathUsage</b>: normal</p><p><b>target</b>: Organization, Patient, RelatedPerson</p></div>
  </text>
  <extension url="http://hl7.org/fhir/StructureDefinition/structuredefinition-standards-status">
    <valueCode value="trial-use"/>
  </extension>
  <url value="http://hl7.org/fhir/us/carin-bb/SearchParameter/coverage-payor"/>
  <version value="0.1.10"/>
  <name value="Coverage_Payor"/>
  <derivedFrom value="http://hl7.org/fhir/SearchParameter/Coverage-payor"/>
  <status value="draft"/>
  <experimental value="false"/>
  <date value="2019-11-01T09:29:23+11:00"/>
  <publisher value="HL7 Financial Management Working Group"/>
  <contact>
    <name value="HL7 Financial Management Working Group"/>
    <telecom>
      <system value="url"/>
      <value value="http://www.hl7.org/Special/committees/fm/index.cfm"/>
    </telecom>
    <telecom>
      <system value="email"/>
      <value value="fm@lists.HL7.org"/>
    </telecom>
  </contact>
  <description value="The identity of the insurer or party paying for services"/>
  <jurisdiction>
    <coding>
      <system value="urn:iso:std:iso:3166"/>
      <code value="US"/>
    </coding>
  </jurisdiction>
  <code value="payor"/>
  <base value="Coverage"/>
  <type value="reference"/>
  <expression value="Coverage.payor"/>
  <xpath value="f:Coverage/f:payor"/>
  <xpathUsage value="normal"/>
  <target value="Organization"/>
  <target value="Patient"/>
  <target value="RelatedPerson"/>
</SearchParameter>