<?xml version="1.0" encoding="UTF-8"?>

<SearchParameter xmlns="http://hl7.org/fhir">
  <id value="practitionerrole-organization"/>
  <text>
    <status value="generated"/><div xmlns="http://www.w3.org/1999/xhtml"><p><b>Generated Narrative</b></p><p><b>id</b>: practitionerrole-organization</p><p><b>url</b>: <a href="http://hl7.org/fhir/us/carin-bb/SearchParameter/practitionerrole-organization">http://hl7.org/fhir/us/carin-bb/SearchParameter/practitionerrole-organization</a></p><p><b>version</b>: 0.4.2</p><p><b>name</b>: ExplanationOfBenefit_Organization</p><p><b>derivedFrom</b>: <a href="http://hl7.org/fhir/SearchParameter/PractitionerRole-organization">http://hl7.org/fhir/SearchParameter/PractitionerRole-organization</a></p><p><b>status</b>: draft</p><p><b>experimental</b>: false</p><p><b>date</b>: Oct 31, 2019, 10:29:23 PM</p><p><b>publisher</b>: HL7 Financial Management Working Group</p><p><b>contact</b>: HL7 Financial Management Working Group: http://www.hl7.org/Special/committees/fm/index.cfm,fm@lists.HL7.org</p><p><b>description</b>: The identity of the organization the practitioner represents / acts on behalf of</p><p><b>jurisdiction</b>: <span title="Codes: {urn:iso:std:iso:3166 US}">United States of America</span></p><p><b>code</b>: organization</p><p><b>base</b>: PractitionerRole</p><p><b>type</b>: reference</p><p><b>expression</b>: PractitionerRole.organization</p><p><b>xpath</b>: f:PractitionerRole/f:organization</p><p><b>xpathUsage</b>: normal</p><p><b>target</b>: Organization</p></div>
  </text>
  <extension url="http://hl7.org/fhir/StructureDefinition/structuredefinition-standards-status">
    <valueCode value="trial-use"/>
  </extension>
  <url value="http://hl7.org/fhir/us/carin-bb/SearchParameter/practitionerrole-organization"/>
  <version value="0.4.2"/>
  <name value="ExplanationOfBenefit_Organization"/>
  <derivedFrom value="http://hl7.org/fhir/SearchParameter/PractitionerRole-organization"/>
  <status value="draft"/>
  <experimental value="false"/>
  <date value="2019-11-01T09:29:23+11:00"/>
  <publisher value="HL7 Financial Management Working Group"/>
  <contact>
    <name value="HL7 Financial Management Working Group"/>
    <telecom>
      <system value="url"/>
      <value value="http://www.hl7.org/Special/committees/fm/index.cfm"/>
    </telecom>
    <telecom>
      <system value="email"/>
      <value value="fm@lists.HL7.org"/>
    </telecom>
  </contact>
  <description value="The identity of the organization the practitioner represents / acts on behalf of"/>
  <jurisdiction>
    <coding>
      <system value="urn:iso:std:iso:3166"/>
      <code value="US"/>
    </coding>
  </jurisdiction>
  <code value="organization"/>
  <base value="PractitionerRole"/>
  <type value="reference"/>
  <expression value="PractitionerRole.organization"/>
  <xpath value="f:PractitionerRole/f:organization"/>
  <xpathUsage value="normal"/>
  <target value="Organization"/>
</SearchParameter>