<?xml version="1.0" encoding="UTF-8"?>

<ValueSet xmlns="http://hl7.org/fhir">
  <id value="C4BBPayeeType"/>
  <text>
    <status value="generated"/><div xmlns="http://www.w3.org/1999/xhtml"><p>This value set includes codes based on the following rules:</p><ul><li>Include these codes as defined in <a href="CodeSystem-C4BBPayeeType.html"><code>http://hl7.org/fhir/us/carin-bb/CodeSystem/C4BBPayeeType</code></a><table class="none"><tr><td style="white-space:nowrap"><b>Code</b></td><td><b>Display</b></td></tr><tr><td><a href="CodeSystem-C4BBPayeeType.html#C4BBPayeeType-beneficiary">beneficiary</a></td><td>Beneficiary</td><td>The beneficiary (patient) will be reimbursed.</td></tr></table></li><li>Include these codes as defined in <a href="https://terminology.hl7.org/1.0.0//CodeSystem-payeetype.html"><code>http://terminology.hl7.org/CodeSystem/payeetype</code></a><table class="none"><tr><td style="white-space:nowrap"><b>Code</b></td><td><b>Display</b></td></tr><tr><td><a href="https://terminology.hl7.org/1.0.0//CodeSystem-payeetype.html#payeetype-subscriber">subscriber</a></td><td>Subscriber</td><td>The subscriber (policy holder) will be reimbursed.</td></tr><tr><td><a href="https://terminology.hl7.org/1.0.0//CodeSystem-payeetype.html#payeetype-provider">provider</a></td><td>Provider</td><td>Any benefit payable will be paid to the provider (Assignment of Benefit).</td></tr><tr><td><a href="https://terminology.hl7.org/1.0.0//CodeSystem-payeetype.html#payeetype-other">other</a></td><td>Provider</td><td>Any benefit payable will be paid to a third party such as a guarrantor.</td></tr></table></li></ul></div>
  </text>
  <url value="http://hl7.org/fhir/us/carin-bb/ValueSet/C4BBPayeeType"/>
  <version value="0.1.4"/>
  <name value="C4BBPayeeType"/>
  <title value="C4BB Payee Type"/>
  <status value="active"/>
  <date value="2020-09-29T16:00:20+00:00"/>
  <publisher value="HL7 Financial Management Working Group"/>
  <contact>
    <name value="HL7 Financial Management Working Group"/>
    <telecom>
      <system value="url"/>
      <value value="http://www.hl7.org/Special/committees/fm/index.cfm"/>
    </telecom>
    <telecom>
      <system value="email"/>
      <value value="fm@lists.HL7.org"/>
    </telecom>
  </contact>
  <description value="Identifies the type of recipient of the adjudication amount; i.e., provider, subscriber, beneficiary or another recipient."/>
  <jurisdiction>
    <coding>
      <system value="urn:iso:std:iso:3166"/>
      <code value="US"/>
    </coding>
  </jurisdiction>
  <copyright value="This Valueset is not copyrighted."/>
  <compose>
    <include>
      <system value="http://hl7.org/fhir/us/carin-bb/CodeSystem/C4BBPayeeType"/>
      <concept>
        <code value="beneficiary"/>
      </concept>
    </include>
    <include>
      <system value="http://terminology.hl7.org/CodeSystem/payeetype"/>
      <concept>
        <code value="subscriber"/>
      </concept>
      <concept>
        <code value="provider"/>
      </concept>
      <concept>
        <code value="other"/>
      </concept>
    </include>
  </compose>
</ValueSet>