<?xml version="1.0" encoding="UTF-8"?>

<ValueSet xmlns="http://hl7.org/fhir">
  <id value="C4BBPayerBenefitPaymentStatus"/>
  <text>
    <status value="generated"/><div xmlns="http://www.w3.org/1999/xhtml"><ul><li>Include these codes as defined in <a href="CodeSystem-C4BBPayerAdjudicationStatus.html"><code>http://hl7.org/fhir/us/carin-bb/CodeSystem/C4BBPayerAdjudicationStatus</code></a><table class="none"><tr><td style="white-space:nowrap"><b>Code</b></td><td><b>Display</b></td></tr><tr><td><a href="CodeSystem-C4BBPayerAdjudicationStatus.html#C4BBPayerAdjudicationStatus-innetwork">innetwork</a></td><td>In Network</td><td>Indicates the claim or claim line was paid in network.  This does not indicate the contracting status of the provider</td></tr><tr><td><a href="CodeSystem-C4BBPayerAdjudicationStatus.html#C4BBPayerAdjudicationStatus-outofnetwork">outofnetwork</a></td><td>Out Of Network</td><td>Indicates the claim or claim line was paid out of network.  This does not indicate the contracting status of the provider</td></tr><tr><td><a href="CodeSystem-C4BBPayerAdjudicationStatus.html#C4BBPayerAdjudicationStatus-other">other</a></td><td>Other</td><td>Indicates other network status or when a network does not apply</td></tr></table></li></ul></div>
  </text>
  <url value="http://hl7.org/fhir/us/carin-bb/ValueSet/C4BBPayerBenefitPaymentStatus"/>
  <version value="0.1.3"/>
  <name value="C4BBPayerBenefitPaymentStatus"/>
  <title value="C4BB Payer Benefit Payment Status"/>
  <status value="active"/>
  <date value="2020-09-15T14:24:14+00:00"/>
  <publisher value="HL7 Financial Management Working Group"/>
  <contact>
    <name value="HL7 Financial Management Working Group"/>
    <telecom>
      <system value="url"/>
      <value value="http://www.hl7.org/Special/committees/fm/index.cfm"/>
    </telecom>
    <telecom>
      <system value="email"/>
      <value value="fm@lists.HL7.org"/>
    </telecom>
  </contact>
  <description value="Indicates the in network or out of network payment status of the claim."/>
  <jurisdiction>
    <coding>
      <system value="urn:iso:std:iso:3166"/>
      <code value="US"/>
    </coding>
  </jurisdiction>
  <copyright value="This Valueset is not copyrighted."/>
  <compose>
    <include>
      <system value="http://hl7.org/fhir/us/carin-bb/CodeSystem/C4BBPayerAdjudicationStatus"/>
      <concept>
        <code value="innetwork"/>
        <display value="In Network"/>
      </concept>
      <concept>
        <code value="outofnetwork"/>
        <display value="Out Of Network"/>
      </concept>
      <concept>
        <code value="other"/>
        <display value="Other"/>
      </concept>
    </include>
  </compose>
</ValueSet>