<?xml version="1.0" encoding="UTF-8"?>

<ValueSet xmlns="http://hl7.org/fhir">
  <id value="NCPDPPrescriptionOriginCode"/>
  <text>
    <status value="generated"/><div xmlns="http://www.w3.org/1999/xhtml"><ul><li>Include all codes defined in <a href="CodeSystem-NCPDPPrescriptionOriginCode.html"><code>http://terminology.hl7.org/CodeSystem/NCPDP/PrescriptionOriginCode</code></a></li></ul></div>
  </text>
  <url value="http://hl7.org/fhir/us/carin-bb/ValueSet/NCPDPPrescriptionOriginCode"/>
  <version value="0.1.10"/>
  <name value="NCPDPPrescriptionOriginCode"/>
  <title value="NCPDP Prescription Origin Code"/>
  <status value="active"/>
  <date value="2020-11-11T23:36:16+00:00"/>
  <publisher value="HL7 Financial Management Working Group"/>
  <contact>
    <name value="HL7 Financial Management Working Group"/>
    <telecom>
      <system value="url"/>
      <value value="http://www.hl7.org/Special/committees/fm/index.cfm"/>
    </telecom>
    <telecom>
      <system value="email"/>
      <value value="fm@lists.HL7.org"/>
    </telecom>
  </contact>
  <description value="Code indicating the origin of the prescription. Indicates whether the prescription was transmitted as an electronic prescription, by phone, by fax, or as a written paper copy. (NCPDP ECL 419-DJ)&#xA;&#xA;Link to information about the code system - including how to obtain the content: [https://standards.ncpdp.org/Access-to-Standards.aspx](https://standards.ncpdp.org/Access-to-Standards.aspx)"/>
  <jurisdiction>
    <coding>
      <system value="urn:iso:std:iso:3166"/>
      <code value="US"/>
    </coding>
  </jurisdiction>
  <copyright value="National Council for Prescription Drugs Programs, Inc. (NCPDP) publications are owned by NCPDP, 9240 East Raintree Drive Scottsdale, AZ 85260, and protected by the copyright laws of the United States. 17 U.S.C. &#xA7;101, et. seq. Permission is given to Council members to copy and use the work or any part thereof in connection with the business purposes of the Council members. The work may not be changed or altered. The work may be shared within the member company but may not be distributed and/or copied for/by others outside of the member&#x2019;s company. The work may not be sold, used or exploited for commercial purposes. This permission may be revoked by NCPDP at any time. NCPDP is not responsible for any errors or damage as a result of the use of the work.&#xA;&#xA;All material is provided as is, without warranty of any kind, expressed or implied, including but not limited to warranties of merchantability, fitness for a particular purpose, accuracy, completeness and non-infringement of third party rights. In no event shall NCPDP, its members or its contributors be liable for any claim, or any direct, special, indirect or consequential damages, or any damages whatsoever resulting from loss of use, data or profits, whether in an action of contract, negligence or other tortious action, arising out of or in connection with the use or performance of the material. Revised: September 2016"/>
  <compose>
    <include>
      <system value="http://terminology.hl7.org/CodeSystem/NCPDP/PrescriptionOriginCode"/>
    </include>
  </compose>
</ValueSet>