<?xml version="1.0" encoding="UTF-8"?>

<ValueSet xmlns="http://hl7.org/fhir">
  <id value="NCPDPRejectCode"/>
  <text>
    <status value="generated"/><div xmlns="http://www.w3.org/1999/xhtml"><p>This value set includes codes based on the following rules:</p><ul/></div>
  </text>
  <url value="http://hl7.org/fhir/us/carin-bb/ValueSet/NCPDPRejectCode"/>
  <version value="0.4.0"/>
  <name value="NCPDPRejectCode"/>
  <title value="NCPDP Reject Code"/>
  <status value="active"/>
  <date value="2020-08-06T13:32:26+00:00"/>
  <publisher value="HL7 Financial Management Working Group"/>
  <contact>
    <name value="HL7 Financial Management Working Group"/>
    <telecom>
      <system value="url"/>
      <value value="http://www.hl7.org/Special/committees/fm/index.cfm"/>
    </telecom>
    <telecom>
      <system value="email"/>
      <value value="fm@lists.HL7.org"/>
    </telecom>
  </contact>
  <description value="http://www.ncpdp.org/reject-code"/>
  <jurisdiction>
    <coding>
      <system value="urn:iso:std:iso:3166"/>
      <code value="US"/>
    </coding>
  </jurisdiction>
</ValueSet>