<?xml version="1.0" encoding="UTF-8"?>

<ValueSet xmlns="http://hl7.org/fhir">
  <id value="NCPDPDispensedAsWritten"/>
  <text>
    <status value="generated"/><div xmlns="http://www.w3.org/1999/xhtml"><ul><li>Include all codes defined in <a href="CodeSystem-NCPDPDispensedAsWrittenCS.html"><code>http://www.ncpdp.org/dispensed-as-written-or-product-selection-code</code></a></li></ul></div>
  </text>
  <url value="http://hl7.org/fhir/us/carin-bb/ValueSet/NCPDPDispensedAsWritten"/>
  <version value="0.4.1"/>
  <name value="NCPDPDispensedAsWritten"/>
  <title value="NCPDP Dispensed As Written (DAW)"/>
  <status value="active"/>
  <date value="2020-08-26T15:25:23+00:00"/>
  <publisher value="HL7 Financial Management Working Group"/>
  <contact>
    <name value="HL7 Financial Management Working Group"/>
    <telecom>
      <system value="url"/>
      <value value="http://www.hl7.org/Special/committees/fm/index.cfm"/>
    </telecom>
    <telecom>
      <system value="email"/>
      <value value="fm@lists.HL7.org"/>
    </telecom>
  </contact>
  <description value="NCPDP field # 408-D8 (Dispensed As Written (DAW)/Product Selection Code) Prescriber&#39;s instruction regarding substitution of generic equivalents or order to dispense the specific prescribed medication. "/>
  <jurisdiction>
    <coding>
      <system value="urn:iso:std:iso:3166"/>
      <code value="US"/>
    </coding>
  </jurisdiction>
  <compose>
    <include>
      <system value="http://www.ncpdp.org/dispensed-as-written-or-product-selection-code"/>
    </include>
  </compose>
</ValueSet>