<?xml version="1.0" encoding="UTF-8"?>

<ValueSet xmlns="http://hl7.org/fhir">
  <id value="nubc-prioritytypeofadmissionorvisit"/>
  <meta>
    <versionId value="2"/>
    <lastUpdated value="2019-12-16T17:55:47.000+00:00"/>
  </meta>
  <text>
    <status value="generated"/><div xmlns="http://www.w3.org/1999/xhtml"><h2>NUBC Priority (Type) of Admission or Visit</h2><div><p>UB-04 Priority (Type) of Admission or Visit (FL-14).</p>
</div><p>This value set includes codes from the following code systems:</p><ul><li>Include all codes defined in <code>http//www.nubc.org/priority-type-of-admission-or-visit</code></li></ul></div>
  </text>
  <url value="http://hl7.org/fhir/us/ValueSet/nubc-prioritytypeofadmissionorvisit"/>
  <version value="0.1.0"/>
  <name value="NUBCPriorityTypeOfAdmissionOrVisit"/>
  <title value="NUBC Priority (Type) of Admission or Visit"/>
  <status value="draft"/>
  <date value="2019-12-23T19:25:28+00:00"/>
  <publisher value="HL7 Financial Management Working Group"/>
  <contact>
    <name value="HL7 Financial Management Working Group"/>
    <telecom>
      <system value="url"/>
      <value value="http://www.hl7.org/Special/committees/fm/index.cfm"/>
    </telecom>
    <telecom>
      <system value="email"/>
      <value value="fm@lists.HL7.org"/>
    </telecom>
  </contact>
  <description value="UB-04 Priority (Type) of Admission or Visit (FL-14)."/>
  <compose>
    <include>
      <system value="http://www.nubc.org/priority-type-of-admission-or-visit"/>
    </include>
  </compose>
</ValueSet>