<?xml version="1.0" encoding="UTF-8"?>

<ValueSet xmlns="http://hl7.org/fhir">
  <id value="CDCICD910CMDiagnosisCodes"/>
  <text>
    <status value="generated"/><div xmlns="http://www.w3.org/1999/xhtml"><p>This value set includes codes based on the following rules:</p><ul><li>Include all codes defined in <a href="https://terminology.hl7.org/1.0.0//CodeSystem-icd10CM.html"><code>http://hl7.org/fhir/sid/icd-10-cm</code></a></li><li>Include all codes defined in <a href="https://terminology.hl7.org/1.0.0//CodeSystem-icd9.html"><code>http://terminology.hl7.org/CodeSystem/icd9</code></a></li></ul></div>
  </text>
  <url value="http://hl7.org/fhir/us/carin-bb/ValueSet/CDCICD910CMDiagnosisCodes"/>
  <version value="0.1.4"/>
  <name value="CDCICD910CMDiagnosisCodes"/>
  <title value="CDC ICD-9-10-CM Diagnosis Codes"/>
  <status value="active"/>
  <date value="2020-09-29T16:00:20+00:00"/>
  <publisher value="HL7 Financial Management Working Group"/>
  <contact>
    <name value="HL7 Financial Management Working Group"/>
    <telecom>
      <system value="url"/>
      <value value="http://www.hl7.org/Special/committees/fm/index.cfm"/>
    </telecom>
    <telecom>
      <system value="email"/>
      <value value="fm@lists.HL7.org"/>
    </telecom>
  </contact>
  <description value="The ICD-CM (International Classification of Diseases, Clinical Modification) is a system used by physicians and other healthcare providers to classify and code all diagnoses and symptoms recorded in conjunction with hospital care in the United States."/>
  <jurisdiction>
    <coding>
      <system value="urn:iso:std:iso:3166"/>
      <code value="US"/>
    </coding>
  </jurisdiction>
  <copyright value="ICD-9 and ICD-10 are copyrighted by the World Health Organization (WHO) which owns and publishes the classification. See https://www.who.int/classifications/icd/en. WHO has authorized the development of an adaptation of ICD-9 and ICD-10 to ICD-9-CM to ICD-10-CM for use in the United States for U.S. government purposes.  As HL7 is working with the owning authority to finalize the urls, the urls are subject to change."/>
  <compose>
    <include>
      <system value="http://hl7.org/fhir/sid/icd-10-cm"/>
    </include>
    <include>
      <system value="http://terminology.hl7.org/CodeSystem/icd9"/>
    </include>
  </compose>
</ValueSet>