<?xml version="1.0" encoding="UTF-8"?>

<ValueSet xmlns="http://hl7.org/fhir">
  <id value="NUBCPatientDischargeStatus"/>
  <text>
    <status value="generated"/><div xmlns="http://www.w3.org/1999/xhtml"><ul><li>Include all codes defined in <code>https://www.nubc.org/patient-discharge</code></li></ul></div>
  </text>
  <url value="http://hl7.org/fhir/us/carin-bb/ValueSet/NUBCPatientDischargeStatus"/>
  <version value="0.4.1"/>
  <name value="NUBCPatientDischargeStatus"/>
  <title value="NUBC Patient Discharge Status"/>
  <status value="active"/>
  <date value="2020-08-25T20:58:20+00:00"/>
  <publisher value="HL7 Financial Management Working Group"/>
  <contact>
    <name value="HL7 Financial Management Working Group"/>
    <telecom>
      <system value="url"/>
      <value value="http://www.hl7.org/Special/committees/fm/index.cfm"/>
    </telecom>
    <telecom>
      <system value="email"/>
      <value value="fm@lists.HL7.org"/>
    </telecom>
  </contact>
  <description value="NUBC Patient Discharge Status"/>
  <jurisdiction>
    <coding>
      <system value="urn:iso:std:iso:3166"/>
      <code value="US"/>
    </coding>
  </jurisdiction>
  <compose>
    <include>
      <system value="https://www.nubc.org/patient-discharge"/>
    </include>
  </compose>
</ValueSet>