<?xml version="1.0" encoding="UTF-8"?>

<ValueSet xmlns="http://hl7.org/fhir">
  <id value="AMACPTCMSHCPCSModifiers"/>
  <text>
    <status value="generated"/><div xmlns="http://www.w3.org/1999/xhtml"><p>This value set includes codes based on the following rules:</p><ul><li>Include all codes defined in <a href="https://terminology.hl7.org/1.0.0//CodeSystem-v3-cpt-4.html"><code>http://www.ama-assn.org/go/cpt</code></a></li><li>Include all codes defined in <a href="CodeSystem-CMSHCPCSCodes.html"><code>http://www.cms.gov/Medicare/Coding/HCPCSReleaseCodeSets</code></a></li></ul></div>
  </text>
  <url value="http://hl7.org/fhir/us/carin-bb/ValueSet/AMACPTCMSHCPCSModifiers"/>
  <version value="0.1.4"/>
  <name value="AMACPTCMSHCPCSModifiers"/>
  <title value="AMA CPT CMS HCPCS Modifiers"/>
  <status value="active"/>
  <date value="2020-10-06T15:01:26+00:00"/>
  <publisher value="HL7 Financial Management Working Group"/>
  <contact>
    <name value="HL7 Financial Management Working Group"/>
    <telecom>
      <system value="url"/>
      <value value="http://www.hl7.org/Special/committees/fm/index.cfm"/>
    </telecom>
    <telecom>
      <system value="email"/>
      <value value="fm@lists.HL7.org"/>
    </telecom>
  </contact>
  <description value="The Value Set is a combination of two Code Systems:  CPT (HCPCS I) and HCPCS II procedure code modifiers.  Modifiers help further describe a procedure code without changing its definition.  &#xA;CPT codes are available by subscription from the AMA at http://www.ama-assn.org/go/cpt.  HCPCS codes are available at http://www.cms.gov/Medicare/Coding/HCPCSReleaseCodeSets.  The link takes one to a list of files.  The target set for this Code System is the procedure code modifiers from this file.  &#xA;&#xA;**MODIFIER CODES ONLY**"/>
  <jurisdiction>
    <coding>
      <system value="urn:iso:std:iso:3166"/>
      <code value="US"/>
    </coding>
  </jurisdiction>
  <copyright value="CPT copyright 2014 American Medical Association. All rights reserved. HCPCS Level II Alphanumeric Codes are maintained by the US Centers for Medicare and Medicaid Services (CMS) and are available for public use. As HL7 is working with the owning authorities to finalize the urls, the urls are subject to change."/>
  <compose>
    <include>
      <system value="http://www.ama-assn.org/go/cpt"/>
    </include>
    <include>
      <system value="http://www.cms.gov/Medicare/Coding/HCPCSReleaseCodeSets"/>
    </include>
  </compose>
</ValueSet>