<?xml version="1.0" encoding="UTF-8"?>

<ValueSet xmlns="http://hl7.org/fhir">
  <id value="X12ClaimAdjustmentReasonCodesCMSRemittanceAdviceRemarkCodes"/>
  <text>
    <status value="generated"/><div xmlns="http://www.w3.org/1999/xhtml"><p>This value set includes codes based on the following rules:</p><ul><li>Include all codes defined in <a href="CodeSystem-X12ClaimAdjustmentReasonCodes.html"><code>https://x12.org/codes/claim-adjustment-reason-codes</code></a></li><li>Include all codes defined in <a href="CodeSystem-CMSRemittanceAdviceRemarkCodes.html"><code>https://x12.org/codes/remittance-advice-remark-codes</code></a></li></ul></div>
  </text>
  <url value="http://hl7.org/fhir/us/carin-bb/ValueSet/X12ClaimAdjustmentReasonCodesCMSRemittanceAdviceRemarkCodes"/>
  <version value="0.1.4"/>
  <name value="X12ClaimAdjustmentReasonCodesCMSRemittanceAdviceRemarkCodes"/>
  <title value="X12 Claim Adjustment Reason Codes (CARC) - CMS- Remittance Advice Remark Codes (RARC)"/>
  <status value="active"/>
  <date value="2020-10-06T17:38:27+00:00"/>
  <publisher value="HL7 Financial Management Working Group"/>
  <contact>
    <name value="HL7 Financial Management Working Group"/>
    <telecom>
      <system value="url"/>
      <value value="http://www.hl7.org/Special/committees/fm/index.cfm"/>
    </telecom>
    <telecom>
      <system value="email"/>
      <value value="fm@lists.HL7.org"/>
    </telecom>
  </contact>
  <description value="The Value Set is a combination of two sets of codes:  X12 Claim Adjustment Reason Codes (CARC) and CMS Remittance Advice Remark Codes (RARC).  CARC codes describe why a claim or service line was paid differently than it was billed.  RARC codes provide additional explanation for an adjustment already described by a Claim Adjustment Reason Code (CARC) or convey information about remittance processing.  &#xA;Use of X12 CARC codes require a license.  Reference https://x12.org/codes/.  RARC codes are available at http://www.wpc-edi.com/reference/codelists/healthcare/remittance-advice-remark-codes."/>
  <jurisdiction>
    <coding>
      <system value="urn:iso:std:iso:3166"/>
      <code value="US"/>
    </coding>
  </jurisdiction>
  <copyright value="CARC codes are owned, maintained and distributed by X12.  The Centers for Medicare &amp; Medicaid Services (CMS) maintain Remittance Advice Remark Codes (RARC) used throughout the US health care industry."/>
  <compose>
    <include>
      <system value="https://x12.org/codes/claim-adjustment-reason-codes"/>
    </include>
    <include>
      <system value="https://x12.org/codes/remittance-advice-remark-codes"/>
    </include>
  </compose>
</ValueSet>