<?xml version="1.0" encoding="UTF-8"?>

<ValueSet xmlns="http://hl7.org/fhir">
  <id value="ICD10PCS"/>
  <text>
    <status value="generated"/><div xmlns="http://www.w3.org/1999/xhtml"><ul><li>Include all codes defined in <a href="CodeSystem-ICD10PCSCS.html"><code>http://www.nlm.nih.gov/research/umls/icd10pcs</code></a></li></ul></div>
  </text>
  <url value="http://hl7.org/fhir/us/carin-bb/ValueSet/ICD10PCS"/>
  <version value="0.1.2"/>
  <name value="ICD10PCS"/>
  <title value="ICD-10-PCS"/>
  <status value="active"/>
  <date value="2020-09-03T22:22:35+00:00"/>
  <publisher value="HL7 Financial Management Working Group"/>
  <contact>
    <name value="HL7 Financial Management Working Group"/>
    <telecom>
      <system value="url"/>
      <value value="http://www.hl7.org/Special/committees/fm/index.cfm"/>
    </telecom>
    <telecom>
      <system value="email"/>
      <value value="fm@lists.HL7.org"/>
    </telecom>
  </contact>
  <description value="ICD-10-PCS"/>
  <jurisdiction>
    <coding>
      <system value="urn:iso:std:iso:3166"/>
      <code value="US"/>
    </coding>
  </jurisdiction>
  <copyright value="The code set is owned by CMS and is available for use."/>
  <compose>
    <include>
      <system value="http://www.nlm.nih.gov/research/umls/icd10pcs"/>
    </include>
  </compose>
</ValueSet>