<?xml version="1.0" encoding="UTF-8"?>

<ValueSet xmlns="http://hl7.org/fhir">
  <id value="C4BBOrganizationIdentifierType"/>
  <text>
    <status value="extensions"/><div xmlns="http://www.w3.org/1999/xhtml"><p>This value set includes codes based on the following rules:</p><ul><li>Include these codes as defined in <a href="CodeSystem-C4BBIdentifierType.html"><code>http://hl7.org/fhir/us/carin-bb/CodeSystem/C4BBIdentifierType</code></a><table class="none"><tr><td style="white-space:nowrap"><b>Code</b></td><td><b>Display</b></td><td><b>Definition</b></td></tr><tr><td><a href="CodeSystem-C4BBIdentifierType.html#C4BBIdentifierType-npi">npi</a></td><td>National Provider Identifier</td><td>National Provider Identifier</td></tr><tr><td><a href="CodeSystem-C4BBIdentifierType.html#C4BBIdentifierType-payerid">payerid</a></td><td>Payer ID</td><td>Payer ID</td></tr><tr><td><a href="CodeSystem-C4BBIdentifierType.html#C4BBIdentifierType-naiccode">naiccode</a></td><td>NAIC Code</td><td>NAIC Code</td></tr></table></li><li>Include all codes defined in <a href="https://terminology.hl7.org/1.0.0//CodeSystem-v2-0203.html"><code>http://terminology.hl7.org/CodeSystem/v2-0203</code></a></li></ul></div>
  </text>
  <url value="http://hl7.org/fhir/us/carin-bb/ValueSet/C4BBOrganizationIdentifierType"/>
  <version value="0.1.4"/>
  <name value="C4BBOrganizationIdentifierType"/>
  <title value="C4BB Organization Identifier Type"/>
  <status value="active"/>
  <date value="2020-10-06T14:45:03+00:00"/>
  <publisher value="HL7 Financial Management Working Group"/>
  <contact>
    <name value="HL7 Financial Management Working Group"/>
    <telecom>
      <system value="url"/>
      <value value="http://www.hl7.org/Special/committees/fm/index.cfm"/>
    </telecom>
    <telecom>
      <system value="email"/>
      <value value="fm@lists.HL7.org"/>
    </telecom>
  </contact>
  <description value="Identifies the type of identifiers for organizations"/>
  <jurisdiction>
    <coding>
      <system value="urn:iso:std:iso:3166"/>
      <code value="US"/>
    </coding>
  </jurisdiction>
  <copyright value="This Valueset is not copyrighted."/>
  <compose>
    <include>
      <system value="http://hl7.org/fhir/us/carin-bb/CodeSystem/C4BBIdentifierType"/>
      <concept>
        <code value="npi"/>
      </concept>
      <concept>
        <code value="payerid"/>
      </concept>
      <concept>
        <code value="naiccode"/>
      </concept>
    </include>
    <include>
      <system value="http://terminology.hl7.org/CodeSystem/v2-0203"/>
    </include>
  </compose>
</ValueSet>