<?xml version="1.0" encoding="UTF-8"?>

<ValueSet xmlns="http://hl7.org/fhir">
  <id value="C4BBClaimIdentifierType"/>
  <text>
    <status value="extensions"/><div xmlns="http://www.w3.org/1999/xhtml"><ul><li>Include these codes as defined in <a href="CodeSystem-C4BBIdentifierType.html"><code>http://hl7.org/fhir/us/carin-bb/CodeSystem/C4BBIdentifierType</code></a><table class="none"><tr><td style="white-space:nowrap"><b>Code</b></td><td><b>Display</b></td><td><b>Definition</b></td></tr><tr><td><a href="CodeSystem-C4BBIdentifierType.html#C4BBIdentifierType-uc">uc</a></td><td>Unique Claim ID</td><td>Indicates that the claim identifier is that assigned by a payer for a claim received from a provider or subscriber</td></tr></table></li></ul></div>
  </text>
  <url value="http://hl7.org/fhir/us/carin-bb/ValueSet/C4BBClaimIdentifierType"/>
  <version value="0.1.4"/>
  <name value="C4BBClaimIdentifierType"/>
  <title value="C4BB Claim Identifier Type"/>
  <status value="active"/>
  <date value="2020-10-06T18:59:48+00:00"/>
  <publisher value="HL7 Financial Management Working Group"/>
  <contact>
    <name value="HL7 Financial Management Working Group"/>
    <telecom>
      <system value="url"/>
      <value value="http://www.hl7.org/Special/committees/fm/index.cfm"/>
    </telecom>
    <telecom>
      <system value="email"/>
      <value value="fm@lists.HL7.org"/>
    </telecom>
  </contact>
  <description value="Indicates that the claim identifier is that assigned by a payer for a claim received from a provider or subscriber"/>
  <jurisdiction>
    <coding>
      <system value="urn:iso:std:iso:3166"/>
      <code value="US"/>
    </coding>
  </jurisdiction>
  <copyright value="This Valueset is not copyrighted."/>
  <compose>
    <include>
      <system value="http://hl7.org/fhir/us/carin-bb/CodeSystem/C4BBIdentifierType"/>
      <concept>
        <code value="uc"/>
      </concept>
    </include>
  </compose>
</ValueSet>