<?xml version="1.0" encoding="UTF-8"?>

<ValueSet xmlns="http://hl7.org/fhir">
  <id value="AHANUBCRevenueCodes"/>
  <text>
    <status value="generated"/><div xmlns="http://www.w3.org/1999/xhtml"><ul><li>Include all codes defined in <a href="CodeSystem-AHANUBCRevenueCodes.html"><code>http://www.nubc.org/RevenueCodes</code></a></li></ul></div>
  </text>
  <url value="http://hl7.org/fhir/us/carin-bb/ValueSet/AHANUBCRevenueCodes"/>
  <version value="0.1.4"/>
  <name value="AHANUBCRevenueCodes"/>
  <title value="AHA NUBC Revenue Codes"/>
  <status value="active"/>
  <date value="2020-09-29T15:02:39+00:00"/>
  <publisher value="HL7 Financial Management Working Group"/>
  <contact>
    <name value="HL7 Financial Management Working Group"/>
    <telecom>
      <system value="url"/>
      <value value="http://www.hl7.org/Special/committees/fm/index.cfm"/>
    </telecom>
    <telecom>
      <system value="email"/>
      <value value="fm@lists.HL7.org"/>
    </telecom>
  </contact>
  <description value="NUBC Revenue codes are used to convey specific accomodation, ancillary service or unique billing calculations or arrangements. They are listed within the UB-04 Data Specifications Manual and maintained by the National Uniform Billing Committee (NUBC) UB-04 Revenue Code (FL-42)"/>
  <jurisdiction>
    <coding>
      <system value="urn:iso:std:iso:3166"/>
      <code value="US"/>
    </coding>
  </jurisdiction>
  <copyright value="The Official UB-04 Data Specifications Manual, copyrighted by the American Hospital Association, is the only official source of UB-04 billing information adopted by the National Uniform Billing Committee. &#xA;No other publication&#x2014;governmental or private/commercial&#x2014;can be considered authoritative. See their website for licensing terms and conditions.&#xA;As HL7 is working with the owning authority to finalize the url, this url is subject to change."/>
  <compose>
    <include>
      <system value="http://www.nubc.org/RevenueCodes"/>
    </include>
  </compose>
</ValueSet>