<?xml version="1.0" encoding="UTF-8"?>

<ValueSet xmlns="http://hl7.org/fhir">
  <id value="C4BBPayeeType"/>
  <text>
    <status value="generated"/><div xmlns="http://www.w3.org/1999/xhtml"><p>This value set includes codes based on the following rules:</p><ul><li>Include all codes defined in <a href="https://terminology.hl7.org/1.0.0//CodeSystem-payeetype.html"><code>http://terminology.hl7.org/CodeSystem/payeetype</code></a></li><li>Include all codes defined in <a href="CodeSystem-C4BBPayeeType.html"><code>http://hl7.org/fhir/us/carin-bb/CodeSystem/C4BBPayeeType</code></a></li></ul></div>
  </text>
  <url value="http://hl7.org/fhir/us/carin-bb/ValueSet/C4BBPayeeType"/>
  <version value="0.1.3"/>
  <name value="C4BBPayeeType"/>
  <title value="C4BB Payee Type"/>
  <status value="active"/>
  <date value="2020-09-15T14:24:14+00:00"/>
  <publisher value="HL7 Financial Management Working Group"/>
  <contact>
    <name value="HL7 Financial Management Working Group"/>
    <telecom>
      <system value="url"/>
      <value value="http://www.hl7.org/Special/committees/fm/index.cfm"/>
    </telecom>
    <telecom>
      <system value="email"/>
      <value value="fm@lists.HL7.org"/>
    </telecom>
  </contact>
  <description value="Identifies the type of recipient of the adjudication amount; i.e., provider, subscriber, beneficiary or another recipient."/>
  <jurisdiction>
    <coding>
      <system value="urn:iso:std:iso:3166"/>
      <code value="US"/>
    </coding>
  </jurisdiction>
  <copyright value="This Code System is not copyrighted."/>
  <compose>
    <include>
      <system value="http://terminology.hl7.org/CodeSystem/payeetype"/>
    </include>
    <include>
      <system value="http://hl7.org/fhir/us/carin-bb/CodeSystem/C4BBPayeeType"/>
    </include>
  </compose>
</ValueSet>