<?xml version="1.0" encoding="UTF-8"?>

<ValueSet xmlns="http://hl7.org/fhir">
  <id value="ClaimPayeeTypeCodeVS"/>
  <text>
    <status value="generated"/><div xmlns="http://www.w3.org/1999/xhtml"><ul><li>Include these codes as defined in <a href="CodeSystem-PayerAdjudicationCategoryCS.html"><code>http://hl7.org/fhir/us/carin-bb/CodeSystem/PayerAdjudicationCategoryCS</code></a><table class="none"><tr><td style="white-space:nowrap"><b>Code</b></td><td><b>Display</b></td></tr><tr><td><a href="CodeSystem-PayerAdjudicationCategoryCS.html#PayerAdjudicationCategoryCS-provider">provider</a></td><td>provider</td><td>provider</td></tr><tr><td><a href="CodeSystem-PayerAdjudicationCategoryCS.html#PayerAdjudicationCategoryCS-subscriber">subscriber</a></td><td>subscriber</td><td>subscriber</td></tr><tr><td><a href="CodeSystem-PayerAdjudicationCategoryCS.html#PayerAdjudicationCategoryCS-other">other</a></td><td>other</td><td>other</td></tr></table></li></ul></div>
  </text>
  <url value="http://hl7.org/fhir/us/carin-bb/ValueSet/ClaimPayeeTypeCodeVS"/>
  <version value="0.1.0"/>
  <name value="ClaimPayeeTypeCodeVS"/>
  <title value="Claim Payee Type Code"/>
  <status value="active"/>
  <date value="2020-06-30T17:51:54+00:00"/>
  <publisher value="HL7 Financial Management Working Group"/>
  <contact>
    <name value="HL7 Financial Management Working Group"/>
    <telecom>
      <system value="url"/>
      <value value="http://www.hl7.org/Special/committees/fm/index.cfm"/>
    </telecom>
    <telecom>
      <system value="email"/>
      <value value="fm@lists.HL7.org"/>
    </telecom>
  </contact>
  <description value="Identifies recipient of benefits payable; i.e., provider or subscriber."/>
  <compose>
    <include>
      <system value="http://hl7.org/fhir/us/carin-bb/CodeSystem/PayerAdjudicationCategoryCS"/>
      <concept>
        <code value="provider"/>
        <display value="provider"/>
      </concept>
      <concept>
        <code value="subscriber"/>
        <display value="subscriber"/>
      </concept>
      <concept>
        <code value="other"/>
        <display value="other"/>
      </concept>
    </include>
  </compose>
</ValueSet>