<?xml version="1.0" encoding="UTF-8"?>

<ValueSet xmlns="http://hl7.org/fhir">
  <id value="C4BBPayerProviderContractingStatus"/>
  <text>
    <status value="generated"/><div xmlns="http://www.w3.org/1999/xhtml"><ul><li>Include these codes as defined in <a href="CodeSystem-C4BBPayerAdjudicationStatus.html"><code>http://hl7.org/fhir/us/carin-bb/CodeSystem/C4BBPayerAdjudicationStatus</code></a><table class="none"><tr><td style="white-space:nowrap"><b>Code</b></td><td><b>Display</b></td></tr><tr><td><a href="CodeSystem-C4BBPayerAdjudicationStatus.html#C4BBPayerAdjudicationStatus-contracted">contracted</a></td><td>Contracted</td><td>Indicates the provider was contracted for the service</td></tr><tr><td><a href="CodeSystem-C4BBPayerAdjudicationStatus.html#C4BBPayerAdjudicationStatus-noncontracted">noncontracted</a></td><td>Non-Contracted</td><td>Indicates the provider was not contracted for the service</td></tr></table></li></ul></div>
  </text>
  <url value="http://hl7.org/fhir/us/carin-bb/ValueSet/C4BBPayerProviderContractingStatus"/>
  <version value="0.1.4"/>
  <name value="C4BBPayerProviderContractingStatus"/>
  <title value="C4BB Payer Provider Contracting Status"/>
  <status value="active"/>
  <date value="2020-09-25T21:05:25+00:00"/>
  <publisher value="HL7 Financial Management Working Group"/>
  <contact>
    <name value="HL7 Financial Management Working Group"/>
    <telecom>
      <system value="url"/>
      <value value="http://www.hl7.org/Special/committees/fm/index.cfm"/>
    </telecom>
    <telecom>
      <system value="email"/>
      <value value="fm@lists.HL7.org"/>
    </telecom>
  </contact>
  <description value="Indicates that the Provider has a contract with the Payer as of the effective date of service or admission."/>
  <jurisdiction>
    <coding>
      <system value="urn:iso:std:iso:3166"/>
      <code value="US"/>
    </coding>
  </jurisdiction>
  <copyright value="This Valueset is not copyrighted."/>
  <compose>
    <include>
      <system value="http://hl7.org/fhir/us/carin-bb/CodeSystem/C4BBPayerAdjudicationStatus"/>
      <concept>
        <code value="contracted"/>
        <display value="Contracted"/>
      </concept>
      <concept>
        <code value="noncontracted"/>
        <display value="Non-Contracted"/>
      </concept>
    </include>
  </compose>
</ValueSet>