<?xml version="1.0" encoding="UTF-8"?>

<ValueSet xmlns="http://hl7.org/fhir">
  <id value="CMSMS3MAPAPRDRG"/>
  <text>
    <status value="generated"/><div xmlns="http://www.w3.org/1999/xhtml"><p>This value set includes codes based on the following rules:</p><ul><li>Include all codes defined in <a href="CodeSystem-CMSMSDRG.html"><code>http://www.cms.gov/Medicare/Coding/ms-drg/MS-DRG</code></a></li><li>Include all codes defined in <a href="CodeSystem-THREEMAPDRG.html"><code>http://www.3M.com/AP-DRG</code></a></li><li>Include all codes defined in <a href="CodeSystem-THREEMAPRDRG.html"><code>http://www.3M.com/APR-DRG</code></a></li></ul></div>
  </text>
  <url value="http://hl7.org/fhir/us/carin-bb/ValueSet/CMSMS3MAPAPRDRG"/>
  <version value="0.1.4"/>
  <name value="CMSMS3MAPAPRDRG"/>
  <title value="CMS MS 3M AP APR DRG"/>
  <status value="active"/>
  <date value="2020-10-06T18:29:44+00:00"/>
  <publisher value="HL7 Financial Management Working Group"/>
  <contact>
    <name value="HL7 Financial Management Working Group"/>
    <telecom>
      <system value="url"/>
      <value value="http://www.hl7.org/Special/committees/fm/index.cfm"/>
    </telecom>
    <telecom>
      <system value="email"/>
      <value value="fm@lists.HL7.org"/>
    </telecom>
  </contact>
  <description value="This value set defines three sets of DRGs, MS-DRGs (Medicare Severity Diagnosis Related Groups) AP-DRGs (All Patient Diagnosis Related Groups) and APR-DRGs (All Patient Refined Diagnosis Related Groups).  MS-DRGs are owned by CMS; AP-DRGs and APR-DRGs are owned by 3M.  Assignment of a DRG is defined by a particular set of patient attributes, which include principal diagnosis, specific secondary diagnoses, procedures, sex and discharge status.  Identifying a DRG code requires a version."/>
  <jurisdiction>
    <coding>
      <system value="urn:iso:std:iso:3166"/>
      <code value="US"/>
    </coding>
  </jurisdiction>
  <copyright value="The Centers for Medicare &amp; Medicaid Services (CMS) maintain the MS-DRGs used throughout the US health care industry.  Use of APR-DRGs require a license.  Reference https://www.3m.com/3M/en_US/health-information-systems-us/drive-value-based-care/patient-classification-methodologies/apr-drgs/.   As HL7 is working with the owning authorities to finalize the urls, the urls are subject to change."/>
  <compose>
    <include>
      <system value="http://www.cms.gov/Medicare/Coding/ms-drg/MS-DRG"/>
    </include>
    <include>
      <system value="http://www.3M.com/AP-DRG"/>
    </include>
    <include>
      <system value="http://www.3M.com/APR-DRG"/>
    </include>
  </compose>
</ValueSet>