<?xml version="1.0" encoding="UTF-8"?>

<ValueSet xmlns="http://hl7.org/fhir">
  <id value="C4BBClaimInpatientInstitutionalDiagnosisType"/>
  <text>
    <status value="generated"/><div xmlns="http://www.w3.org/1999/xhtml"><ul><li>Include these codes as defined in <a href="CodeSystem-C4BBClaimDiagnosisType.html"><code>http://hl7.org/fhir/us/carin-bb/CodeSystem/C4BBClaimDiagnosisType</code></a><table class="none"><tr><td style="white-space:nowrap"><b>Code</b></td><td><b>Display</b></td></tr><tr><td><a href="CodeSystem-C4BBClaimDiagnosisType.html#C4BBClaimDiagnosisType-principal">principal</a></td><td/><td/></tr><tr><td><a href="CodeSystem-C4BBClaimDiagnosisType.html#C4BBClaimDiagnosisType-secondary">secondary</a></td><td>Secondary</td><td>Required when necessary to report additional diagnoses on professional and non-clinician claims</td></tr><tr><td><a href="CodeSystem-C4BBClaimDiagnosisType.html#C4BBClaimDiagnosisType-external-cause-of-injury">external-cause-of-injury</a></td><td>External Cause of Injury</td><td>Required when an external cause of injury is needed to describe the injury</td></tr><tr><td><a href="CodeSystem-C4BBClaimDiagnosisType.html#C4BBClaimDiagnosisType-first-listed">first-listed</a></td><td/><td/></tr><tr><td><a href="CodeSystem-C4BBClaimDiagnosisType.html#C4BBClaimDiagnosisType-admitting">admitting</a></td><td/><td/></tr></table></li></ul></div>
  </text>
  <url value="http://hl7.org/fhir/us/carin-bb/ValueSet/C4BBClaimInpatientInstitutionalDiagnosisType"/>
  <version value="0.4.2"/>
  <name value="C4BBClaimInpatientInstitutionalDiagnosisType"/>
  <title value="C4BB Claim Inpatient Institutional Diagnosis Type"/>
  <status value="active"/>
  <date value="2020-09-01T20:40:42+00:00"/>
  <publisher value="HL7 Financial Management Working Group"/>
  <contact>
    <name value="HL7 Financial Management Working Group"/>
    <telecom>
      <system value="url"/>
      <value value="http://www.hl7.org/Special/committees/fm/index.cfm"/>
    </telecom>
    <telecom>
      <system value="email"/>
      <value value="fm@lists.HL7.org"/>
    </telecom>
  </contact>
  <description value="Indicates if the inpatient institutional diagnosis is admitting, principal, secondary or an external cause of injury."/>
  <jurisdiction>
    <coding>
      <system value="urn:iso:std:iso:3166"/>
      <code value="US"/>
    </coding>
  </jurisdiction>
  <copyright value="This Valueset is not copyrighted."/>
  <compose>
    <include>
      <system value="http://hl7.org/fhir/us/carin-bb/CodeSystem/C4BBClaimDiagnosisType"/>
      <concept>
        <code value="principal"/>
      </concept>
      <concept>
        <code value="secondary"/>
      </concept>
      <concept>
        <code value="external-cause-of-injury"/>
      </concept>
      <concept>
        <code value="first-listed"/>
      </concept>
      <concept>
        <code value="admitting"/>
      </concept>
    </include>
  </compose>
</ValueSet>