<?xml version="1.0" encoding="UTF-8"?>

<ValueSet xmlns="http://hl7.org/fhir">
  <id value="PayerProfessionalAndNonClinicianProviderRoleVS"/>
  <text>
    <status value="generated"/><div xmlns="http://www.w3.org/1999/xhtml"><ul><li>Include these codes as defined in <a href="CodeSystem-PayerProviderRoleCS.html"><code>http://hl7.org/fhir/us/carin-bb/CodeSystem/PayerProviderRoleCS</code></a><table class="none"><tr><td style="white-space:nowrap"><b>Code</b></td><td><b>Display</b></td></tr><tr><td><a href="CodeSystem-PayerProviderRoleCS.html#PayerProviderRoleCS-pcp">pcp</a></td><td>Primary Care Provider</td><td>Primary Care Provider</td></tr><tr><td><a href="CodeSystem-PayerProviderRoleCS.html#PayerProviderRoleCS-performing">performing</a></td><td>Performing Provider</td><td>Performing Provider</td></tr><tr><td><a href="CodeSystem-PayerProviderRoleCS.html#PayerProviderRoleCS-referring">referring</a></td><td>Referring Provider</td><td/></tr><tr><td><a href="CodeSystem-PayerProviderRoleCS.html#PayerProviderRoleCS-site">site</a></td><td>Site Provider</td><td>Site Provider</td></tr></table></li></ul></div>
  </text>
  <url value="http://hl7.org/fhir/us/carin-bb/ValueSet/PayerProfessionalAndNonClinicianProviderRoleVS"/>
  <version value="0.1.0"/>
  <name value="PayerProfessionalAndNonClinicianProviderRoleVS"/>
  <title value="Payer - Professional and Non-Clinician Provider Role"/>
  <status value="active"/>
  <date value="2020-06-29T22:39:11+00:00"/>
  <publisher value="HL7 Financial Management Working Group"/>
  <contact>
    <name value="HL7 Financial Management Working Group"/>
    <telecom>
      <system value="url"/>
      <value value="http://www.hl7.org/Special/committees/fm/index.cfm"/>
    </telecom>
    <telecom>
      <system value="email"/>
      <value value="fm@lists.HL7.org"/>
    </telecom>
  </contact>
  <description value="Indicates the role of the provider providing the care."/>
  <compose>
    <include>
      <system value="http://hl7.org/fhir/us/carin-bb/CodeSystem/PayerProviderRoleCS"/>
      <concept>
        <code value="pcp"/>
        <display value="Primary Care Provider"/>
      </concept>
      <concept>
        <code value="performing"/>
        <display value="Performing Provider"/>
      </concept>
      <concept>
        <code value="referring"/>
        <display value="Referring Provider"/>
      </concept>
      <concept>
        <code value="site"/>
        <display value="Site Provider"/>
      </concept>
    </include>
  </compose>
</ValueSet>