<?xml version="1.0" encoding="UTF-8"?>

<ValueSet xmlns="http://hl7.org/fhir">
  <id value="CARINBBPharmacyClaimCareTeamRoleCodes"/>
  <text>
    <status value="generated"/><div xmlns="http://www.w3.org/1999/xhtml"><ul><li>Include these codes as defined in <a href="CodeSystem-CareTeamRoleCS.html"><code>http://hl7.org/fhir/us/carin-bb/CodeSystem/CareTeamRoleCS</code></a><table class="none"><tr><td style="white-space:nowrap"><b>Code</b></td><td><b>Display</b></td></tr><tr><td><a href="CodeSystem-CareTeamRoleCS.html#CareTeamRoleCS-pcp">pcp</a></td><td>Primary Care Provider</td><td>Primary Care Provider</td></tr><tr><td><a href="CodeSystem-CareTeamRoleCS.html#CareTeamRoleCS-prescribing">prescribing</a></td><td>Prescribing Provider</td><td>Prescribing Provider</td></tr><tr><td><a href="CodeSystem-CareTeamRoleCS.html#CareTeamRoleCS-performing">performing</a></td><td>Performing Provider</td><td>Performing Provider</td></tr></table></li></ul></div>
  </text>
  <url value="http://hl7.org/fhir/us/carin-bb/ValueSet/CARINBBPharmacyClaimCareTeamRoleCodes"/>
  <version value="0.4.0"/>
  <name value="CARINBBPharmacyClaimCareTeamRoleCodes"/>
  <title value="CARINBB Pharmacy CareTeam Roles"/>
  <status value="active"/>
  <date value="2020-08-06T13:32:26+00:00"/>
  <publisher value="HL7 Financial Management Working Group"/>
  <contact>
    <name value="HL7 Financial Management Working Group"/>
    <telecom>
      <system value="url"/>
      <value value="http://www.hl7.org/Special/committees/fm/index.cfm"/>
    </telecom>
    <telecom>
      <system value="email"/>
      <value value="fm@lists.HL7.org"/>
    </telecom>
  </contact>
  <description value="Indicates the role of the provider providing the care."/>
  <jurisdiction>
    <coding>
      <system value="urn:iso:std:iso:3166"/>
      <code value="US"/>
    </coding>
  </jurisdiction>
  <compose>
    <include>
      <system value="http://hl7.org/fhir/us/carin-bb/CodeSystem/CareTeamRoleCS"/>
      <concept>
        <code value="pcp"/>
        <display value="Primary Care Provider"/>
      </concept>
      <concept>
        <code value="prescribing"/>
        <display value="Prescribing Provider"/>
      </concept>
      <concept>
        <code value="performing"/>
        <display value="Performing Provider"/>
      </concept>
    </include>
  </compose>
</ValueSet>