<?xml version="1.0" encoding="UTF-8"?>

<ValueSet xmlns="http://hl7.org/fhir">
  <id value="FDANDCNCPDPCompoundCode"/>
  <text>
    <status value="generated"/><div xmlns="http://www.w3.org/1999/xhtml"><p>This value set includes codes based on the following rules:</p><ul><li>Include all codes defined in <a href="https://terminology.hl7.org/1.0.0//CodeSystem-v3-ndc.html"><code>http://hl7.org/fhir/sid/ndc</code></a></li><li>Include all codes defined in <a href="CodeSystem-NCPDPCompoundCodeCS.html"><code>http://www.ncpdp.org/compound-code</code></a></li></ul></div>
  </text>
  <url value="http://hl7.org/fhir/us/carin-bb/ValueSet/FDANDCNCPDPCompoundCode"/>
  <version value="0.4.1"/>
  <name value="FDANDCNCPDPCompoundCode"/>
  <title value="FDA NDC NCPDP Compound Code"/>
  <status value="active"/>
  <date value="2020-08-28T19:30:19+00:00"/>
  <publisher value="HL7 Financial Management Working Group"/>
  <contact>
    <name value="HL7 Financial Management Working Group"/>
    <telecom>
      <system value="url"/>
      <value value="http://www.hl7.org/Special/committees/fm/index.cfm"/>
    </telecom>
    <telecom>
      <system value="email"/>
      <value value="fm@lists.HL7.org"/>
    </telecom>
  </contact>
  <description value="NCPDP field # 407-D7 (National Drug Code (NDC)) or NCPDP field # 406-D6 (Compound Code)"/>
  <jurisdiction>
    <coding>
      <system value="urn:iso:std:iso:3166"/>
      <code value="US"/>
    </coding>
  </jurisdiction>
  <compose>
    <include>
      <system value="http://hl7.org/fhir/sid/ndc"/>
    </include>
    <include>
      <system value="http://www.ncpdp.org/compound-code"/>
    </include>
  </compose>
</ValueSet>