<?xml version="1.0" encoding="UTF-8"?>

<ValueSet xmlns="http://hl7.org/fhir">
  <id value="C4BBClaimProcedureType"/>
  <text>
    <status value="generated"/><div xmlns="http://www.w3.org/1999/xhtml"><ul><li>Include all codes defined in <a href="CodeSystem-C4BBClaimProcedureType.html"><code>http://hl7.org/fhir/us/carin-bb/CodeSystem/C4BBClaimProcedureType</code></a></li></ul></div>
  </text>
  <url value="http://hl7.org/fhir/us/carin-bb/ValueSet/C4BBClaimProcedureType"/>
  <version value="0.1.10"/>
  <name value="C4BBClaimProcedureType"/>
  <title value="C4BB Claim Procedure Type"/>
  <status value="active"/>
  <date value="2020-11-12T01:33:42+00:00"/>
  <publisher value="HL7 Financial Management Working Group"/>
  <contact>
    <name value="HL7 Financial Management Working Group"/>
    <telecom>
      <system value="url"/>
      <value value="http://www.hl7.org/Special/committees/fm/index.cfm"/>
    </telecom>
    <telecom>
      <system value="email"/>
      <value value="fm@lists.HL7.org"/>
    </telecom>
  </contact>
  <description value="Indicates if the inpatient institutional procedure (ICD-PCS) is the principal procedure or another procedure"/>
  <jurisdiction>
    <coding>
      <system value="urn:iso:std:iso:3166"/>
      <code value="US"/>
    </coding>
  </jurisdiction>
  <copyright value="This Value Set is not copyrighted."/>
  <compose>
    <include>
      <system value="http://hl7.org/fhir/us/carin-bb/CodeSystem/C4BBClaimProcedureType"/>
    </include>
  </compose>
</ValueSet>