<?xml version="1.0" encoding="UTF-8"?>

<ValueSet xmlns="http://hl7.org/fhir">
  <id value="NCPDPCompoundCode"/>
  <text>
    <status value="generated"/><div xmlns="http://www.w3.org/1999/xhtml"><ul><li>Include all codes defined in <a href="CodeSystem-NCPDPCompoundCodeCS.html"><code>http://www.ncpdp.org/compound-code</code></a></li></ul></div>
  </text>
  <url value="http://hl7.org/fhir/us/carin-bb/ValueSet/NCPDPCompoundCode"/>
  <version value="0.4.2"/>
  <name value="NCPDPCompoundCode"/>
  <title value="NCPDP Compound Code"/>
  <status value="active"/>
  <date value="2020-09-01T20:40:42+00:00"/>
  <publisher value="HL7 Financial Management Working Group"/>
  <contact>
    <name value="HL7 Financial Management Working Group"/>
    <telecom>
      <system value="url"/>
      <value value="http://www.hl7.org/Special/committees/fm/index.cfm"/>
    </telecom>
    <telecom>
      <system value="email"/>
      <value value="fm@lists.HL7.org"/>
    </telecom>
  </contact>
  <description value="Indicates whether or not the prescription is a compound NCPDP field # 406-D6."/>
  <jurisdiction>
    <coding>
      <system value="urn:iso:std:iso:3166"/>
      <code value="US"/>
    </coding>
  </jurisdiction>
  <copyright value="NCPDP codes are available by subscription at ncpdp.org. As HL7 is working with the owning authority to finalize the url, this url is subject to change."/>
  <compose>
    <include>
      <system value="http://www.ncpdp.org/compound-code"/>
    </include>
  </compose>
</ValueSet>