<?xml version="1.0" encoding="UTF-8"?><CapabilityStatement xmlns="http://hl7.org/fhir"><id value="c4bb"/><text><status value="generated"/><div xmlns="http://www.w3.org/1999/xhtml"><h2 id="title">C4BB CapabilityStatement</h2><ul><li>Implementation Guide Version: 1.0.0</li><li>FHIR Version: 4.0.1</li><li>Supported formats: xml, json</li><li>Published: 2020-09-24</li><li>Published by: HL7 Financial Management Working Group (FM WG)</li></ul><p>This Section describes the expected capabilities of the C4BB Server actor which is responsible for providing responses to the queries submitted by the C4BB Requestors.</p><h3 id="behavior">FHIR RESTful Capabilities</h3><p>The C4BB  Server <strong>SHALL</strong>:</p><ol><li>Support all profiles defined in this Implementation Guide..</li><li>Implement the RESTful behavior according to the FHIR specification.</li><li>Return the following response classes:
<ul><li>(Status 400): invalid parameter</li><li>(Status 401/4xx): unauthorized request</li><li>(Status 403): insufficient scope</li><li>(Status 404): unknown resource</li><li>(Status 410): deleted resource.</li></ul>
</li><li>Support json source formats for all CARIN-BB interactions.</li><li>Identify the CARIN-BB  profiles supported as part of the FHIR <code>meta.profile</code> attribute for each instance.</li></ol><p>The C4BB  Server <strong>SHOULD</strong>:</p><ol><li>Support xml source formats for all C4BB interactions.</li></ol><p id="security"><strong>Security:</strong></p><ol><li>See the <a href="/Authorization_Authentication_and_Registration.html">General Security Considerations</a> section for requirements and recommendations.</li><li>A server <strong>SHALL</strong> reject any unauthorized requests by returning an <code>HTTP 401</code> unauthorized response code.</li></ol><h3 id="resource--details" class="no_toc">RESTful Capabilities by Resource/Profile:</h3><p><strong>Summary of Search Criteria</strong></p><table class="grid"><thead><tr><th>Resource Type</th><th>Supported Profiles</th><th>Supported Searches</th><th>Supported <code>_includes</code></th><th>Supported <code>_revincludes</code></th><th>Supported Operations</th></tr></thead><tbody><tr><td><a href="#coverage">Coverage</a></td><td><a href="StructureDefinition-C4BB-Coverage.html">C4BB-Coverage</a></td><td>
							
						</td><td>
							Coverage:payor
						</td><td>
              
            </td><td>
							
						</td></tr><tr><td><a href="#explanationofbenefit">ExplanationOfBenefit</a></td><td><a href="StructureDefinition-C4BB-ExplanationOfBenefit.html">C4BB-ExplanationOfBenefit</a>, 

						<a href="StructureDefinition-C4BB-ExplanationOfBenefit-Inpatient-Institutional.html">C4BB-ExplanationOfBenefit-Inpatient-Institutional</a>, 

						<a href="StructureDefinition-C4BB-ExplanationOfBenefit-Outpatient-Institutional.html">C4BB-ExplanationOfBenefit-Outpatient-Institutional</a>, 

						<a href="StructureDefinition-C4BB-ExplanationOfBenefit-Pharmacy.html">C4BB-ExplanationOfBenefit-Pharmacy</a>, 

						<a href="StructureDefinition-C4BB-ExplanationOfBenefit-Professional-NonClinician.html">C4BB-ExplanationOfBenefit-Professional-NonClinician</a></td><td>
							
							_id, patient, _lastUpdated, type, identifier, service-date
							
							
							
						</td><td>
							ExplanationOfBenefit:patient, ExplanationOfBenefit:provider, ExplanationOfBenefit:care-team, ExplanationOfBenefit:coverage, ExplanationOfBenefit:insurer, ExplanationOfBenefit:*
						</td><td>
              
            </td><td>
							
						</td></tr><tr><td><a href="#organization">Organization</a></td><td><a href="StructureDefinition-C4BB-Organization.html">C4BB-Organization</a></td><td>
							
						</td><td>
							
						</td><td>
              
            </td><td>
							
						</td></tr><tr><td><a href="#patient">Patient</a></td><td><a href="StructureDefinition-C4BB-Patient.html">C4BB-Patient</a></td><td>
							
						</td><td>
							
						</td><td>
              
            </td><td>
							
						</td></tr><tr><td><a href="#practitioner">Practitioner</a></td><td><a href="StructureDefinition-C4BB-Practitioner.html">C4BB-Practitioner</a></td><td>
							
						</td><td>
							
						</td><td>
              
            </td><td>
							
						</td></tr></tbody></table><br/><h4 id="coverage" class="no_toc">Coverage</h4><p>Conformance Expectation:	<strong>SHALL</strong></p><p>Supported Profiles:
				
											<a href="StructureDefinition-C4BB-Coverage.html">C4BB-Coverage</a>
				
				</p><p>Reference Policy: <code>resolves</code></p><p>Profile Interaction Summary:</p><ul><li><strong>SHALL</strong> support 
																							<code>read</code>.</li></ul><p>Fetch and Search Criteria:</p><ul><li>
					A Server <strong>SHALL</strong> be capable of returning a Coverage resource using:
					<br/>
						<code class="highlighter-rouge">GET [base]/Coverage/[id]</code>
				</li><br/><!--  Only SHOULDs -->SHALL for include for now the capability statement does not create the primitive
				     extensios for this yet.  --&gt;
				
				<li>
					A Server <strong>SHALL</strong> be capable of supporting the following _includes:
					<br/>
					
						Coverage:payor - <code class="highlighter-rouge">GET [base]/Coverage?[parameter=value]&amp;_include=Coverage:payor</code><br/>
					
				</li><br/><!--  Only SHALLs for revinclude for now the capability statement does not create the primitive extensios for this yet  --></ul><hr/><h4 id="explanationofbenefit" class="no_toc">ExplanationOfBenefit</h4><p>Conformance Expectation:	<strong>SHALL</strong></p><p>Supported Profiles:
				
											<a href="StructureDefinition-C4BB-ExplanationOfBenefit.html">C4BB-ExplanationOfBenefit</a>, 
				
											<a href="StructureDefinition-C4BB-ExplanationOfBenefit-Inpatient-Institutional.html">C4BB-ExplanationOfBenefit-Inpatient-Institutional</a>, 
				
											<a href="StructureDefinition-C4BB-ExplanationOfBenefit-Outpatient-Institutional.html">C4BB-ExplanationOfBenefit-Outpatient-Institutional</a>, 
				
											<a href="StructureDefinition-C4BB-ExplanationOfBenefit-Pharmacy.html">C4BB-ExplanationOfBenefit-Pharmacy</a>, 
				
											<a href="StructureDefinition-C4BB-ExplanationOfBenefit-Professional-NonClinician.html">C4BB-ExplanationOfBenefit-Professional-NonClinician</a>
				
				</p><p>Resource Specific Documentation:</p><blockquote><p>The EOB Resource is the focal Consumer-Directed Payer Data Exchange (CDPDE) Resource. Several Reference Resources are defined directly/indirectly from the EOB: Coverage, Patient, Organization (Payer ID), Practioner, Organization (Facility), PractionerRole, Location.</p><p>The Coverage Reference Resource SHALL be returned with data that was effective as of the date of service of the claim; for example, the data will reflect the employer name in effect at that time. However, for other reference resources, payers MAY decide to provide either the data that was in effect as of the date of service or the current data. All reference resources within the EOB will have meta.lastUpdated flagged as must support. Payers SHALL provide the last time the data was updated or the date of creation in the payers system of record, whichever comes last. Apps will use the meta.lastUpdated values to determine if the reference resources are as of the current date or date of service.</p><p>When an EOB references another resource (e.g., Patient or Practitioner), the reference may be versioned or versionless. Payers SHALL use versioned references whenever they maintain point-in-time data (data that was effective as of the date of service or date of admission on the claim), but MAY use versionless references when they do not maintain versioned data. Clients MAY request referenced resources as part of an EOB search (by supplying the _include parameter) or directly using read or vread. Payers SHALL support both approaches, and SHALL return the same content for referenced resources in either case. “:iterate&quot; should be used if you request to include Coverage:payor in the EOB response bundle, e.g. GET [base]/ExplanationOfBenefit?[parameter=value]&amp;_include=ExplanationOfBenefit:coverage&amp;_include:iterate=Coverage:payor.</p></blockquote><p>Reference Policy: <code>resolves</code></p><p>Profile Interaction Summary:</p><ul><li><strong>SHALL</strong> support 
																							<code>read</code><sup>†</sup>.</li></ul><blockquote>read<sup>†</sup><p>Searches using service-date, _lastUpdated, or type require a patient search argument.</p>
<p>_include:* SHALL be supported.</p>
</blockquote><p>Fetch and Search Criteria:</p><ul><li>
					A Server <strong>SHALL</strong> be capable of returning a ExplanationOfBenefit resource using:
					<br/>
						<code class="highlighter-rouge">GET [base]/ExplanationOfBenefit/[id]</code>
				</li><br/><!--  Only SHOULDs -->SHALL for include for now the capability statement does not create the primitive
				     extensios for this yet.  --&gt;
				
				<li>
					A Server <strong>SHALL</strong> be capable of supporting the following _includes:
					<br/>
					
						ExplanationOfBenefit:patient - <code class="highlighter-rouge">GET [base]/ExplanationOfBenefit?[parameter=value]&amp;_include=ExplanationOfBenefit:patient</code><br/>
					
						ExplanationOfBenefit:provider - <code class="highlighter-rouge">GET [base]/ExplanationOfBenefit?[parameter=value]&amp;_include=ExplanationOfBenefit:provider</code><br/>
					
						ExplanationOfBenefit:care-team - <code class="highlighter-rouge">GET [base]/ExplanationOfBenefit?[parameter=value]&amp;_include=ExplanationOfBenefit:care-team</code><br/>
					
						ExplanationOfBenefit:coverage - <code class="highlighter-rouge">GET [base]/ExplanationOfBenefit?[parameter=value]&amp;_include=ExplanationOfBenefit:coverage</code><br/>
					
						ExplanationOfBenefit:insurer - <code class="highlighter-rouge">GET [base]/ExplanationOfBenefit?[parameter=value]&amp;_include=ExplanationOfBenefit:insurer</code><br/>
					
						ExplanationOfBenefit:* - <code class="highlighter-rouge">GET [base]/ExplanationOfBenefit?[parameter=value]&amp;_include=ExplanationOfBenefit:*</code><br/>
					
				</li><br/><!--  Only SHALLs for revinclude for now the capability statement does not create the primitive extensios for this yet  --></ul><p>Search Parameter Summary:</p><table class="grid"><thead><tr><th>Conformance</th><th>Parameter</th><th>Type</th><th>Example</th></tr></thead><tbody><tr><td><strong>SHALL</strong></td><td><a href="http://hl7.org/fhir/R4/search.html">_id</a></td><td>
							token
						</td><td><code class="highlighter-rouge">GET [base]/ExplanationOfBenefit?_id=[id]</code></td></tr><tr><td><strong>SHALL</strong></td><td><a href="SearchParameter-explanationofbenefit-patient.html">patient</a></td><td>
							reference
						</td><td><code class="highlighter-rouge">GET [base]/ExplanationOfBenefit?patient=[patient]</code></td></tr><tr><td><strong>SHALL</strong></td><td><a href="http://hl7.org/fhir/R4/search.html">_lastUpdated</a></td><td>
							date
						</td><td><code class="highlighter-rouge">GET [base]/ExplanationOfBenefit?_lastUpdated=[_lastUpdated]</code></td></tr><tr><td><strong>SHALL</strong></td><td><a href="SearchParameter-explanationofbenefit-type.html">type</a></td><td>
							token
						</td><td><code class="highlighter-rouge">GET [base]/ExplanationOfBenefit?type=[system]|[code]</code></td></tr><tr><td><strong>SHALL</strong></td><td><a href="SearchParameter-explanationofbenefit-identifier.html">identifier</a></td><td>
							token
						</td><td><code class="highlighter-rouge">GET [base]/ExplanationOfBenefit?identifier=[system]|[code]</code></td></tr><tr><td><strong>SHALL</strong></td><td><a href="SearchParameter-explanationofbenefit-service-date.html">service-date</a></td><td>
							date
						</td><td><code class="highlighter-rouge">GET [base]/ExplanationOfBenefit?service-date=[service-date]</code></td></tr></tbody></table><hr/><h4 id="organization" class="no_toc">Organization</h4><p>Conformance Expectation:	<strong>SHALL</strong></p><p>Supported Profiles:
				
											<a href="StructureDefinition-C4BB-Organization.html">C4BB-Organization</a>
				
				</p><p>Reference Policy: <code>resolves</code></p><p>Profile Interaction Summary:</p><ul><li><strong>SHALL</strong> support 
																							<code>read</code>.</li><li><strong>SHOULD</strong> support 
																							<code>vread</code>.</li></ul><p>Fetch and Search Criteria:</p><ul><li>
					A Server <strong>SHALL</strong> be capable of returning a Organization resource using:
					<br/>
						<code class="highlighter-rouge">GET [base]/Organization/[id]</code>
				</li><br/><li>
					A Server <strong>SHOULD</strong> be capable of returning a Organization resource using:
					<br/>
						<code class="highlighter-rouge">GET [base]/Organization/[id]/_history/vid</code>
				</li><br/><!--  Only SHOULDs -->SHALL for include for now the capability statement does not create the primitive
				     extensios for this yet.  --&gt;
				
				<!--  Only SHALLs for revinclude for now the capability statement does not create the primitive extensios for this yet  --></ul><hr/><h4 id="patient" class="no_toc">Patient</h4><p>Conformance Expectation:	<strong>SHALL</strong></p><p>Supported Profiles:
				
											<a href="StructureDefinition-C4BB-Patient.html">C4BB-Patient</a>
				
				</p><p>Reference Policy: <code>resolves</code></p><p>Profile Interaction Summary:</p><ul><li><strong>SHALL</strong> support 
																							<code>read</code>.</li><li><strong>SHOULD</strong> support 
																							<code>vread</code>.</li></ul><p>Fetch and Search Criteria:</p><ul><li>
					A Server <strong>SHALL</strong> be capable of returning a Patient resource using:
					<br/>
						<code class="highlighter-rouge">GET [base]/Patient/[id]</code>
				</li><br/><li>
					A Server <strong>SHOULD</strong> be capable of returning a Patient resource using:
					<br/>
						<code class="highlighter-rouge">GET [base]/Patient/[id]/_history/vid</code>
				</li><br/><!--  Only SHOULDs -->SHALL for include for now the capability statement does not create the primitive
				     extensios for this yet.  --&gt;
				
				<!--  Only SHALLs for revinclude for now the capability statement does not create the primitive extensios for this yet  --></ul><hr/><h4 id="practitioner" class="no_toc">Practitioner</h4><p>Conformance Expectation:	<strong>SHALL</strong></p><p>Supported Profiles:
				
											<a href="StructureDefinition-C4BB-Practitioner.html">C4BB-Practitioner</a>
				
				</p><p>Reference Policy: <code>resolves</code></p><p>Profile Interaction Summary:</p><ul><li><strong>SHALL</strong> support 
																							<code>read</code>.</li><li><strong>SHOULD</strong> support 
																							<code>vread</code>.</li></ul><p>Fetch and Search Criteria:</p><ul><li>
					A Server <strong>SHALL</strong> be capable of returning a Practitioner resource using:
					<br/>
						<code class="highlighter-rouge">GET [base]/Practitioner/[id]</code>
				</li><br/><li>
					A Server <strong>SHOULD</strong> be capable of returning a Practitioner resource using:
					<br/>
						<code class="highlighter-rouge">GET [base]/Practitioner/[id]/_history/vid</code>
				</li><br/><!--  Only SHOULDs -->SHALL for include for now the capability statement does not create the primitive
				     extensios for this yet.  --&gt;
				
				<!--  Only SHALLs for revinclude for now the capability statement does not create the primitive extensios for this yet  --></ul><hr/><br/></div></text><url value="http://hl7.org/fhir/us/carin-bb/CapabilityStatement/c4bb"/><version value="0.1.4"/><name value="CarinBbCapabilityStatement"/><title value="C4BB CapabilityStatement"/><status value="active"/><experimental value="false"/><date value="2020-09-24"/><publisher value="HL7 Financial Management Working Group"/><contact><name value="HL7 Financial Management Working Group"/><telecom><system value="url"/><value value="http://www.hl7.org/Special/committees/fm/index.cfm"/></telecom><telecom><system value="email"/><value value="fm@lists.HL7.org"/></telecom></contact><description value="This Section describes the expected capabilities of the C4BB Server actor which is responsible for providing responses to the queries submitted by the C4BB Requestors. "/><jurisdiction><coding><system value="urn:iso:std:iso:3166"/><code value="US"/></coding></jurisdiction><kind value="requirements"/><fhirVersion value="4.0.1"/><format value="xml"/><format value="json"/><patchFormat value="application/json-patch+json"/><implementationGuide value="http://hl7.org/fhir/us/carin-bb/ImplementationGuide/hl7.fhir.us.carin-bb"/><rest><mode value="server"/><documentation value="The C4BB  Server **SHALL**:&#xA;&#xA;1. Support all profiles defined in this Implementation Guide..&#xA;1.  Implement the RESTful behavior according to the FHIR specification.&#xA;1. Return the following response classes:&#xA;   - (Status 400): invalid parameter&#xA;   - (Status 401/4xx): unauthorized request&#xA;   - (Status 403): insufficient scope&#xA;   - (Status 404): unknown resource&#xA;   - (Status 410): deleted resource.&#xA;1. Support json source formats for all CARIN-BB interactions.&#xA;1. Identify the CARIN-BB  profiles supported as part of the FHIR `meta.profile` attribute for each instance.&#xA;&#xA;The C4BB  Server **SHOULD**:&#xA;&#xA;1. Support xml source formats for all C4BB interactions.&#xA;"/><security><description value="1. See the [General Security Considerations](/Authorization_Authentication_and_Registration.html) section for requirements and recommendations.&#xA;1. A server **SHALL** reject any unauthorized requests by returning an `HTTP 401` unauthorized response code."/></security><resource><extension url="http://hl7.org/fhir/StructureDefinition/capabilitystatement-expectation"><valueCode value="SHALL"/></extension><type value="Coverage"/><supportedProfile value="http://hl7.org/fhir/us/carin-bb/StructureDefinition/C4BB-Coverage"/><interaction><extension url="http://hl7.org/fhir/StructureDefinition/capabilitystatement-expectation"><valueCode value="SHALL"/></extension><code value="read"/></interaction><referencePolicy value="resolves"/><searchInclude value="Coverage:payor"/></resource><resource><extension url="http://hl7.org/fhir/StructureDefinition/capabilitystatement-expectation"><valueCode value="SHALL"/></extension><type value="ExplanationOfBenefit"/><supportedProfile value="http://hl7.org/fhir/us/carin-bb/StructureDefinition/C4BB-ExplanationOfBenefit"/><supportedProfile value="http://hl7.org/fhir/us/carin-bb/StructureDefinition/C4BB-ExplanationOfBenefit-Inpatient-Institutional"/><supportedProfile value="http://hl7.org/fhir/us/carin-bb/StructureDefinition/C4BB-ExplanationOfBenefit-Outpatient-Institutional"/><supportedProfile value="http://hl7.org/fhir/us/carin-bb/StructureDefinition/C4BB-ExplanationOfBenefit-Pharmacy"/><supportedProfile value="http://hl7.org/fhir/us/carin-bb/StructureDefinition/C4BB-ExplanationOfBenefit-Professional-NonClinician"/><documentation value="The EOB Resource is the focal Consumer-Directed Payer Data Exchange (CDPDE) Resource. Several Reference Resources are defined directly/indirectly from the EOB: Coverage, Patient, Organization (Payer ID), Practioner, Organization (Facility), PractionerRole, Location.&#xA;&#xA;The Coverage Reference Resource SHALL be returned with data that was effective as of the date of service of the claim; for example, the data will reflect the employer name in effect at that time. However, for other reference resources, payers MAY decide to provide either the data that was in effect as of the date of service or the current data. All reference resources within the EOB will have meta.lastUpdated flagged as must support. Payers SHALL provide the last time the data was updated or the date of creation in the payers system of record, whichever comes last. Apps will use the meta.lastUpdated values to determine if the reference resources are as of the current date or date of service.&#xA;&#xA;When an EOB references another resource (e.g., Patient or Practitioner), the reference may be versioned or versionless. Payers SHALL use versioned references whenever they maintain point-in-time data (data that was effective as of the date of service or date of admission on the claim), but MAY use versionless references when they do not maintain versioned data. Clients MAY request referenced resources as part of an EOB search (by supplying the _include parameter) or directly using read or vread. Payers SHALL support both approaches, and SHALL return the same content for referenced resources in either case. &#x201C;:iterate&quot; should be used if you request to include Coverage:payor in the EOB response bundle, e.g. GET [base]/ExplanationOfBenefit?[parameter=value]&amp;_include=ExplanationOfBenefit:coverage&amp;_include:iterate=Coverage:payor."/><interaction><extension url="http://hl7.org/fhir/StructureDefinition/capabilitystatement-expectation"><valueCode value="SHALL"/></extension><code value="read"/><documentation value="Searches using service-date, _lastUpdated, or type require a patient search argument.&#xA;&#xA;_include:* SHALL be supported.&#xA;"/></interaction><referencePolicy value="resolves"/><searchInclude value="ExplanationOfBenefit:patient"/><searchInclude value="ExplanationOfBenefit:provider"/><searchInclude value="ExplanationOfBenefit:care-team"/><searchInclude value="ExplanationOfBenefit:coverage"/><searchInclude value="ExplanationOfBenefit:insurer"/><searchInclude value="ExplanationOfBenefit:*"/><searchParam><extension url="http://hl7.org/fhir/StructureDefinition/capabilitystatement-expectation"><valueCode value="SHALL"/></extension><name value="_id"/><definition value="http://hl7.org/fhir/SearchParameter/Resource-id"/><type value="token"/></searchParam><searchParam><extension url="http://hl7.org/fhir/StructureDefinition/capabilitystatement-expectation"><valueCode value="SHALL"/></extension><name value="patient"/><definition value="http://hl7.org/fhir/us/carin-bb/SearchParameter/explanationofbenefit-patient"/><type value="reference"/></searchParam><searchParam><extension url="http://hl7.org/fhir/StructureDefinition/capabilitystatement-expectation"><valueCode value="SHALL"/></extension><name value="_lastUpdated"/><definition value="http://hl7.org/fhir/SearchParameter/Resource-lastUpdated"/><type value="date"/></searchParam><searchParam><extension url="http://hl7.org/fhir/StructureDefinition/capabilitystatement-expectation"><valueCode value="SHALL"/></extension><name value="type"/><definition value="http://hl7.org/fhir/us/carin-bb/SearchParameter/explanationofbenefit-type"/><type value="token"/></searchParam><searchParam><extension url="http://hl7.org/fhir/StructureDefinition/capabilitystatement-expectation"><valueCode value="SHALL"/></extension><name value="identifier"/><definition value="http://hl7.org/fhir/us/carin-bb/SearchParameter/explanationofbenefit-identifier"/><type value="token"/></searchParam><searchParam><extension url="http://hl7.org/fhir/StructureDefinition/capabilitystatement-expectation"><valueCode value="SHALL"/></extension><name value="service-date"/><definition value="http://hl7.org/fhir/us/carin-bb/SearchParameter/explanationofbenefit-service-date"/><type value="date"/></searchParam></resource><resource><extension url="http://hl7.org/fhir/StructureDefinition/capabilitystatement-expectation"><valueCode value="SHALL"/></extension><type value="Organization"/><supportedProfile value="http://hl7.org/fhir/us/carin-bb/StructureDefinition/C4BB-Organization"/><interaction><extension url="http://hl7.org/fhir/StructureDefinition/capabilitystatement-expectation"><valueCode value="SHALL"/></extension><code value="read"/></interaction><interaction><extension url="http://hl7.org/fhir/StructureDefinition/capabilitystatement-expectation"><valueCode value="SHOULD"/></extension><code value="vread"/></interaction><referencePolicy value="resolves"/></resource><resource><extension url="http://hl7.org/fhir/StructureDefinition/capabilitystatement-expectation"><valueCode value="SHALL"/></extension><type value="Patient"/><supportedProfile value="http://hl7.org/fhir/us/carin-bb/StructureDefinition/C4BB-Patient"/><interaction><extension url="http://hl7.org/fhir/StructureDefinition/capabilitystatement-expectation"><valueCode value="SHALL"/></extension><code value="read"/></interaction><interaction><extension url="http://hl7.org/fhir/StructureDefinition/capabilitystatement-expectation"><valueCode value="SHOULD"/></extension><code value="vread"/></interaction><referencePolicy value="resolves"/></resource><resource><extension url="http://hl7.org/fhir/StructureDefinition/capabilitystatement-expectation"><valueCode value="SHALL"/></extension><type value="Practitioner"/><supportedProfile value="http://hl7.org/fhir/us/carin-bb/StructureDefinition/C4BB-Practitioner"/><interaction><extension url="http://hl7.org/fhir/StructureDefinition/capabilitystatement-expectation"><valueCode value="SHALL"/></extension><code value="read"/></interaction><interaction><extension url="http://hl7.org/fhir/StructureDefinition/capabilitystatement-expectation"><valueCode value="SHOULD"/></extension><code value="vread"/></interaction><referencePolicy value="resolves"/></resource></rest></CapabilityStatement>