<?xml version="1.0" encoding="UTF-8"?><CodeSystem xmlns="http://hl7.org/fhir"><id value="ICD10PCSCS"/><text><status value="generated"/><div xmlns="http://www.w3.org/1999/xhtml"><p>This code system http://www.nlm.nih.gov/research/umls/icd10pcs defines many codes, but they are not represented here</p></div></text><url value="http://www.nlm.nih.gov/research/umls/icd10pcs"/><version value="0.4.1"/><name value="ICD10PCSCS"/><title value="ICD-10-PCS"/><status value="active"/><date value="2020-08-27T22:04:48+00:00"/><publisher value="HL7 Financial Management Working Group"/><contact><name value="HL7 Financial Management Working Group"/><telecom><system value="url"/><value value="http://www.hl7.org/Special/committees/fm/index.cfm"/></telecom><telecom><system value="email"/><value value="fm@lists.HL7.org"/></telecom></contact><description value="International Classification of Diseases Surgical Procedures (ICD-10)."/><jurisdiction><coding><system value="urn:iso:std:iso:3166"/><code value="US"/></coding></jurisdiction><copyright value="The code set is owned by CMS and is available for use."/><content value="not-present"/></CodeSystem>