<?xml version="1.0" encoding="UTF-8"?><CodeSystem xmlns="http://hl7.org/fhir"><id value="AdjudicationSliceCodesCS"/><text><status value="generated"/><div xmlns="http://www.w3.org/1999/xhtml"><p>This code system http://hl7.org/fhir/us/carin-bb/CodeSystem/AdjudicationSliceCodesCS defines the following codes:</p><table class="codes"><tr><td style="white-space:nowrap"><b>Code</b></td><td><b>Display</b></td><td><b>Definition</b></td></tr><tr><td style="white-space:nowrap">inoutnetwork<a name="AdjudicationSliceCodesCS-inoutnetwork"> </a></td><td>In Out Network</td><td>In Out Network</td></tr><tr><td style="white-space:nowrap">denialreason<a name="AdjudicationSliceCodesCS-denialreason"> </a></td><td>Denial Reason</td><td>Denial Reason</td></tr><tr><td style="white-space:nowrap">adjudicationamounttype<a name="AdjudicationSliceCodesCS-adjudicationamounttype"> </a></td><td>Ajudication Amount Type</td><td>Ajudication Amount Type</td></tr><tr><td style="white-space:nowrap">allowedunits<a name="AdjudicationSliceCodesCS-allowedunits"> </a></td><td>Allowed Units</td><td>Allowed Units</td></tr></table></div></text><url value="http://hl7.org/fhir/us/carin-bb/CodeSystem/AdjudicationSliceCodesCS"/><version value="0.2.0"/><name value="AdjudicationSliceCodesCS"/><title value="Adjudication Slice Codes"/><status value="active"/><date value="2020-07-17T17:10:49+00:00"/><publisher value="HL7 Financial Management Working Group"/><contact><name value="HL7 Financial Management Working Group"/><telecom><system value="url"/><value value="http://www.hl7.org/Special/committees/fm/index.cfm"/></telecom><telecom><system value="email"/><value value="fm@lists.HL7.org"/></telecom></contact><description value="Codes used to discriminate slices of adjudication and item.adjudication"/><content value="complete"/><concept><code value="inoutnetwork"/><display value="In Out Network"/><definition value="In Out Network"/></concept><concept><code value="denialreason"/><display value="Denial Reason"/><definition value="Denial Reason"/></concept><concept><code value="adjudicationamounttype"/><display value="Ajudication Amount Type"/><definition value="Ajudication Amount Type"/></concept><concept><code value="allowedunits"/><display value="Allowed Units"/><definition value="Allowed Units"/></concept></CodeSystem>