<?xml version="1.0" encoding="UTF-8"?><CodeSystem xmlns="http://hl7.org/fhir"><id value="CMSDRG"/><text><status value="generated"/><div xmlns="http://www.w3.org/1999/xhtml"><p>This code system http://www.cms.gov/ms-drg defines many codes, but they are not represented here</p></div></text><url value="http://www.cms.gov/ms-drg"/><version value="0.1.4"/><name value="CMSDRG"/><title value="CMS Diagnosis Related Group (DRG)"/><status value="active"/><date value="2020-09-17T20:30:49+00:00"/><publisher value="HL7 Financial Management Working Group"/><contact><name value="HL7 Financial Management Working Group"/><telecom><system value="url"/><value value="http://www.hl7.org/Special/committees/fm/index.cfm"/></telecom><telecom><system value="email"/><value value="fm@lists.HL7.org"/></telecom></contact><description value="Diagnosis Related Group - any of the payment categories that are used to classify patients and especially Medicare patients for the purpose of reimbursing hospitals for each case in a given &#xA;category with a fixed fee regardless of the actual costs incurred (Other DRGs, such as AP-DRGs, requires defining their specific Value Sets and Code Systems.)"/><jurisdiction><coding><system value="urn:iso:std:iso:3166"/><code value="US"/></coding></jurisdiction><copyright value="https://www.cms.gov/Medicare/Medicare-Fee-for-Service-Payment/AcuteInpatientPPS/MS-DRG-Classifications-and-Software.html&#xA; This link takes one to a list of files.   The code set is owned by CMS and is available for use."/><content value="not-present"/></CodeSystem>