<?xml version="1.0" encoding="UTF-8"?><CodeSystem xmlns="http://hl7.org/fhir"><id value="CMSPlaceofServiceCodes"/><text><status value="generated"/><div xmlns="http://www.w3.org/1999/xhtml"><p>This code system https://www.cms.gov/Medicare/Coding/place-of-service-codes/Place_of_Service_Code_Set defines many codes, but they are not represented here</p></div></text><url value="https://www.cms.gov/Medicare/Coding/place-of-service-codes/Place_of_Service_Code_Set"/><version value="0.1.4"/><name value="CMSPlaceofServiceCodes"/><title value="CMS Place of Service Codes (POS)"/><status value="active"/><date value="2020-09-24T22:50:52+00:00"/><publisher value="HL7 Financial Management Working Group"/><contact><name value="HL7 Financial Management Working Group"/><telecom><system value="url"/><value value="http://www.hl7.org/Special/committees/fm/index.cfm"/></telecom><telecom><system value="email"/><value value="fm@lists.HL7.org"/></telecom></contact><description value="Place of Service Codes are two-digit codes placed on health care professional claims to indicate the setting in which a service was provided."/><jurisdiction><coding><system value="urn:iso:std:iso:3166"/><code value="US"/></coding></jurisdiction><copyright value="The Centers for Medicare &amp; Medicaid Services (CMS) maintain Place Of Service (POS) codes used throughout the US health care industry."/><content value="not-present"/></CodeSystem>