<?xml version="1.0" encoding="UTF-8"?><CodeSystem xmlns="http://hl7.org/fhir"><id value="C4BBPayeeType"/><text><status value="generated"/><div xmlns="http://www.w3.org/1999/xhtml"><p>This code system http://hl7.org/fhir/us/carin-bb/CodeSystem/C4BBPayeeType defines the following codes:</p><table class="codes"><tr><td style="white-space:nowrap"><b>Code</b></td><td><b>Display</b></td><td><b>Definition</b></td></tr><tr><td style="white-space:nowrap">beneficiary<a name="C4BBPayeeType-beneficiary"> </a></td><td>Beneficiary</td><td>The beneficiary (patient) will be reimbursed.</td></tr></table></div></text><url value="http://hl7.org/fhir/us/carin-bb/CodeSystem/C4BBPayeeType"/><version value="0.1.4"/><name value="C4BBPayeeType"/><title value="C4BB Payee Type"/><status value="active"/><date value="2020-09-30T14:59:56+00:00"/><publisher value="HL7 Financial Management Working Group"/><contact><name value="HL7 Financial Management Working Group"/><telecom><system value="url"/><value value="http://www.hl7.org/Special/committees/fm/index.cfm"/></telecom><telecom><system value="email"/><value value="fm@lists.HL7.org"/></telecom></contact><description value="Indicates that a payee type may be a beneficiary."/><jurisdiction><coding><system value="urn:iso:std:iso:3166"/><code value="US"/></coding></jurisdiction><copyright value="This CodeSystem is not copyrighted."/><content value="complete"/><count value="1"/><concept><code value="beneficiary"/><display value="Beneficiary"/><definition value="The beneficiary (patient) will be reimbursed."/></concept></CodeSystem>