<?xml version="1.0" encoding="UTF-8"?><CodeSystem xmlns="http://hl7.org/fhir"><id value="NCPDPRejectCode"/><text><status value="generated"/><div xmlns="http://www.w3.org/1999/xhtml"><p>This code system http://ncpdp.org/RejectCode defines many codes, but they are not represented here</p></div></text><url value="http://ncpdp.org/RejectCode"/><version value="0.1.4"/><name value="NCPDPRejectCode"/><title value="NCPDP Reject Code"/><status value="active"/><date value="2020-09-25T04:13:40+00:00"/><publisher value="HL7 Financial Management Working Group"/><contact><name value="HL7 Financial Management Working Group"/><telecom><system value="url"/><value value="http://www.hl7.org/Special/committees/fm/index.cfm"/></telecom><telecom><system value="email"/><value value="fm@lists.HL7.org"/></telecom></contact><description value="Contains exception definitions for use when transaction processing cannot be completed. NCPDP field # 511-FB (Reject Code)"/><jurisdiction><coding><system value="urn:iso:std:iso:3166"/><code value="US"/></coding></jurisdiction><copyright value="NCPDP codes are available by subscription at ncpdp.org. As HL7 is working with the owning authority to finalize the url, this url is subject to change."/><content value="not-present"/></CodeSystem>