<?xml version="1.0" encoding="UTF-8"?><CodeSystem xmlns="http://hl7.org/fhir"><id value="CMSRemittanceAdviceRemarkCodes"/><text><status value="generated"/><div xmlns="http://www.w3.org/1999/xhtml"><p>This code system https://x12.org/codes/remittance-advice-remark-codes defines many codes, but they are not represented here</p></div></text><url value="https://x12.org/codes/remittance-advice-remark-codes"/><version value="0.1.4"/><name value="CMSRemittanceAdviceRemarkCodes"/><title value="CMS- Remittance Advice Remark Codes (RARC)"/><status value="active"/><date value="2020-09-24T22:50:52+00:00"/><publisher value="HL7 Financial Management Working Group"/><contact><name value="HL7 Financial Management Working Group"/><telecom><system value="url"/><value value="http://www.hl7.org/Special/committees/fm/index.cfm"/></telecom><telecom><system value="email"/><value value="fm@lists.HL7.org"/></telecom></contact><description value="RARC codes provide additional explanation for an adjustment already described by a Claim Adjustment Reason Code (CARC) or convey information about remittance processing.  &#xA;RARC codes are available at http://www.wpc-edi.com/reference/codelists/healthcare/remittance-advice-remark-codes."/><jurisdiction><coding><system value="urn:iso:std:iso:3166"/><code value="US"/></coding></jurisdiction><copyright value="The Centers for Medicare &amp; Medicaid Services (CMS) maintain Remittance Advice Remark Codes (RARC) used throughout the US health care industry."/><content value="not-present"/></CodeSystem>