<?xml version="1.0" encoding="UTF-8"?><CodeSystem xmlns="http://hl7.org/fhir"><id value="NCPDPPrescriptionOriginCodeCS"/><text><status value="generated"/><div xmlns="http://www.w3.org/1999/xhtml"><p>This code system http://www.ncpdp.org/prescription-origin-code defines many codes, but they are not represented here</p></div></text><url value="http://www.ncpdp.org/prescription-origin-code"/><version value="0.4.1"/><name value="NCPDPPrescriptionOriginCodeCS"/><title value="NCPDP Prescription Origin Code"/><status value="active"/><date value="2020-08-26T15:25:23+00:00"/><publisher value="HL7 Financial Management Working Group"/><contact><name value="HL7 Financial Management Working Group"/><telecom><system value="url"/><value value="http://www.hl7.org/Special/committees/fm/index.cfm"/></telecom><telecom><system value="email"/><value value="fm@lists.HL7.org"/></telecom></contact><description value="National Council for Prescription Drug Programs, (NCPDP)  field # 419-DJ (Prescription Origin Code)."/><jurisdiction><coding><system value="urn:iso:std:iso:3166"/><code value="US"/></coding></jurisdiction><copyright value="NCPDPCopyright"/><content value="not-present"/></CodeSystem>