<?xml version="1.0" encoding="UTF-8"?><CodeSystem xmlns="http://hl7.org/fhir"><id value="CareTeamRoleCS"/><text><status value="generated"/><div xmlns="http://www.w3.org/1999/xhtml"><p>This code system http://hl7.org/fhir/us/carin-bb/CodeSystem/CareTeamRoleCS defines the following codes:</p><table class="codes"><tr><td style="white-space:nowrap"><b>Code</b></td><td><b>Display</b></td><td><b>Definition</b></td></tr><tr><td style="white-space:nowrap">attending<a name="CareTeamRoleCS-attending"> </a></td><td>attending</td><td>Attending Provider</td></tr><tr><td style="white-space:nowrap">performing<a name="CareTeamRoleCS-performing"> </a></td><td>performing</td><td>Performing Provider</td></tr><tr><td style="white-space:nowrap">referring<a name="CareTeamRoleCS-referring"> </a></td><td>referring</td><td>Referring Provider</td></tr><tr><td style="white-space:nowrap">pcp<a name="CareTeamRoleCS-pcp"> </a></td><td>pcp</td><td>Primary Care Provider</td></tr><tr><td style="white-space:nowrap">site<a name="CareTeamRoleCS-site"> </a></td><td>site</td><td>Site Provider</td></tr><tr><td style="white-space:nowrap">prescribing<a name="CareTeamRoleCS-prescribing"> </a></td><td>prescribing</td><td>Prescribing Provider</td></tr><tr><td style="white-space:nowrap">supervising<a name="CareTeamRoleCS-supervising"> </a></td><td>supervising</td><td>Supervising</td></tr></table></div></text><url value="http://hl7.org/fhir/us/carin-bb/CodeSystem/CareTeamRoleCS"/><version value="0.4.1"/><name value="CareTeamRoleCS"/><title value="Payer Provider Role"/><status value="active"/><date value="2020-08-26T21:53:04+00:00"/><publisher value="HL7 Financial Management Working Group"/><contact><name value="HL7 Financial Management Working Group"/><telecom><system value="url"/><value value="http://www.hl7.org/Special/committees/fm/index.cfm"/></telecom><telecom><system value="email"/><value value="fm@lists.HL7.org"/></telecom></contact><description value="Payer Provider Role"/><jurisdiction><coding><system value="urn:iso:std:iso:3166"/><code value="US"/></coding></jurisdiction><content value="complete"/><count value="7"/><concept><code value="attending"/><display value="attending"/><definition value="Attending Provider"/></concept><concept><code value="performing"/><display value="performing"/><definition value="Performing Provider"/></concept><concept><code value="referring"/><display value="referring"/><definition value="Referring Provider"/></concept><concept><code value="pcp"/><display value="pcp"/><definition value="Primary Care Provider"/></concept><concept><code value="site"/><display value="site"/><definition value="Site Provider"/></concept><concept><code value="prescribing"/><display value="prescribing"/><definition value="Prescribing Provider"/></concept><concept><code value="supervising"/><display value="supervising"/><definition value="Supervising"/></concept></CodeSystem>