<?xml version="1.0" encoding="UTF-8"?><CodeSystem xmlns="http://hl7.org/fhir"><id value="ICD10PCS"/><text><status value="generated"/><div xmlns="http://www.w3.org/1999/xhtml"><p>This code system https://www.cms.gov/Medicare/Coding/ICD10 defines many codes, but they are not represented here</p></div></text><url value="https://www.cms.gov/Medicare/Coding/ICD10"/><version value="0.1.10"/><name value="ICD10PCS"/><title value="ICD-10 Procedure Coding System"/><status value="active"/><date value="2020-11-10T23:20:04+00:00"/><publisher value="HL7 Financial Management Working Group"/><contact><name value="HL7 Financial Management Working Group"/><telecom><system value="url"/><value value="http://www.hl7.org/Special/committees/fm/index.cfm"/></telecom><telecom><system value="email"/><value value="fm@lists.HL7.org"/></telecom></contact><description value="The ICD-10-PCS is a procedure classification published by the United States Centers for Medicare &amp; Medicaid Services (CMS) ([https://www.cms.gov](https://www.cms.gov/)) for classifying procedures  &#xA;performed in hospital inpatient health care settings.&#xA;&#xA;Link to information about the code system - including how to obtain the content: &#xA;&#xA;[https://www.cms.gov/Medicare/Coding/ICD10](https://www.cms.gov/Medicare/Coding/ICD10)&#xA;&#xA;Note: CMS is the owner of the ICD-10-PCS code system. CMS is NOT the owner of ICD-10-CM. CMS republishes the ICD-10-CM codes system on their website for convienence only. For authoratative information on ICD-10-CM, users should refer to the National Center for Health Statistics (NCHS) site located [here](https://www.cdc.gov/nchs/icd/icd10cm.htm)."/><jurisdiction><coding><system value="urn:iso:std:iso:3166"/><code value="US"/></coding></jurisdiction><copyright value="The CMS licenses its published material in order to encourage maximum use and dissemination. See  &#xA;the CMS ([https://www.cms.gov/Medicare/Coding/ICD10](https://www.cms.gov/Medicare/Coding/ICD10)) web site for more information."/><content value="not-present"/></CodeSystem>