<?xml version="1.0" encoding="UTF-8"?><CodeSystem xmlns="http://hl7.org/fhir"><id value="PayerAdjudicationCategoryCS"/><text><status value="generated"/><div xmlns="http://www.w3.org/1999/xhtml"><p>This code system http://hl7.org/fhir/us/carin-bb/CodeSystem/PayerAdjudicationCategoryCS defines the following codes:</p><table class="codes"><tr><td style="white-space:nowrap"><b>Code</b></td><td><b>Display</b></td><td><b>Definition</b></td></tr><tr><td style="white-space:nowrap">in-network<a name="PayerAdjudicationCategoryCS-in-network"> </a></td><td>in-network</td><td>in-network</td></tr><tr><td style="white-space:nowrap">out-of-network<a name="PayerAdjudicationCategoryCS-out-of-network"> </a></td><td>out-of-network</td><td>out-of-network</td></tr><tr><td style="white-space:nowrap">other<a name="PayerAdjudicationCategoryCS-other"> </a></td><td>other</td><td>other</td></tr><tr><td style="white-space:nowrap">contracted<a name="PayerAdjudicationCategoryCS-contracted"> </a></td><td>contracted</td><td>contracted</td></tr><tr><td style="white-space:nowrap">non-contracted<a name="PayerAdjudicationCategoryCS-non-contracted"> </a></td><td>non-contracted</td><td>non-contracted</td></tr><tr><td style="white-space:nowrap">subscriber<a name="PayerAdjudicationCategoryCS-subscriber"> </a></td><td>subscriber</td><td>subscriber</td></tr><tr><td style="white-space:nowrap">provider<a name="PayerAdjudicationCategoryCS-provider"> </a></td><td>provider</td><td>provider</td></tr><tr><td style="white-space:nowrap">paid<a name="PayerAdjudicationCategoryCS-paid"> </a></td><td>paid</td><td>paid</td></tr><tr><td style="white-space:nowrap">denied<a name="PayerAdjudicationCategoryCS-denied"> </a></td><td>denied</td><td>denied</td></tr><tr><td style="white-space:nowrap">submitted<a name="PayerAdjudicationCategoryCS-submitted"> </a></td><td>Submitted</td><td>Submitted</td></tr><tr><td style="white-space:nowrap">allowed<a name="PayerAdjudicationCategoryCS-allowed"> </a></td><td>Allowed</td><td>Allowed</td></tr><tr><td style="white-space:nowrap">deductible<a name="PayerAdjudicationCategoryCS-deductible"> </a></td><td>Deductible</td><td>Deductible</td></tr><tr><td style="white-space:nowrap">coins<a name="PayerAdjudicationCategoryCS-coins"> </a></td><td>coins</td><td>coins</td></tr><tr><td style="white-space:nowrap">copay<a name="PayerAdjudicationCategoryCS-copay"> </a></td><td>copay</td><td>copay</td></tr><tr><td style="white-space:nowrap">noncovered<a name="PayerAdjudicationCategoryCS-noncovered"> </a></td><td>noncovered</td><td>noncovered</td></tr><tr><td style="white-space:nowrap">priorpayerpaid<a name="PayerAdjudicationCategoryCS-priorpayerpaid"> </a></td><td>priorpayerpaid</td><td>priorpayerpaid</td></tr><tr><td style="white-space:nowrap">payment<a name="PayerAdjudicationCategoryCS-payment"> </a></td><td>payment</td><td>payment</td></tr><tr><td style="white-space:nowrap">paidbypatient<a name="PayerAdjudicationCategoryCS-paidbypatient"> </a></td><td>paid by patient</td><td>paid by patient</td></tr><tr><td style="white-space:nowrap">paidtopatient<a name="PayerAdjudicationCategoryCS-paidtopatient"> </a></td><td>paid to patient</td><td>paid to patient</td></tr><tr><td style="white-space:nowrap">paidtoprovider<a name="PayerAdjudicationCategoryCS-paidtoprovider"> </a></td><td>paid to provider</td><td>paid to provider</td></tr><tr><td style="white-space:nowrap">memberliability<a name="PayerAdjudicationCategoryCS-memberliability"> </a></td><td>member liability</td><td>member liability</td></tr><tr><td style="white-space:nowrap">discount<a name="PayerAdjudicationCategoryCS-discount"> </a></td><td>discount</td><td>discount</td></tr><tr><td style="white-space:nowrap">drugcost<a name="PayerAdjudicationCategoryCS-drugcost"> </a></td><td>drug cost</td><td>drugcost</td></tr></table></div></text><url value="http://hl7.org/fhir/us/carin-bb/CodeSystem/PayerAdjudicationCategoryCS"/><version value="0.1.0"/><name value="PayerAdjudicationCategoryCS"/><title value="Payer Adjudication Category"/><status value="active"/><date value="2020-06-17T23:21:51+00:00"/><publisher value="HL7 Financial Management Working Group"/><contact><name value="HL7 Financial Management Working Group"/><telecom><system value="url"/><value value="http://www.hl7.org/Special/committees/fm/index.cfm"/></telecom><telecom><system value="email"/><value value="fm@lists.HL7.org"/></telecom></contact><description value="Payer Adjudication Category"/><content value="complete"/><concept><code value="in-network"/><display value="in-network"/><definition value="in-network"/></concept><concept><code value="out-of-network"/><display value="out-of-network"/><definition value="out-of-network"/></concept><concept><code value="other"/><display value="other"/><definition value="other"/></concept><concept><code value="contracted"/><display value="contracted"/><definition value="contracted"/></concept><concept><code value="non-contracted"/><display value="non-contracted"/><definition value="non-contracted"/></concept><concept><code value="subscriber"/><display value="subscriber"/><definition value="subscriber"/></concept><concept><code value="provider"/><display value="provider"/><definition value="provider"/></concept><concept><code value="paid"/><display value="paid"/><definition value="paid"/></concept><concept><code value="denied"/><display value="denied"/><definition value="denied"/></concept><concept><code value="submitted"/><display value="Submitted"/><definition value="Submitted"/></concept><concept><code value="allowed"/><display value="Allowed"/><definition value="Allowed"/></concept><concept><code value="deductible"/><display value="Deductible"/><definition value="Deductible"/></concept><concept><code value="coins"/><display value="coins"/><definition value="coins"/></concept><concept><code value="copay"/><display value="copay"/><definition value="copay"/></concept><concept><code value="noncovered"/><display value="noncovered"/><definition value="noncovered"/></concept><concept><code value="priorpayerpaid"/><display value="priorpayerpaid"/><definition value="priorpayerpaid"/></concept><concept><code value="payment"/><display value="payment"/><definition value="payment"/></concept><concept><code value="paidbypatient"/><display value="paid by patient"/><definition value="paid by patient"/></concept><concept><code value="paidtopatient"/><display value="paid to patient"/><definition value="paid to patient"/></concept><concept><code value="paidtoprovider"/><display value="paid to provider"/><definition value="paid to provider"/></concept><concept><code value="memberliability"/><display value="member liability"/><definition value="member liability"/></concept><concept><code value="discount"/><display value="discount"/><definition value="discount"/></concept><concept><code value="drugcost"/><display value="drug cost"/><definition value="drugcost"/></concept></CodeSystem>