<?xml version="1.0" encoding="UTF-8"?><CodeSystem xmlns="http://hl7.org/fhir"><id value="X12ClaimAdjustmentReasonCodes"/><text><status value="generated"/><div xmlns="http://www.w3.org/1999/xhtml"><p>This code system https://x12.org/codes/claim-adjustment-reason-codes defines many codes, but they are not represented here</p></div></text><url value="https://x12.org/codes/claim-adjustment-reason-codes"/><version value="0.1.4"/><name value="X12ClaimAdjustmentReasonCodes"/><title value="X12 Claim Adjustment Reason Codes (CARC)"/><status value="active"/><date value="2020-09-25T21:04:20+00:00"/><publisher value="HL7 Financial Management Working Group"/><contact><name value="HL7 Financial Management Working Group"/><telecom><system value="url"/><value value="http://www.hl7.org/Special/committees/fm/index.cfm"/></telecom><telecom><system value="email"/><value value="fm@lists.HL7.org"/></telecom></contact><description value="CARC codes describe why a claim or service line was paid differently than it was billed.   Use of X12 CARC codes require a license.  Reference https://x12.org/codes/."/><jurisdiction><coding><system value="urn:iso:std:iso:3166"/><code value="US"/></coding></jurisdiction><copyright value="CARC codes are owned, maintained and distributed by X12."/><content value="not-present"/></CodeSystem>