<?xml version="1.0" encoding="UTF-8"?><CodeSystem xmlns="http://hl7.org/fhir"><id value="IdentifierTypeCS"/><text><status value="generated"/><div xmlns="http://www.w3.org/1999/xhtml"><p>This code system http://hl7.org/fhir/us/carin-bb/CodeSystem/IdentifierTypeCS defines the following codes:</p><table class="codes"><tr><td style="white-space:nowrap"><b>Code</b></td><td><b>Display</b></td><td><b>Definition</b></td></tr><tr><td style="white-space:nowrap">tax<a name="IdentifierTypeCS-tax"> </a></td><td>Tax ID Number</td><td>Tax ID Number</td></tr><tr><td style="white-space:nowrap">npi<a name="IdentifierTypeCS-npi"> </a></td><td>National Provider Identifier</td><td>National Provider Identifier</td></tr><tr><td style="white-space:nowrap">payerid<a name="IdentifierTypeCS-payerid"> </a></td><td>Payer ID</td><td>Payer ID</td></tr><tr><td style="white-space:nowrap">mb<a name="IdentifierTypeCS-mb"> </a></td><td>Member ID</td><td>Member ID</td></tr><tr><td style="white-space:nowrap">mr<a name="IdentifierTypeCS-mr"> </a></td><td>Medical Record Number</td><td>Medical Record Number</td></tr><tr><td style="white-space:nowrap">pt<a name="IdentifierTypeCS-pt"> </a></td><td>Patient Account Number</td><td>Patient Account Number</td></tr><tr><td style="white-space:nowrap">um<a name="IdentifierTypeCS-um"> </a></td><td>Unique Member ID</td><td>Unique Member ID</td></tr></table></div></text><url value="http://hl7.org/fhir/us/carin-bb/CodeSystem/IdentifierTypeCS"/><version value="0.1.0"/><name value="IdentifierTypeCS"/><title value="Identifier Type"/><status value="active"/><date value="2020-07-02T22:04:33+00:00"/><publisher value="HL7 Financial Management Working Group"/><contact><name value="HL7 Financial Management Working Group"/><telecom><system value="url"/><value value="http://www.hl7.org/Special/committees/fm/index.cfm"/></telecom><telecom><system value="email"/><value value="fm@lists.HL7.org"/></telecom></contact><description value="Identifier Type"/><content value="complete"/><concept><code value="tax"/><display value="Tax ID Number"/><definition value="Tax ID Number"/></concept><concept><code value="npi"/><display value="National Provider Identifier"/><definition value="National Provider Identifier"/></concept><concept><code value="payerid"/><display value="Payer ID"/><definition value="Payer ID"/></concept><concept><code value="mb"/><display value="Member ID"/><definition value="Member ID"/></concept><concept><code value="mr"/><display value="Medical Record Number"/><definition value="Medical Record Number"/></concept><concept><code value="pt"/><display value="Patient Account Number"/><definition value="Patient Account Number"/></concept><concept><code value="um"/><display value="Unique Member ID"/><definition value="Unique Member ID"/></concept></CodeSystem>