<?xml version="1.0" encoding="UTF-8"?><CodeSystem xmlns="http://hl7.org/fhir"><id value="ClaimInformationCategoryCS"/><text><status value="generated"/><div xmlns="http://www.w3.org/1999/xhtml"><p>This code system http://hl7.org/fhir/us/carin-bb/CodeSystem/ClaimInformationCategoryCS defines the following codes:</p><table class="codes"><tr><td style="white-space:nowrap"><b>Code</b></td><td><b>Display</b></td><td><b>Definition</b></td></tr><tr><td style="white-space:nowrap">billingnetworkcontractingstatus<a name="ClaimInformationCategoryCS-billingnetworkcontractingstatus"> </a></td><td>billingnetworkcontractingstatus</td><td>Undefined</td></tr><tr><td style="white-space:nowrap">attendingnetworkcontractingstatus<a name="ClaimInformationCategoryCS-attendingnetworkcontractingstatus"> </a></td><td>attendingnetworkcontractingstatus</td><td>Undefined</td></tr><tr><td style="white-space:nowrap">sitenetworkcontractingstatus<a name="ClaimInformationCategoryCS-sitenetworkcontractingstatus"> </a></td><td>sitenetworkcontractingstatus</td><td>Undefined</td></tr><tr><td style="white-space:nowrap">referringnetworkcontractingstatus<a name="ClaimInformationCategoryCS-referringnetworkcontractingstatus"> </a></td><td>referringnetworkcontractingstatus</td><td>Undefined</td></tr><tr><td style="white-space:nowrap">performingnetworkcontractingstatus<a name="ClaimInformationCategoryCS-performingnetworkcontractingstatus"> </a></td><td>performingnetworkcontractingstatus</td><td>Undefined</td></tr><tr><td style="white-space:nowrap">prescribingnetworkcontractingstatus<a name="ClaimInformationCategoryCS-prescribingnetworkcontractingstatus"> </a></td><td>prescribingnetworkcontractingstatus</td><td>Undefined</td></tr><tr><td style="white-space:nowrap">clmrecvddate<a name="ClaimInformationCategoryCS-clmrecvddate"> </a></td><td>clmrecvddate</td><td>Undefined</td></tr><tr><td style="white-space:nowrap">typeofservice<a name="ClaimInformationCategoryCS-typeofservice"> </a></td><td>typeofservice</td><td>Undefined</td></tr><tr><td style="white-space:nowrap">tob-typeoffacility<a name="ClaimInformationCategoryCS-tob-typeoffacility"> </a></td><td>tob-typeoffacility</td><td>Undefined</td></tr><tr><td style="white-space:nowrap">tob-billclassification<a name="ClaimInformationCategoryCS-tob-billclassification"> </a></td><td>tob-billclassification</td><td>Undefined</td></tr><tr><td style="white-space:nowrap">tob-frequency<a name="ClaimInformationCategoryCS-tob-frequency"> </a></td><td>tob-frequency</td><td>Undefined</td></tr><tr><td style="white-space:nowrap">admsrc<a name="ClaimInformationCategoryCS-admsrc"> </a></td><td>admsrc</td><td>Undefined</td></tr><tr><td style="white-space:nowrap">admtype<a name="ClaimInformationCategoryCS-admtype"> </a></td><td>admtype</td><td>Undefined</td></tr><tr><td style="white-space:nowrap">discharge-status<a name="ClaimInformationCategoryCS-discharge-status"> </a></td><td>discharge-status</td><td>Undefined</td></tr><tr><td style="white-space:nowrap">ms-drg<a name="ClaimInformationCategoryCS-ms-drg"> </a></td><td>ms-drg</td><td>Undefined</td></tr><tr><td style="white-space:nowrap">placeofservice<a name="ClaimInformationCategoryCS-placeofservice"> </a></td><td>placeofservice</td><td>Undefined</td></tr><tr><td style="white-space:nowrap">dayssupply<a name="ClaimInformationCategoryCS-dayssupply"> </a></td><td>dayssupply</td><td>Undefined</td></tr><tr><td style="white-space:nowrap">dawcode<a name="ClaimInformationCategoryCS-dawcode"> </a></td><td>dawcode</td><td>Undefined</td></tr><tr><td style="white-space:nowrap">refillnum<a name="ClaimInformationCategoryCS-refillnum"> </a></td><td>refillnum</td><td>Undefined</td></tr><tr><td style="white-space:nowrap">rxorigincode<a name="ClaimInformationCategoryCS-rxorigincode"> </a></td><td>rxorigincode</td><td>Undefined</td></tr><tr><td style="white-space:nowrap">brandgenericcode<a name="ClaimInformationCategoryCS-brandgenericcode"> </a></td><td>brandgenericcode</td><td>Undefined</td></tr></table></div></text><url value="http://hl7.org/fhir/us/carin-bb/CodeSystem/ClaimInformationCategoryCS"/><version value="0.1.0"/><name value="ClaimInformationCategoryCS"/><title value="Claim Information Category"/><status value="active"/><date value="2020-06-17T23:21:51+00:00"/><publisher value="HL7 Financial Management Working Group"/><contact><name value="HL7 Financial Management Working Group"/><telecom><system value="url"/><value value="http://www.hl7.org/Special/committees/fm/index.cfm"/></telecom><telecom><system value="email"/><value value="fm@lists.HL7.org"/></telecom></contact><description value="Claim Information Category - Used as the discriminator for supportingInfo"/><content value="complete"/><concept><code value="billingnetworkcontractingstatus"/><display value="billingnetworkcontractingstatus"/><definition value="Undefined"/></concept><concept><code value="attendingnetworkcontractingstatus"/><display value="attendingnetworkcontractingstatus"/><definition value="Undefined"/></concept><concept><code value="sitenetworkcontractingstatus"/><display value="sitenetworkcontractingstatus"/><definition value="Undefined"/></concept><concept><code value="referringnetworkcontractingstatus"/><display value="referringnetworkcontractingstatus"/><definition value="Undefined"/></concept><concept><code value="performingnetworkcontractingstatus"/><display value="performingnetworkcontractingstatus"/><definition value="Undefined"/></concept><concept><code value="prescribingnetworkcontractingstatus"/><display value="prescribingnetworkcontractingstatus"/><definition value="Undefined"/></concept><concept><code value="clmrecvddate"/><display value="clmrecvddate"/><definition value="Undefined"/></concept><concept><code value="typeofservice"/><display value="typeofservice"/><definition value="Undefined"/></concept><concept><code value="tob-typeoffacility"/><display value="tob-typeoffacility"/><definition value="Undefined"/></concept><concept><code value="tob-billclassification"/><display value="tob-billclassification"/><definition value="Undefined"/></concept><concept><code value="tob-frequency"/><display value="tob-frequency"/><definition value="Undefined"/></concept><concept><code value="admsrc"/><display value="admsrc"/><definition value="Undefined"/></concept><concept><code value="admtype"/><display value="admtype"/><definition value="Undefined"/></concept><concept><code value="discharge-status"/><display value="discharge-status"/><definition value="Undefined"/></concept><concept><code value="ms-drg"/><display value="ms-drg"/><definition value="Undefined"/></concept><concept><code value="placeofservice"/><display value="placeofservice"/><definition value="Undefined"/></concept><concept><code value="dayssupply"/><display value="dayssupply"/><definition value="Undefined"/></concept><concept><code value="dawcode"/><display value="dawcode"/><definition value="Undefined"/></concept><concept><code value="refillnum"/><display value="refillnum"/><definition value="Undefined"/></concept><concept><code value="rxorigincode"/><display value="rxorigincode"/><definition value="Undefined"/></concept><concept><code value="brandgenericcode"/><display value="brandgenericcode"/><definition value="Undefined"/></concept></CodeSystem>