<?xml version="1.0" encoding="UTF-8"?><CodeSystem xmlns="http://hl7.org/fhir"><id value="CMSHCPCSCodes"/><text><status value="generated"/><div xmlns="http://www.w3.org/1999/xhtml"><p>This code system http://www.cms.gov/Medicare/Coding/HCPCSReleaseCodeSets defines many codes, but they are not represented here</p></div></text><url value="http://www.cms.gov/Medicare/Coding/HCPCSReleaseCodeSets"/><version value="0.1.4"/><name value="CMSHCPCSCodes"/><title value="CMS HCPCS Codes"/><status value="active"/><date value="2020-10-06T17:44:32+00:00"/><publisher value="HL7 Financial Management Working Group"/><contact><name value="HL7 Financial Management Working Group"/><telecom><system value="url"/><value value="http://www.hl7.org/Special/committees/fm/index.cfm"/></telecom><telecom><system value="email"/><value value="fm@lists.HL7.org"/></telecom></contact><description value="HCPCS procedure codes and modifiers are submitted by providers to payers to convey the specific procedure performed.&#xA;HCPCS codes are available at http://www.cms.gov/Medicare/Coding/HCPCSReleaseCodeSets."/><jurisdiction><coding><system value="urn:iso:std:iso:3166"/><code value="US"/></coding></jurisdiction><copyright value="HCPCS Level II Alphanumeric Codes are maintained by the US Centers for Medicare and Medicaid Services (CMS) and are available for public use. As HL7 is working with the owning authority to finalize the url, this url is subject to change."/><content value="not-present"/></CodeSystem>