<?xml version="1.0" encoding="UTF-8"?><CodeSystem xmlns="http://hl7.org/fhir"><id value="X12CARCCS"/><text><status value="generated"/><div xmlns="http://www.w3.org/1999/xhtml"><p>This code system https://www.x12.org/carc defines many codes, but they are not represented here</p></div></text><url value="https://www.x12.org/carc"/><version value="0.4.2"/><name value="X12CARCCS"/><title value="X12 Claim Adjustment Reason Codes (CARC)"/><status value="active"/><date value="2020-08-28T20:07:08+00:00"/><publisher value="HL7 Financial Management Working Group"/><contact><name value="HL7 Financial Management Working Group"/><telecom><system value="url"/><value value="http://www.hl7.org/Special/committees/fm/index.cfm"/></telecom><telecom><system value="email"/><value value="fm@lists.HL7.org"/></telecom></contact><description value="Denial Reasons - Reason codes used to interpret the adjudication denial reason"/><jurisdiction><coding><system value="urn:iso:std:iso:3166"/><code value="US"/></coding></jurisdiction><copyright value="CARC codes are owned, maintained and distributed by X12.  Use of X12 codes require licenses. "/><content value="not-present"/></CodeSystem>