<?xml version="1.0" encoding="UTF-8"?><CodeSystem xmlns="http://hl7.org/fhir"><id value="ClaimAdjudicationCategory"/><text><status value="generated"/><div xmlns="http://www.w3.org/1999/xhtml"><p>This code system http://hl7.org/fhir/us/carin-bb/CodeSystem/ClaimAdjudicationCategory defines the following codes:</p><table class="codes"><tr><td style="white-space:nowrap"><b>Code</b></td><td><b>Display</b></td><td><b>Definition</b></td></tr><tr><td style="white-space:nowrap">allowedunits<a name="ClaimAdjudicationCategory-allowedunits"> </a></td><td>allowed units</td><td>Undefined</td></tr><tr><td style="white-space:nowrap">inoutnetwork<a name="ClaimAdjudicationCategory-inoutnetwork"> </a></td><td>In or Out of Network</td><td>Undefined</td></tr><tr><td style="white-space:nowrap">denialreason<a name="ClaimAdjudicationCategory-denialreason"> </a></td><td>Denial Reason</td><td>Undefined</td></tr></table></div></text><url value="http://hl7.org/fhir/us/carin-bb/CodeSystem/ClaimAdjudicationCategory"/><version value="0.1.4"/><name value="ClaimAdjudicationCategory"/><title value="Claim Adjudication Category"/><status value="active"/><date value="2020-09-15T15:14:11+00:00"/><publisher value="HL7 Financial Management Working Group"/><contact><name value="HL7 Financial Management Working Group"/><telecom><system value="url"/><value value="http://www.hl7.org/Special/committees/fm/index.cfm"/></telecom><telecom><system value="email"/><value value="fm@lists.HL7.org"/></telecom></contact><description value="Values for EOB.item.adjudication.category and total.category"/><jurisdiction><coding><system value="urn:iso:std:iso:3166"/><code value="US"/></coding></jurisdiction><copyright value="This CodeSystem is not copyrighted."/><content value="complete"/><count value="3"/><concept><code value="allowedunits"/><display value="allowed units"/><definition value="Undefined"/></concept><concept><code value="inoutnetwork"/><display value="In or Out of Network"/><definition value="Undefined"/></concept><concept><code value="denialreason"/><display value="Denial Reason"/><definition value="Undefined"/></concept></CodeSystem>