<?xml version="1.0" encoding="UTF-8"?><CodeSystem xmlns="http://hl7.org/fhir"><id value="C4BBClaimCareTeamRole"/><text><status value="generated"/><div xmlns="http://www.w3.org/1999/xhtml"><p>This code system http://hl7.org/fhir/us/carin-bb/CodeSystem/C4BBClaimCareTeamRole defines the following codes:</p><table class="codes"><tr><td style="white-space:nowrap"><b>Code</b></td><td><b>Display</b></td><td><b>Definition</b></td></tr><tr><td style="white-space:nowrap">attending<a name="C4BBClaimCareTeamRole-attending"> </a></td><td>Attending</td><td>The attending physicianr</td></tr><tr><td style="white-space:nowrap">referring<a name="C4BBClaimCareTeamRole-referring"> </a></td><td>Referring</td><td>The referring physician</td></tr><tr><td style="white-space:nowrap">operating<a name="C4BBClaimCareTeamRole-operating"> </a></td><td>Operating</td><td>The operating physician</td></tr><tr><td style="white-space:nowrap">performing<a name="C4BBClaimCareTeamRole-performing"> </a></td><td>Performing provider</td><td>The performing or rendering provider</td></tr><tr><td style="white-space:nowrap">prescribing<a name="C4BBClaimCareTeamRole-prescribing"> </a></td><td>Prescribing provider</td><td>The prescribing provider</td></tr></table></div></text><url value="http://hl7.org/fhir/us/carin-bb/CodeSystem/C4BBClaimCareTeamRole"/><version value="0.1.4"/><name value="C4BBClaimCareTeamRole"/><title value="C4BB Claim Care Team Role"/><status value="active"/><date value="2020-09-16T22:51:32+00:00"/><publisher value="HL7 Financial Management Working Group"/><contact><name value="HL7 Financial Management Working Group"/><telecom><system value="url"/><value value="http://www.hl7.org/Special/committees/fm/index.cfm"/></telecom><telecom><system value="email"/><value value="fm@lists.HL7.org"/></telecom></contact><description value="Describes functional roles of the care team members.  Complements http://terminology.hl7.org/CodeSystem/claimcareteamrole"/><jurisdiction><coding><system value="urn:iso:std:iso:3166"/><code value="US"/></coding></jurisdiction><copyright value="This Code System is not copyrighted."/><content value="complete"/><count value="5"/><concept><code value="attending"/><display value="Attending"/><definition value="The attending physicianr"/></concept><concept><code value="referring"/><display value="Referring"/><definition value="The referring physician"/></concept><concept><code value="operating"/><display value="Operating"/><definition value="The operating physician"/></concept><concept><code value="performing"/><display value="Performing provider"/><definition value="The performing or rendering provider"/></concept><concept><code value="prescribing"/><display value="Prescribing provider"/><definition value="The prescribing provider"/></concept></CodeSystem>