<?xml version="1.0" encoding="UTF-8"?><ImplementationGuide xmlns="http://hl7.org/fhir"><id value="hl7.fhir.us.carin-bb"/><text><status value="extensions"/><div xmlns="http://www.w3.org/1999/xhtml"><h2>CARINConsumerDirectedPayerDataExchange</h2><p>The official URL for this implementation guide is: </p><pre>http://hl7.org/fhir/us/carin-bb/ImplementationGuide/hl7.fhir.us.carin-bb</pre><div><p>CARIN Consumer Directed Payer Data Exchange</p>
</div></div></text><url value="http://hl7.org/fhir/us/carin-bb/ImplementationGuide/hl7.fhir.us.carin-bb"/><version value="0.4.0"/><name value="CARINConsumerDirectedPayerDataExchange"/><title value="CARIN Consumer Directed Payer Data Exchange"/><status value="active"/><date value="2020-08-13T18:04:47+00:00"/><publisher value="HL7 Financial Management Working Group"/><contact><name value="HL7 Financial Management Working Group"/><telecom><system value="url"/><value value="http://www.hl7.org/Special/committees/fm/index.cfm"/></telecom><telecom><system value="email"/><value value="fm@lists.HL7.org"/></telecom></contact><description value="CARIN Consumer Directed Payer Data Exchange"/><jurisdiction><coding><system value="urn:iso:std:iso:3166"/><code value="US"/></coding></jurisdiction><packageId value="hl7.fhir.us.carin-bb"/><license value="CC0-1.0"/><fhirVersion value="4.0.1"/><dependsOn id="hl7_fhir_us_core"><uri value="http://hl7.org/fhir/us/core/ImplementationGuide/hl7.fhir.us.core"/><packageId value="hl7.fhir.us.core"/><version value="3.1.0"/></dependsOn><definition><extension url="http://hl7.org/fhir/tools/StructureDefinition/ig-parameter"><extension url="code"><valueString value="copyrightyear"/></extension><extension url="value"><valueString value="2020+"/></extension></extension><extension url="http://hl7.org/fhir/tools/StructureDefinition/ig-parameter"><extension url="code"><valueString value="releaselabel"/></extension><extension url="value"><valueString value="STU1"/></extension></extension><extension url="http://hl7.org/fhir/tools/StructureDefinition/ig-parameter"><extension url="code"><valueString value="show-inherited-invariants"/></extension><extension url="value"><valueString value="false"/></extension></extension><extension url="http://hl7.org/fhir/tools/StructureDefinition/ig-parameter"><extension url="code"><valueString value="apply-jurisdiction"/></extension><extension url="value"><valueString value="true"/></extension></extension><extension url="http://hl7.org/fhir/tools/StructureDefinition/ig-parameter"><extension url="code"><valueString value="apply-publisher"/></extension><extension url="value"><valueString value="true"/></extension></extension><extension url="http://hl7.org/fhir/tools/StructureDefinition/ig-parameter"><extension url="code"><valueString value="path-history"/></extension><extension url="value"><valueString value="http://hl7.org/fhir/us/carin-bb/history.html"/></extension></extension><extension url="http://hl7.org/fhir/tools/StructureDefinition/ig-parameter"><extension url="code"><valueString value="autoload-resources"/></extension><extension url="value"><valueString value="true"/></extension></extension><extension url="http://hl7.org/fhir/tools/StructureDefinition/ig-parameter"><extension url="code"><valueString value="path-liquid"/></extension><extension url="value"><valueString value="template/liquid"/></extension></extension><extension url="http://hl7.org/fhir/tools/StructureDefinition/ig-parameter"><extension url="code"><valueString value="path-liquid"/></extension><extension url="value"><valueString value="input/liquid"/></extension></extension><extension url="http://hl7.org/fhir/tools/StructureDefinition/ig-parameter"><extension url="code"><valueString value="path-qa"/></extension><extension url="value"><valueString value="temp/qa"/></extension></extension><extension url="http://hl7.org/fhir/tools/StructureDefinition/ig-parameter"><extension url="code"><valueString value="path-temp"/></extension><extension url="value"><valueString value="temp/pages"/></extension></extension><extension url="http://hl7.org/fhir/tools/StructureDefinition/ig-parameter"><extension url="code"><valueString value="path-output"/></extension><extension url="value"><valueString value="output"/></extension></extension><extension url="http://hl7.org/fhir/tools/StructureDefinition/ig-parameter"><extension url="code"><valueString value="path-suppressed-warnings"/></extension><extension url="value"><valueString value="input/ignoreWarnings.txt"/></extension></extension><extension url="http://hl7.org/fhir/tools/StructureDefinition/ig-parameter"><extension url="code"><valueString value="template-html"/></extension><extension url="value"><valueString value="template-page.html"/></extension></extension><extension url="http://hl7.org/fhir/tools/StructureDefinition/ig-parameter"><extension url="code"><valueString value="template-md"/></extension><extension url="value"><valueString value="template-page-md.html"/></extension></extension><extension url="http://hl7.org/fhir/tools/StructureDefinition/ig-parameter"><extension url="code"><valueString value="apply-contact"/></extension><extension url="value"><valueString value="true"/></extension></extension><extension url="http://hl7.org/fhir/tools/StructureDefinition/ig-parameter"><extension url="code"><valueString value="apply-context"/></extension><extension url="value"><valueString value="true"/></extension></extension><extension url="http://hl7.org/fhir/tools/StructureDefinition/ig-parameter"><extension url="code"><valueString value="apply-copyright"/></extension><extension url="value"><valueString value="true"/></extension></extension><extension url="http://hl7.org/fhir/tools/StructureDefinition/ig-parameter"><extension url="code"><valueString value="apply-license"/></extension><extension url="value"><valueString value="true"/></extension></extension><extension url="http://hl7.org/fhir/tools/StructureDefinition/ig-parameter"><extension url="code"><valueString value="apply-version"/></extension><extension url="value"><valueString value="true"/></extension></extension><extension url="http://hl7.org/fhir/tools/StructureDefinition/ig-parameter"><extension url="code"><valueString value="active-tables"/></extension><extension url="value"><valueString value="true"/></extension></extension><grouping id="_dyn_capabilitystatement"><name value="Behavior: Capability Statements"/><description value="The following artifacts define the specific capabilities that different types of systems are expected to have in order to comply with this implementation guide.  Systems complying with the implementation guide are expected to declare conformance to one or more of the following capability statements."/></grouping><grouping id="_dyn_searchparameter"><name value="Behavior: Search Parameters"/><description value="These define the properties by which a RESTful server can be searched.  They can also be used for sorting and including related resources."/></grouping><grouping id="_str_abstractprofile"><name value="Structures: Abstract Profiles"/><description value="These are profiles on resources or data types that describe patterns used by other profiles, but cannot be instantiated directly.  I.e. instances can conform to profiles *based* on these abstract profiles, but do not declare conformance to the abstract profiles themselves."/></grouping><grouping id="_str_profile"><name value="Structures: Resource Profiles"/><description value="These define constraints on FHIR resources that need to be complied with by conformant implementations"/></grouping><grouping id="_term_valueset"><name value="Terminology: Value Sets"/><description value="These define sets of codes used by systems conforming with this implementation guide"/></grouping><grouping id="_term_codesystem"><name value="Terminology: Code Systems"/><description value="These define new code systems used by systems conforming with this implementation guide"/></grouping><grouping id="_ex_example"><name value="Example: Example Instances"/><description value="These are example instances that show what data produced and consumed by systems conforming with this implementation guide might look like"/></grouping><resource><extension url="http://hl7.org/fhir/StructureDefinition/implementationguide-page"><valueUri value="StructureDefinition-CARIN-BB-Coverage.html"/></extension><reference><reference value="StructureDefinition/CARIN-BB-Coverage"/></reference><name value="CARIN BB Coverage"/><description value="CARIN Blue Button Coverage Profile."/><exampleBoolean value="false"/><groupingId value="_str_profile"/></resource><resource><extension url="http://hl7.org/fhir/StructureDefinition/implementationguide-page"><valueUri value="StructureDefinition-CARIN-BB-ExplanationOfBenefit.html"/></extension><reference><reference value="StructureDefinition/CARIN-BB-ExplanationOfBenefit"/></reference><name value="CARIN BB Explanation Of Benefit"/><description value="Abstract parent profile that includes constraints that are common to the four specific ExplanationOfBenefit (EOB) profiles defined in this Implementation Guide.&#xA;All EOB instances should be from one of the four non-abstract EOB profiles defined in this Implementation Guide:  Inpatient, Outpatient, Pharmacy, and Professional/NonClinician"/><exampleBoolean value="false"/><groupingId value="_str_abstractprofile"/></resource><resource><extension url="http://hl7.org/fhir/StructureDefinition/implementationguide-page"><valueUri value="StructureDefinition-CARIN-BB-ExplanationOfBenefit-Inpatient-Facility.html"/></extension><reference><reference value="StructureDefinition/CARIN-BB-ExplanationOfBenefit-Inpatient-Facility"/></reference><name value="CARIN BB ExplanationOfBenefit Inpatient Facility"/><description value="The profile is used for Explanation of Benefits (EOBs) based on claims submitted by clinics, hospitals, skilled nursing facilities and other institutions for inpatient services, which may include the use of equipment and supplies, laboratory services, radiology services and other charges. Inpatient claims are submitted for services rendered at a facility as part of an overnight stay. &#xA;The claims data is based on the institutional claim format UB-04, submission standards adopted by the Department of Health and Human Services as form CMS-1450."/><exampleBoolean value="false"/><groupingId value="_str_profile"/></resource><resource><extension url="http://hl7.org/fhir/StructureDefinition/implementationguide-page"><valueUri value="StructureDefinition-CARIN-BB-ExplanationOfBenefit-Outpatient-Facility.html"/></extension><reference><reference value="StructureDefinition/CARIN-BB-ExplanationOfBenefit-Outpatient-Facility"/></reference><name value="CARIN BB ExplanationOfBenefit Outpatient Facility"/><description value="This profile is used for Explanation of Benefits (EOBs) based on claims submitted by clinics, hospitals, skilled nursing facilities and other institutions for outpatient services, which may include including the use of equipment and supplies, laboratory services, radiology services and other charges. Outpatient claims are submitted for services rendered at a facility that are not part of an overnight stay. &#xA;The claims data is based on the institutional claim form UB-04, submission standards adopted by the Department of Health and Human Services as form CMS-1450."/><exampleBoolean value="false"/><groupingId value="_str_profile"/></resource><resource><extension url="http://hl7.org/fhir/StructureDefinition/implementationguide-page"><valueUri value="StructureDefinition-CARIN-BB-ExplanationOfBenefit-Pharmacy.html"/></extension><reference><reference value="StructureDefinition/CARIN-BB-ExplanationOfBenefit-Pharmacy"/></reference><name value="CARIN BB ExplanationOfBenefit Pharmacy"/><description value="This profile is used for Explanation of Benefits (EOBs) based on claims submitted by retail pharmacies. &#xA;The claims data is based on submission standards adopted by the Department of Health and Human Services defined by NCPDP (National Council for Prescription Drug Program)"/><exampleBoolean value="false"/><groupingId value="_str_profile"/></resource><resource><extension url="http://hl7.org/fhir/StructureDefinition/implementationguide-page"><valueUri value="StructureDefinition-CARIN-BB-ExplanationOfBenefit-Professional-NonClinician.html"/></extension><reference><reference value="StructureDefinition/CARIN-BB-ExplanationOfBenefit-Professional-NonClinician"/></reference><name value="CARIN BB ExplanationOfBenefit Professional NonClinician"/><description value="This profile is used for Explanation of Benefits (EOBs) based on claims submitted by physicians, suppliers and other non-institutional providers for professional services. These services may be rendered in inpatient or outpatient, including office locations. &#xA;The claims data is based on the professional claim form 1500, submission standards adopted by the Department of Health and Human Services as form CMS-1500."/><exampleBoolean value="false"/><groupingId value="_str_profile"/></resource><resource><extension url="http://hl7.org/fhir/StructureDefinition/implementationguide-page"><valueUri value="StructureDefinition-CARIN-BB-Organization.html"/></extension><reference><reference value="StructureDefinition/CARIN-BB-Organization"/></reference><name value="CARIN BB Organization"/><description value="CARIN Blue Button Organization Profile."/><exampleBoolean value="false"/><groupingId value="_str_profile"/></resource><resource><extension url="http://hl7.org/fhir/StructureDefinition/implementationguide-page"><valueUri value="StructureDefinition-CARIN-BB-Patient.html"/></extension><reference><reference value="StructureDefinition/CARIN-BB-Patient"/></reference><name value="CARIN BB Patient"/><description value="CARIN Blue Button Patient Profile."/><exampleBoolean value="false"/><groupingId value="_str_profile"/></resource><resource><extension url="http://hl7.org/fhir/StructureDefinition/implementationguide-page"><valueUri value="StructureDefinition-CARIN-BB-Practitioner.html"/></extension><reference><reference value="StructureDefinition/CARIN-BB-Practitioner"/></reference><name value="CARIN BB Practitioner"/><description value="CARIN Blue Button Practitioner Profile."/><exampleBoolean value="false"/><groupingId value="_str_profile"/></resource><resource><extension url="http://hl7.org/fhir/StructureDefinition/implementationguide-page"><valueUri value="StructureDefinition-CARIN-BB-PractitionerRole.html"/></extension><reference><reference value="StructureDefinition/CARIN-BB-PractitionerRole"/></reference><name value="CARIN BB PractitionerRole"/><description value="CARIN Blue Button PractitionerRole Profile."/><exampleBoolean value="false"/><groupingId value="_str_profile"/></resource><resource><extension url="http://hl7.org/fhir/StructureDefinition/implementationguide-page"><valueUri value="ValueSet-AMACPTCMSHCPCSProcedureCodes.html"/></extension><reference><reference value="ValueSet/AMACPTCMSHCPCSProcedureCodes"/></reference><name value="AMA CPT and CMS HCPCS Procedure Codes"/><description value="AMA CPT and CMS HCPCS Procedure Codes"/><exampleBoolean value="false"/><groupingId value="_term_valueset"/></resource><resource><extension url="http://hl7.org/fhir/StructureDefinition/implementationguide-page"><valueUri value="ValueSet-AMACPTCMSHCPCSProcedureModifiers.html"/></extension><reference><reference value="ValueSet/AMACPTCMSHCPCSProcedureModifiers"/></reference><name value="AMA CPT and CMS HCPCS Modifier Codes"/><description value="AMA CPT and CMS HCPCS Modifier Codes"/><exampleBoolean value="false"/><groupingId value="_term_valueset"/></resource><resource><extension url="http://hl7.org/fhir/StructureDefinition/implementationguide-page"><valueUri value="ValueSet-AdjudicationCarinBBValueCodes.html"/></extension><reference><reference value="ValueSet/AdjudicationCarinBBValueCodes"/></reference><name value="Adjudication CARINBB Value Codes"/><description value="As per Jira FHIR-26992... HL7 Requested to fix HL7 Adjudication codesystem"/><exampleBoolean value="false"/><groupingId value="_term_valueset"/></resource><resource><extension url="http://hl7.org/fhir/StructureDefinition/implementationguide-page"><valueUri value="ValueSet-AdjudicationDenialReason.html"/></extension><reference><reference value="ValueSet/AdjudicationDenialReason"/></reference><name value="Adjudication Denial Reason"/><description value="Reason codes used to interpret the adjudication denial reason.  X12 CARC + CMS RARC"/><exampleBoolean value="false"/><groupingId value="_term_valueset"/></resource><resource><extension url="http://hl7.org/fhir/StructureDefinition/implementationguide-page"><valueUri value="ValueSet-AdjudicationValueCodes.html"/></extension><reference><reference value="ValueSet/AdjudicationValueCodes"/></reference><name value="Benefit Payment Status Category"/><description value="Benefit Payment Status Category"/><exampleBoolean value="false"/><groupingId value="_term_valueset"/></resource><resource><extension url="http://hl7.org/fhir/StructureDefinition/implementationguide-page"><valueUri value="ValueSet-BenefitPaymentStatus.html"/></extension><reference><reference value="ValueSet/BenefitPaymentStatus"/></reference><name value="Benefit Payment Status"/><description value="Indicates the in network or out of network payment status of the claim."/><exampleBoolean value="false"/><groupingId value="_term_valueset"/></resource><resource><extension url="http://hl7.org/fhir/StructureDefinition/implementationguide-page"><valueUri value="ValueSet-CARINBBInstitutionalClaimCareTeamRoleCodes.html"/></extension><reference><reference value="ValueSet/CARINBBInstitutionalClaimCareTeamRoleCodes"/></reference><name value="CARINBB Institutional Claim Care Team Roles"/><description value="Indicates the role of the provider providing the care."/><exampleBoolean value="false"/><groupingId value="_term_valueset"/></resource><resource><extension url="http://hl7.org/fhir/StructureDefinition/implementationguide-page"><valueUri value="ValueSet-CARINBBPharmacyClaimCareTeamRoleCodes.html"/></extension><reference><reference value="ValueSet/CARINBBPharmacyClaimCareTeamRoleCodes"/></reference><name value="CARINBB Pharmacy CareTeam Roles"/><description value="Indicates the role of the provider providing the care."/><exampleBoolean value="false"/><groupingId value="_term_valueset"/></resource><resource><extension url="http://hl7.org/fhir/StructureDefinition/implementationguide-page"><valueUri value="ValueSet-CARINBBProfessionalAndNonclinicanClaimCareTeamRoleCodes.html"/></extension><reference><reference value="ValueSet/CARINBBProfessionalAndNonclinicanClaimCareTeamRoleCodes"/></reference><name value="CARINBB Professional and Non-Clinician CareTeam Roles"/><description value="Indicates the role of the provider providing the care."/><exampleBoolean value="false"/><groupingId value="_term_valueset"/></resource><resource><extension url="http://hl7.org/fhir/StructureDefinition/implementationguide-page"><valueUri value="ValueSet-CMSDRG.html"/></extension><reference><reference value="ValueSet/CMSDRG"/></reference><name value="CMS-DRG"/><description value="CMS-DRG"/><exampleBoolean value="false"/><groupingId value="_term_valueset"/></resource><resource><extension url="http://hl7.org/fhir/StructureDefinition/implementationguide-page"><valueUri value="ValueSet-CMSPlaceOfService.html"/></extension><reference><reference value="ValueSet/CMSPlaceOfService"/></reference><name value="CMS Place of Service"/><description value="https://www.cms.gov/Medicare/Coding/place-of-service-codes/Place_of_Service_Code_Set.html .  The link takes one to the Place of Service list as an html document; it is not a file to which an IG can be bound.   The code set is owned by CMS and is available for use."/><exampleBoolean value="false"/><groupingId value="_term_valueset"/></resource><resource><extension url="http://hl7.org/fhir/StructureDefinition/implementationguide-page"><valueUri value="ValueSet-ClaimAdjudicationCategory.html"/></extension><reference><reference value="ValueSet/ClaimAdjudicationCategory"/></reference><name value="Claim Adjudication Category"/><description value="Values for EOB.item.adjudication.category, as per Igor"/><exampleBoolean value="false"/><groupingId value="_term_valueset"/></resource><resource><extension url="http://hl7.org/fhir/StructureDefinition/implementationguide-page"><valueUri value="ValueSet-ClaimInformationCategory.html"/></extension><reference><reference value="ValueSet/ClaimInformationCategory"/></reference><name value="Claim Information Category"/><description value="Claim Information Category - Used as the discriminator for supportingInfo"/><exampleBoolean value="false"/><groupingId value="_term_valueset"/></resource><resource><extension url="http://hl7.org/fhir/StructureDefinition/implementationguide-page"><valueUri value="ValueSet-ClaimPaymentStatusCode.html"/></extension><reference><reference value="ValueSet/ClaimPaymentStatusCode"/></reference><name value="Claim Payment Status Code"/><description value="Indicates whether the claim / item was paid or denied."/><exampleBoolean value="false"/><groupingId value="_term_valueset"/></resource><resource><extension url="http://hl7.org/fhir/StructureDefinition/implementationguide-page"><valueUri value="ValueSet-FDANDCNCPDPCompoundCode.html"/></extension><reference><reference value="ValueSet/FDANDCNCPDPCompoundCode"/></reference><name value="FDA NDC NCPDP Compound Code"/><description value="NCPDP field # 407-D7 (National Drug Code (NDC)) or NCPDP field # 406-D6 (Compound Code)"/><exampleBoolean value="false"/><groupingId value="_term_valueset"/></resource><resource><extension url="http://hl7.org/fhir/StructureDefinition/implementationguide-page"><valueUri value="ValueSet-FDANationalDrugCode.html"/></extension><reference><reference value="ValueSet/FDANationalDrugCode"/></reference><name value="FDA National Drug Code (NDC)"/><description value="FDA National Drug Code (NDC)"/><exampleBoolean value="false"/><groupingId value="_term_valueset"/></resource><resource><extension url="http://hl7.org/fhir/StructureDefinition/implementationguide-page"><valueUri value="ValueSet-ICD10CM.html"/></extension><reference><reference value="ValueSet/ICD10CM"/></reference><name value="ICD-10-CM Diagnosis Codes"/><description value="ICD-10-CM Diagnosis Codes.  ***We need ALL Codes, inactive and inactive.   Current binding is to active codes only***"/><exampleBoolean value="false"/><groupingId value="_term_valueset"/></resource><resource><extension url="http://hl7.org/fhir/StructureDefinition/implementationguide-page"><valueUri value="ValueSet-ICD10PCS.html"/></extension><reference><reference value="ValueSet/ICD10PCS"/></reference><name value="ICD-10-PCS"/><description value="ICD-10-PCS"/><exampleBoolean value="false"/><groupingId value="_term_valueset"/></resource><resource><extension url="http://hl7.org/fhir/StructureDefinition/implementationguide-page"><valueUri value="ValueSet-NCPDPBrandGenericCode.html"/></extension><reference><reference value="ValueSet/NCPDPBrandGenericCode"/></reference><name value="NCPDP Brand Generic Code"/><description value="http://www.ncpdp.org/brand-generic-code"/><exampleBoolean value="false"/><groupingId value="_term_valueset"/></resource><resource><extension url="http://hl7.org/fhir/StructureDefinition/implementationguide-page"><valueUri value="ValueSet-NCPDPDispensedAsWritten.html"/></extension><reference><reference value="ValueSet/NCPDPDispensedAsWritten"/></reference><name value="NCPDP Dispensed As Written (DAW)"/><description value="http://www.ncpdp.org/dispensed-as-written-or-product-selection-code"/><exampleBoolean value="false"/><groupingId value="_term_valueset"/></resource><resource><extension url="http://hl7.org/fhir/StructureDefinition/implementationguide-page"><valueUri value="ValueSet-NCPDPPrescriptionOriginCode.html"/></extension><reference><reference value="ValueSet/NCPDPPrescriptionOriginCode"/></reference><name value="NCPDP Prescription Origin Code"/><description value="http://www.ncpdp.org/prescription-origin-code"/><exampleBoolean value="false"/><groupingId value="_term_valueset"/></resource><resource><extension url="http://hl7.org/fhir/StructureDefinition/implementationguide-page"><valueUri value="ValueSet-NCPDPRejectCode.html"/></extension><reference><reference value="ValueSet/NCPDPRejectCode"/></reference><name value="NCPDP Reject Code"/><description value="http://www.ncpdp.org/reject-code"/><exampleBoolean value="false"/><groupingId value="_term_valueset"/></resource><resource><extension url="http://hl7.org/fhir/StructureDefinition/implementationguide-page"><valueUri value="ValueSet-NUBCPatientDischargeStatus.html"/></extension><reference><reference value="ValueSet/NUBCPatientDischargeStatus"/></reference><name value="NUBC Patient Discharge Status"/><description value="NUBC Patient Discharge Status"/><exampleBoolean value="false"/><groupingId value="_term_valueset"/></resource><resource><extension url="http://hl7.org/fhir/StructureDefinition/implementationguide-page"><valueUri value="ValueSet-NUBCPresentOnAdmission.html"/></extension><reference><reference value="ValueSet/NUBCPresentOnAdmission"/></reference><name value="NUBC Present On Admission"/><description value="NUBC Present On Admission"/><exampleBoolean value="false"/><groupingId value="_term_valueset"/></resource><resource><extension url="http://hl7.org/fhir/StructureDefinition/implementationguide-page"><valueUri value="ValueSet-NUBCPriorityOfAdmissionn.html"/></extension><reference><reference value="ValueSet/NUBCPriorityOfAdmissionn"/></reference><name value="NUBC Priority of Admission"/><description value="NUBC Priority of Admission"/><exampleBoolean value="false"/><groupingId value="_term_valueset"/></resource><resource><extension url="http://hl7.org/fhir/StructureDefinition/implementationguide-page"><valueUri value="ValueSet-PatientIdentifierType.html"/></extension><reference><reference value="ValueSet/PatientIdentifierType"/></reference><name value="Patient Identifier Type"/><description value="Patient Identifier Type"/><exampleBoolean value="false"/><groupingId value="_term_valueset"/></resource><resource><extension url="http://hl7.org/fhir/StructureDefinition/implementationguide-page"><valueUri value="ValueSet-PayerAdjudicationAmountCategory.html"/></extension><reference><reference value="ValueSet/PayerAdjudicationAmountCategory"/></reference><name value="Payer Adjudication Amount Category"/><description value="This describes the various amount fields used when payers receive and adjudicate a claim."/><exampleBoolean value="false"/><groupingId value="_term_valueset"/></resource><resource><extension url="http://hl7.org/fhir/StructureDefinition/implementationguide-page"><valueUri value="ValueSet-PayerDiagnosisPresentOnAdmissionDiagnosisType.html"/></extension><reference><reference value="ValueSet/PayerDiagnosisPresentOnAdmissionDiagnosisType"/></reference><name value="Payer Diagnosis Present On Admission Diagnosis Type"/><description value="Payer Diagnosis Present On Admission Diagnosis Type"/><exampleBoolean value="false"/><groupingId value="_term_valueset"/></resource><resource><extension url="http://hl7.org/fhir/StructureDefinition/implementationguide-page"><valueUri value="ValueSet-PayerInpatientfacilitydiagnosistype.html"/></extension><reference><reference value="ValueSet/PayerInpatientfacilitydiagnosistype"/></reference><name value="Diagnosis Type -- Inpatient Facility"/><description value="Payer Inpatient Facility Diagnosis Type"/><exampleBoolean value="false"/><groupingId value="_term_valueset"/></resource><resource><extension url="http://hl7.org/fhir/StructureDefinition/implementationguide-page"><valueUri value="ValueSet-PayerOutpatientfacilitydiagnosistype.html"/></extension><reference><reference value="ValueSet/PayerOutpatientfacilitydiagnosistype"/></reference><name value="Diagnosis Type -- Outpatient Facility"/><description value="Payer Outpatient Facility Diagnosis Type"/><exampleBoolean value="false"/><groupingId value="_term_valueset"/></resource><resource><extension url="http://hl7.org/fhir/StructureDefinition/implementationguide-page"><valueUri value="ValueSet-PayerProfessionalandnoncliniciandiagnosistype.html"/></extension><reference><reference value="ValueSet/PayerProfessionalandnoncliniciandiagnosistype"/></reference><name value="Diagnosis Type -- Professional and Non-Clinician"/><description value="Payer Professional and Non-Clinician Diagnosis Type"/><exampleBoolean value="false"/><groupingId value="_term_valueset"/></resource><resource><extension url="http://hl7.org/fhir/StructureDefinition/implementationguide-page"><valueUri value="ValueSet-PayerProviderContractingStatus.html"/></extension><reference><reference value="ValueSet/PayerProviderContractingStatus"/></reference><name value="Provider Provider Contracting Status"/><description value="Indicates that the Provider has a contract with the Plan (regardless of the network) as of the effective date of service or admission."/><exampleBoolean value="false"/><groupingId value="_term_valueset"/></resource><resource><extension url="http://hl7.org/fhir/StructureDefinition/implementationguide-page"><valueUri value="CodeSystem-CareTeamRoleCS.html"/></extension><reference><reference value="CodeSystem/CareTeamRoleCS"/></reference><name value="Payer Provider Role"/><description value="Payer Provider Role"/><exampleBoolean value="false"/><groupingId value="_term_codesystem"/></resource><resource><extension url="http://hl7.org/fhir/StructureDefinition/implementationguide-page"><valueUri value="CodeSystem-ClaimAdjudicationCategoryCS.html"/></extension><reference><reference value="CodeSystem/ClaimAdjudicationCategoryCS"/></reference><name value="Claim Adjudication Category"/><description value="Values for EOB.item.adjudication.category and total.category"/><exampleBoolean value="false"/><groupingId value="_term_codesystem"/></resource><resource><extension url="http://hl7.org/fhir/StructureDefinition/implementationguide-page"><valueUri value="CodeSystem-ClaimInformationCategoryCS.html"/></extension><reference><reference value="CodeSystem/ClaimInformationCategoryCS"/></reference><name value="Claim Information Category"/><description value="Claim Information Category - Used as the discriminator for supportingInfo"/><exampleBoolean value="false"/><groupingId value="_term_codesystem"/></resource><resource><extension url="http://hl7.org/fhir/StructureDefinition/implementationguide-page"><valueUri value="CodeSystem-IdentifierTypeCS.html"/></extension><reference><reference value="CodeSystem/IdentifierTypeCS"/></reference><name value="Identifier Type"/><description value="Identifier Type"/><exampleBoolean value="false"/><groupingId value="_term_codesystem"/></resource><resource><extension url="http://hl7.org/fhir/StructureDefinition/implementationguide-page"><valueUri value="CodeSystem-PayerAdjudicationCategoryCS.html"/></extension><reference><reference value="CodeSystem/PayerAdjudicationCategoryCS"/></reference><name value="Payer Adjudication Category"/><description value="Payer Adjudication Category"/><exampleBoolean value="false"/><groupingId value="_term_codesystem"/></resource><resource><extension url="http://hl7.org/fhir/StructureDefinition/implementationguide-page"><valueUri value="CodeSystem-PayerDiagnosisTypeCS.html"/></extension><reference><reference value="CodeSystem/PayerDiagnosisTypeCS"/></reference><name value="Payer Diagnosis Type"/><description value="Payer Diagnosis Type"/><exampleBoolean value="false"/><groupingId value="_term_codesystem"/></resource><resource><extension url="http://hl7.org/fhir/StructureDefinition/implementationguide-page"><valueUri value="ExplanationOfBenefit-BBEobOutpatientFacility.html"/></extension><reference><reference value="ExplanationOfBenefit/BBEobOutpatientFacility"/></reference><name value="BBEobOutpatientFacility"/><description value="BBEoB from Jeff"/><exampleCanonical value="http://hl7.org/fhir/us/carin-bb/StructureDefinition/CARIN-BB-ExplanationOfBenefit-Outpatient-Facility"/><groupingId value="_ex_example"/></resource><resource><extension url="http://hl7.org/fhir/StructureDefinition/implementationguide-page"><valueUri value="ExplanationOfBenefit-BBEobPharmacy.html"/></extension><reference><reference value="ExplanationOfBenefit/BBEobPharmacy"/></reference><name value="BBEobPharmacy"/><description value="BBEoB from Jeff"/><exampleCanonical value="http://hl7.org/fhir/us/carin-bb/StructureDefinition/CARIN-BB-ExplanationOfBenefit-Pharmacy"/><groupingId value="_ex_example"/></resource><resource><extension url="http://hl7.org/fhir/StructureDefinition/implementationguide-page"><valueUri value="Coverage-Coverage1.html"/></extension><reference><reference value="Coverage/Coverage1"/></reference><name value="Coverage1"/><description value="Coverage Example1"/><exampleCanonical value="http://hl7.org/fhir/us/carin-bb/StructureDefinition/CARIN-BB-Coverage"/><groupingId value="_ex_example"/></resource><resource><extension url="http://hl7.org/fhir/StructureDefinition/implementationguide-page"><valueUri value="ExplanationOfBenefit-EOBInpatient1.html"/></extension><reference><reference value="ExplanationOfBenefit/EOBInpatient1"/></reference><name value="EOBInpatient1"/><description value="EOB Inpatient Example1"/><exampleCanonical value="http://hl7.org/fhir/us/carin-bb/StructureDefinition/CARIN-BB-ExplanationOfBenefit-Inpatient-Facility"/><groupingId value="_ex_example"/></resource><resource><extension url="http://hl7.org/fhir/StructureDefinition/implementationguide-page"><valueUri value="ExplanationOfBenefit-EOBOutpatientFacility1.html"/></extension><reference><reference value="ExplanationOfBenefit/EOBOutpatientFacility1"/></reference><name value="EOBOutpatientFacility1"/><description value="EOB Outpatient Example1"/><exampleCanonical value="http://hl7.org/fhir/us/carin-bb/StructureDefinition/CARIN-BB-ExplanationOfBenefit-Outpatient-Facility"/><groupingId value="_ex_example"/></resource><resource><extension url="http://hl7.org/fhir/StructureDefinition/implementationguide-page"><valueUri value="ExplanationOfBenefit-EOBPharmacy1.html"/></extension><reference><reference value="ExplanationOfBenefit/EOBPharmacy1"/></reference><name value="EOBPharmacy1"/><description value="EOB PHarmacy Example1"/><exampleCanonical value="http://hl7.org/fhir/us/carin-bb/StructureDefinition/CARIN-BB-ExplanationOfBenefit-Pharmacy"/><groupingId value="_ex_example"/></resource><resource><extension url="http://hl7.org/fhir/StructureDefinition/implementationguide-page"><valueUri value="ExplanationOfBenefit-EOBProfessional1.html"/></extension><reference><reference value="ExplanationOfBenefit/EOBProfessional1"/></reference><name value="EOBProfessional1"/><description value="EOB Professional  Example1"/><exampleCanonical value="http://hl7.org/fhir/us/carin-bb/StructureDefinition/CARIN-BB-ExplanationOfBenefit-Professional-NonClinician"/><groupingId value="_ex_example"/></resource><resource><extension url="http://hl7.org/fhir/StructureDefinition/implementationguide-page"><valueUri value="Organization-OrganizationPayer1.html"/></extension><reference><reference value="Organization/OrganizationPayer1"/></reference><name value="OrganizationPayer1"/><description value="Payer1"/><exampleCanonical value="http://hl7.org/fhir/us/carin-bb/StructureDefinition/CARIN-BB-Organization"/><groupingId value="_ex_example"/></resource><resource><extension url="http://hl7.org/fhir/StructureDefinition/implementationguide-page"><valueUri value="Organization-OrganizationProvider1.html"/></extension><reference><reference value="Organization/OrganizationProvider1"/></reference><name value="OrganizationProvider1"/><description value="Provider 1"/><exampleCanonical value="http://hl7.org/fhir/us/carin-bb/StructureDefinition/CARIN-BB-Organization"/><groupingId value="_ex_example"/></resource><resource><extension url="http://hl7.org/fhir/StructureDefinition/implementationguide-page"><valueUri value="Patient-Patient1.html"/></extension><reference><reference value="Patient/Patient1"/></reference><name value="Patient1"/><description value="Patient Example1"/><exampleCanonical value="http://hl7.org/fhir/us/carin-bb/StructureDefinition/CARIN-BB-Patient"/><groupingId value="_ex_example"/></resource><resource><extension url="http://hl7.org/fhir/StructureDefinition/implementationguide-page"><valueUri value="SearchParameter-coverage-payor.html"/></extension><reference><reference value="SearchParameter/coverage-payor"/></reference><name value="payor"/><description value="The identity of the insurer or party paying for services"/><exampleBoolean value="false"/><groupingId value="_dyn_searchparameter"/></resource><resource><extension url="http://hl7.org/fhir/StructureDefinition/implementationguide-page"><valueUri value="SearchParameter-explanationofbenefit-care-team.html"/></extension><reference><reference value="SearchParameter/explanationofbenefit-care-team"/></reference><name value="ExplanationOfBenefit_Careteam"/><description value="Member of the CareTeam"/><exampleBoolean value="false"/><groupingId value="_dyn_searchparameter"/></resource><resource><extension url="http://hl7.org/fhir/StructureDefinition/implementationguide-page"><valueUri value="SearchParameter-explanationofbenefit-coverage.html"/></extension><reference><reference value="SearchParameter/explanationofbenefit-coverage"/></reference><name value="ExplanationOfBenefit_coverage"/><description value="The plan under which the claim was adjudicated"/><exampleBoolean value="false"/><groupingId value="_dyn_searchparameter"/></resource><resource><extension url="http://hl7.org/fhir/StructureDefinition/implementationguide-page"><valueUri value="SearchParameter-explanationofbenefit-identifier.html"/></extension><reference><reference value="SearchParameter/explanationofbenefit-identifier"/></reference><name value="ExplanationOfBenefit_Identifier"/><description value="The business/claim identifier of the Explanation of Benefit"/><exampleBoolean value="false"/><groupingId value="_dyn_searchparameter"/></resource><resource><extension url="http://hl7.org/fhir/StructureDefinition/implementationguide-page"><valueUri value="SearchParameter-explanationofbenefit-insurer.html"/></extension><reference><reference value="SearchParameter/explanationofbenefit-insurer"/></reference><name value="CARINBlueButton_ExplanationOfBenefit_Insurer_SearchParameter"/><description value="The party responsible for the claim"/><exampleBoolean value="false"/><groupingId value="_dyn_searchparameter"/></resource><resource><extension url="http://hl7.org/fhir/StructureDefinition/implementationguide-page"><valueUri value="SearchParameter-explanationofbenefit-patient.html"/></extension><reference><reference value="SearchParameter/explanationofbenefit-patient"/></reference><name value="ExplanationOfBenefit_Patient"/><description value="The reference to the patient"/><exampleBoolean value="false"/><groupingId value="_dyn_searchparameter"/></resource><resource><extension url="http://hl7.org/fhir/StructureDefinition/implementationguide-page"><valueUri value="SearchParameter-explanationofbenefit-provider.html"/></extension><reference><reference value="SearchParameter/explanationofbenefit-provider"/></reference><name value="provider"/><description value="The reference to the provider"/><exampleBoolean value="false"/><groupingId value="_dyn_searchparameter"/></resource><resource><extension url="http://hl7.org/fhir/StructureDefinition/implementationguide-page"><valueUri value="SearchParameter-explanationofbenefit-service-date.html"/></extension><reference><reference value="SearchParameter/explanationofbenefit-service-date"/></reference><name value="ExplanationOfBenefit_ServiceDate"/><description value="Date of the service for the EOB"/><exampleBoolean value="false"/><groupingId value="_dyn_searchparameter"/></resource><resource><extension url="http://hl7.org/fhir/StructureDefinition/implementationguide-page"><valueUri value="SearchParameter-explanationofbenefit-type.html"/></extension><reference><reference value="SearchParameter/explanationofbenefit-type"/></reference><name value="ExplanationOfBenefit_Type"/><description value="The type of the ExplanationOfBenefit"/><exampleBoolean value="false"/><groupingId value="_dyn_searchparameter"/></resource><resource><extension url="http://hl7.org/fhir/StructureDefinition/implementationguide-page"><valueUri value="SearchParameter-practitionerrole-organization.html"/></extension><reference><reference value="SearchParameter/practitionerrole-organization"/></reference><name value="organization"/><description value="The identity of the organization the practitioner represents / acts on behalf of"/><exampleBoolean value="false"/><groupingId value="_dyn_searchparameter"/></resource><resource><extension url="http://hl7.org/fhir/StructureDefinition/implementationguide-page"><valueUri value="SearchParameter-practitionerrole-practitioner.html"/></extension><reference><reference value="SearchParameter/practitionerrole-practitioner"/></reference><name value="practitioner"/><description value="Practitioner that is able to provide the defined services for the organization"/><exampleBoolean value="false"/><groupingId value="_dyn_searchparameter"/></resource><resource><extension url="http://hl7.org/fhir/StructureDefinition/implementationguide-page"><valueUri value="CapabilityStatement-carin-bb.html"/></extension><reference><reference value="CapabilityStatement/carin-bb"/></reference><name value="Carin Bb CapabilityStatement"/><description value="This Section describes the expected capabilities of the Carin-bb Server actor which is responsible for providing responses to the queries submitted by the Carin-bb Requestors. "/><exampleBoolean value="false"/><groupingId value="_dyn_capabilitystatement"/></resource><page><nameUrl value="toc.html"/><title value="Table of Contents"/><generation value="html"/><page><nameUrl value="index.html"/><title value="Home"/><generation value="markdown"/></page><page><nameUrl value="Background.html"/><title value="Background"/><generation value="markdown"/></page><page><nameUrl value="Use_Case.html"/><title value="Use Case"/><generation value="markdown"/></page><page><nameUrl value="profiles.html"/><title value="Profiles"/><generation value="markdown"/></page><page><nameUrl value="Authorization_Authentication_and_Registration.html"/><title value="Authorization Authentication and Registration"/><generation value="markdown"/></page><page><nameUrl value="Common_Payer_Consumer_Data_Set.html"/><title value="Common Payer Consumer Data Set"/><generation value="markdown"/></page><page><nameUrl value="downloads.html"/><title value="Downloads"/><generation value="markdown"/></page><page><nameUrl value="search.html"/><title value="Search"/><generation value="markdown"/></page><page><nameUrl value="Guidance.html"/><title value="Guidance"/><generation value="markdown"/></page><page><nameUrl value="Notes_To_Developers.html"/><title value="Notes To Developers"/><generation value="markdown"/></page><page><nameUrl value="Terminology.html"/><title value="Terminology"/><generation value="markdown"/></page><page><nameUrl value="Examples.html"/><title value="Examples"/><generation value="markdown"/></page><page><nameUrl value="artifacts.html"/><title value="Artifacts Summary"/><generation value="html"/><page><nameUrl value="CapabilityStatement-carin-bb.html"/><title value="Carin Bb CapabilityStatement"/><generation value="generated"/></page><page><nameUrl value="SearchParameter-coverage-payor.html"/><title value="payor"/><generation value="generated"/></page><page><nameUrl value="SearchParameter-explanationofbenefit-care-team.html"/><title value="ExplanationOfBenefit_Careteam"/><generation value="generated"/></page><page><nameUrl value="SearchParameter-explanationofbenefit-coverage.html"/><title value="ExplanationOfBenefit_coverage"/><generation value="generated"/></page><page><nameUrl value="SearchParameter-explanationofbenefit-identifier.html"/><title value="ExplanationOfBenefit_Identifier"/><generation value="generated"/></page><page><nameUrl value="SearchParameter-explanationofbenefit-insurer.html"/><title value="CARINBlueButton_ExplanationOfBenefit_Insurer_SearchParameter"/><generation value="generated"/></page><page><nameUrl value="SearchParameter-explanationofbenefit-patient.html"/><title value="ExplanationOfBenefit_Patient"/><generation value="generated"/></page><page><nameUrl value="SearchParameter-explanationofbenefit-provider.html"/><title value="provider"/><generation value="generated"/></page><page><nameUrl value="SearchParameter-explanationofbenefit-service-date.html"/><title value="ExplanationOfBenefit_ServiceDate"/><generation value="generated"/></page><page><nameUrl value="SearchParameter-explanationofbenefit-type.html"/><title value="ExplanationOfBenefit_Type"/><generation value="generated"/></page><page><nameUrl value="SearchParameter-practitionerrole-organization.html"/><title value="organization"/><generation value="generated"/></page><page><nameUrl value="SearchParameter-practitionerrole-practitioner.html"/><title value="practitioner"/><generation value="generated"/></page><page><nameUrl value="StructureDefinition-CARIN-BB-ExplanationOfBenefit.html"/><title value="CARIN BB Explanation Of Benefit"/><generation value="generated"/></page><page><nameUrl value="StructureDefinition-CARIN-BB-Coverage.html"/><title value="CARIN BB Coverage"/><generation value="generated"/></page><page><nameUrl value="StructureDefinition-CARIN-BB-ExplanationOfBenefit-Inpatient-Facility.html"/><title value="CARIN BB ExplanationOfBenefit Inpatient Facility"/><generation value="generated"/></page><page><nameUrl value="StructureDefinition-CARIN-BB-ExplanationOfBenefit-Outpatient-Facility.html"/><title value="CARIN BB ExplanationOfBenefit Outpatient Facility"/><generation value="generated"/></page><page><nameUrl value="StructureDefinition-CARIN-BB-ExplanationOfBenefit-Pharmacy.html"/><title value="CARIN BB ExplanationOfBenefit Pharmacy"/><generation value="generated"/></page><page><nameUrl value="StructureDefinition-CARIN-BB-ExplanationOfBenefit-Professional-NonClinician.html"/><title value="CARIN BB ExplanationOfBenefit Professional NonClinician"/><generation value="generated"/></page><page><nameUrl value="StructureDefinition-CARIN-BB-Organization.html"/><title value="CARIN BB Organization"/><generation value="generated"/></page><page><nameUrl value="StructureDefinition-CARIN-BB-Patient.html"/><title value="CARIN BB Patient"/><generation value="generated"/></page><page><nameUrl value="StructureDefinition-CARIN-BB-Practitioner.html"/><title value="CARIN BB Practitioner"/><generation value="generated"/></page><page><nameUrl value="StructureDefinition-CARIN-BB-PractitionerRole.html"/><title value="CARIN BB PractitionerRole"/><generation value="generated"/></page><page><nameUrl value="ValueSet-AMACPTCMSHCPCSProcedureCodes.html"/><title value="AMA CPT and CMS HCPCS Procedure Codes"/><generation value="generated"/></page><page><nameUrl value="ValueSet-AMACPTCMSHCPCSProcedureModifiers.html"/><title value="AMA CPT and CMS HCPCS Modifier Codes"/><generation value="generated"/></page><page><nameUrl value="ValueSet-AdjudicationCarinBBValueCodes.html"/><title value="Adjudication CARINBB Value Codes"/><generation value="generated"/></page><page><nameUrl value="ValueSet-AdjudicationDenialReason.html"/><title value="Adjudication Denial Reason"/><generation value="generated"/></page><page><nameUrl value="ValueSet-AdjudicationValueCodes.html"/><title value="Benefit Payment Status Category"/><generation value="generated"/></page><page><nameUrl value="ValueSet-BenefitPaymentStatus.html"/><title value="Benefit Payment Status"/><generation value="generated"/></page><page><nameUrl value="ValueSet-CARINBBInstitutionalClaimCareTeamRoleCodes.html"/><title value="CARINBB Institutional Claim Care Team Roles"/><generation value="generated"/></page><page><nameUrl value="ValueSet-CARINBBPharmacyClaimCareTeamRoleCodes.html"/><title value="CARINBB Pharmacy CareTeam Roles"/><generation value="generated"/></page><page><nameUrl value="ValueSet-CARINBBProfessionalAndNonclinicanClaimCareTeamRoleCodes.html"/><title value="CARINBB Professional and Non-Clinician CareTeam Roles"/><generation value="generated"/></page><page><nameUrl value="ValueSet-CMSDRG.html"/><title value="CMS-DRG"/><generation value="generated"/></page><page><nameUrl value="ValueSet-CMSPlaceOfService.html"/><title value="CMS Place of Service"/><generation value="generated"/></page><page><nameUrl value="ValueSet-ClaimAdjudicationCategory.html"/><title value="Claim Adjudication Category"/><generation value="generated"/></page><page><nameUrl value="ValueSet-ClaimInformationCategory.html"/><title value="Claim Information Category"/><generation value="generated"/></page><page><nameUrl value="ValueSet-ClaimPaymentStatusCode.html"/><title value="Claim Payment Status Code"/><generation value="generated"/></page><page><nameUrl value="ValueSet-FDANDCNCPDPCompoundCode.html"/><title value="FDA NDC NCPDP Compound Code"/><generation value="generated"/></page><page><nameUrl value="ValueSet-FDANationalDrugCode.html"/><title value="FDA National Drug Code (NDC)"/><generation value="generated"/></page><page><nameUrl value="ValueSet-ICD10CM.html"/><title value="ICD-10-CM Diagnosis Codes"/><generation value="generated"/></page><page><nameUrl value="ValueSet-ICD10PCS.html"/><title value="ICD-10-PCS"/><generation value="generated"/></page><page><nameUrl value="ValueSet-NCPDPBrandGenericCode.html"/><title value="NCPDP Brand Generic Code"/><generation value="generated"/></page><page><nameUrl value="ValueSet-NCPDPDispensedAsWritten.html"/><title value="NCPDP Dispensed As Written (DAW)"/><generation value="generated"/></page><page><nameUrl value="ValueSet-NCPDPPrescriptionOriginCode.html"/><title value="NCPDP Prescription Origin Code"/><generation value="generated"/></page><page><nameUrl value="ValueSet-NCPDPRejectCode.html"/><title value="NCPDP Reject Code"/><generation value="generated"/></page><page><nameUrl value="ValueSet-NUBCPatientDischargeStatus.html"/><title value="NUBC Patient Discharge Status"/><generation value="generated"/></page><page><nameUrl value="ValueSet-NUBCPresentOnAdmission.html"/><title value="NUBC Present On Admission"/><generation value="generated"/></page><page><nameUrl value="ValueSet-NUBCPriorityOfAdmissionn.html"/><title value="NUBC Priority of Admission"/><generation value="generated"/></page><page><nameUrl value="ValueSet-PatientIdentifierType.html"/><title value="Patient Identifier Type"/><generation value="generated"/></page><page><nameUrl value="ValueSet-PayerAdjudicationAmountCategory.html"/><title value="Payer Adjudication Amount Category"/><generation value="generated"/></page><page><nameUrl value="ValueSet-PayerDiagnosisPresentOnAdmissionDiagnosisType.html"/><title value="Payer Diagnosis Present On Admission Diagnosis Type"/><generation value="generated"/></page><page><nameUrl value="ValueSet-PayerInpatientfacilitydiagnosistype.html"/><title value="Diagnosis Type -- Inpatient Facility"/><generation value="generated"/></page><page><nameUrl value="ValueSet-PayerOutpatientfacilitydiagnosistype.html"/><title value="Diagnosis Type -- Outpatient Facility"/><generation value="generated"/></page><page><nameUrl value="ValueSet-PayerProfessionalandnoncliniciandiagnosistype.html"/><title value="Diagnosis Type -- Professional and Non-Clinician"/><generation value="generated"/></page><page><nameUrl value="ValueSet-PayerProviderContractingStatus.html"/><title value="Provider Provider Contracting Status"/><generation value="generated"/></page><page><nameUrl value="CodeSystem-CareTeamRoleCS.html"/><title value="Payer Provider Role"/><generation value="generated"/></page><page><nameUrl value="CodeSystem-ClaimAdjudicationCategoryCS.html"/><title value="Claim Adjudication Category"/><generation value="generated"/></page><page><nameUrl value="CodeSystem-ClaimInformationCategoryCS.html"/><title value="Claim Information Category"/><generation value="generated"/></page><page><nameUrl value="CodeSystem-IdentifierTypeCS.html"/><title value="Identifier Type"/><generation value="generated"/></page><page><nameUrl value="CodeSystem-PayerAdjudicationCategoryCS.html"/><title value="Payer Adjudication Category"/><generation value="generated"/></page><page><nameUrl value="CodeSystem-PayerDiagnosisTypeCS.html"/><title value="Payer Diagnosis Type"/><generation value="generated"/></page><page><nameUrl value="ExplanationOfBenefit-BBEobOutpatientFacility.html"/><title value="BBEobOutpatientFacility"/><generation value="generated"/></page><page><nameUrl value="ExplanationOfBenefit-BBEobPharmacy.html"/><title value="BBEobPharmacy"/><generation value="generated"/></page><page><nameUrl value="Coverage-Coverage1.html"/><title value="Coverage1"/><generation value="generated"/></page><page><nameUrl value="ExplanationOfBenefit-EOBInpatient1.html"/><title value="EOBInpatient1"/><generation value="generated"/></page><page><nameUrl value="ExplanationOfBenefit-EOBOutpatientFacility1.html"/><title value="EOBOutpatientFacility1"/><generation value="generated"/></page><page><nameUrl value="ExplanationOfBenefit-EOBPharmacy1.html"/><title value="EOBPharmacy1"/><generation value="generated"/></page><page><nameUrl value="ExplanationOfBenefit-EOBProfessional1.html"/><title value="EOBProfessional1"/><generation value="generated"/></page><page><nameUrl value="Organization-OrganizationPayer1.html"/><title value="OrganizationPayer1"/><generation value="generated"/></page><page><nameUrl value="Organization-OrganizationProvider1.html"/><title value="OrganizationProvider1"/><generation value="generated"/></page><page><nameUrl value="Patient-Patient1.html"/><title value="Patient1"/><generation value="generated"/></page></page></page><parameter><code value="path-resource"/><value value="input/capabilities"/></parameter><parameter><code value="path-resource"/><value value="input/examples"/></parameter><parameter><code value="path-resource"/><value value="input/extensions"/></parameter><parameter><code value="path-resource"/><value value="input/models"/></parameter><parameter><code value="path-resource"/><value value="input/operations"/></parameter><parameter><code value="path-resource"/><value value="input/profiles"/></parameter><parameter><code value="path-resource"/><value value="input/resources"/></parameter><parameter><code value="path-resource"/><value value="input/vocabulary"/></parameter><parameter><code value="path-resource"/><value value="input/maps"/></parameter><parameter><code value="path-resource"/><value value="input/testing"/></parameter><parameter><code value="path-resource"/><value value="input/history"/></parameter><parameter><code value="path-pages"/><value value="template/config"/></parameter><parameter><code value="path-pages"/><value value="input/images"/></parameter><parameter><code value="path-tx-cache"/><value value="input-cache/txcache"/></parameter></definition></ImplementationGuide>