<?xml version="1.0" encoding="UTF-8"?><SearchParameter xmlns="http://hl7.org/fhir"><id value="explanationofbenefit-care-team"/><extension url="http://hl7.org/fhir/StructureDefinition/structuredefinition-standards-status"><valueCode value="trial-use"/></extension><url value="http://hl7.org/fhir/us/carin-bb/SearchParameter/explanationofbenefit-care-team"/><version value="0.1.10"/><name value="ExplanationOfBenefit_Careteam"/><derivedFrom value="http://hl7.org/fhir/SearchParameter/ExplanationOfBenefit-care-team"/><status value="draft"/><experimental value="false"/><date value="2019-11-01T09:29:23+11:00"/><publisher value="HL7 Financial Management Working Group"/><contact><name value="HL7 Financial Management Working Group"/><telecom><system value="url"/><value value="http://www.hl7.org/Special/committees/fm/index.cfm"/></telecom><telecom><system value="email"/><value value="fm@lists.HL7.org"/></telecom></contact><description value="Member of the CareTeam"/><jurisdiction><coding><system value="urn:iso:std:iso:3166"/><code value="US"/></coding></jurisdiction><code value="care-team"/><base value="ExplanationOfBenefit"/><type value="reference"/><expression value="ExplanationOfBenefit.careTeam.provider"/><xpath value="f:ExplanationOfBenefit/f:careTeam/f:provider"/><xpathUsage value="normal"/><target value="Practitioner"/><target value="Organization"/><target value="PractitionerRole"/></SearchParameter>