<?xml version="1.0" encoding="UTF-8"?><SearchParameter xmlns="http://hl7.org/fhir"><id value="explanationofbenefit-type"/><meta><versionId value="1"/><lastUpdated value="2020-03-31T06:41:13.000+00:00"/></meta><extension url="http://hl7.org/fhir/StructureDefinition/structuredefinition-standards-status"><valueCode value="trial-use"/></extension><url value="http://hl7.org/fhir/us/carin-bb/SearchParameter/explanationofbenefit-type"/><version value="0.1.4"/><name value="ExplanationOfBenefit_Type"/><status value="active"/><experimental value="false"/><date value="2020-03-31T19:48:45+10:00"/><publisher value="HL7 Financial Management Working Group"/><contact><name value="HL7 Financial Management Working Group"/><telecom><system value="url"/><value value="http://www.hl7.org/Special/committees/fm/index.cfm"/></telecom><telecom><system value="email"/><value value="fm@lists.HL7.org"/></telecom></contact><description value="The type of the ExplanationOfBenefit"/><jurisdiction><coding><system value="urn:iso:std:iso:3166"/><code value="US"/></coding></jurisdiction><code value="type"/><base value="ExplanationOfBenefit"/><type value="token"/><expression value="ExplanationOfBenefit.type"/><xpath value="f:ExplanationOfBenefit/f:type"/><xpathUsage value="normal"/></SearchParameter>