<?xml version="1.0" encoding="UTF-8"?><SearchParameter xmlns="http://hl7.org/fhir"><id value="explanationofbenefit-insurer"/><meta><versionId value="1"/><lastUpdated value="2020-03-31T06:41:13.000+00:00"/></meta><text><status value="generated"/><div xmlns="http://www.w3.org/1999/xhtml"><h2>SearchParameter: CARINBlueButton_ExplanationOfBenefit_Insurer_SearchParameter</h2><p><b> description</b> : The party responsible for the claim
         </p></div></text><extension url="http://hl7.org/fhir/StructureDefinition/structuredefinition-standards-status"><valueCode value="trial-use"/></extension><url value="http://hl7.org/fhir/us/carin-bb/SearchParameter/explanationofbenefit-insurer"/><version value="0.1.10"/><name value="ExplanationOfBenefit_Insurer"/><status value="active"/><experimental value="false"/><date value="2020-03-31T09:48:45+00:00"/><publisher value="HL7 Financial Management Working Group"/><contact><name value="HL7 Financial Management Working Group"/><telecom><system value="url"/><value value="http://www.hl7.org/Special/committees/fm/index.cfm"/></telecom><telecom><system value="email"/><value value="fm@lists.HL7.org"/></telecom></contact><description value="The party responsible for the claim"/><jurisdiction><coding><system value="urn:iso:std:iso:3166"/><code value="US"/></coding></jurisdiction><code value="insurer"/><base value="ExplanationOfBenefit"/><type value="reference"/><expression value="ExplanationOfBenefit.insurer"/><xpath value="f:ExplanationOfBenefit/f:insurer"/><xpathUsage value="normal"/><target value="Organization"/></SearchParameter>