<?xml version="1.0" encoding="UTF-8"?><SearchParameter xmlns="http://hl7.org/fhir"><id value="practitionerrole-practitioner"/><extension url="http://hl7.org/fhir/StructureDefinition/structuredefinition-standards-status"><valueCode value="trial-use"/></extension><url value="http://hl7.org/fhir/us/carin-bb/SearchParameter/practitionerrole-practitioner"/><version value="0.1.10"/><name value="ExplanationOfBenefit_Practitioner"/><derivedFrom value="http://hl7.org/fhir/SearchParameter/PractitionerRole-practitioner"/><status value="draft"/><experimental value="false"/><date value="2019-11-01T09:29:23+11:00"/><publisher value="HL7 Financial Management Working Group"/><contact><name value="HL7 Financial Management Working Group"/><telecom><system value="url"/><value value="http://www.hl7.org/Special/committees/fm/index.cfm"/></telecom><telecom><system value="email"/><value value="fm@lists.HL7.org"/></telecom></contact><description value="Practitioner that is able to provide the defined services for the organization"/><jurisdiction><coding><system value="urn:iso:std:iso:3166"/><code value="US"/></coding></jurisdiction><code value="practitioner"/><base value="PractitionerRole"/><type value="reference"/><expression value="PractitionerRole.practitioner"/><xpath value="f:PractitionerRole/f:practitioner"/><xpathUsage value="normal"/><target value="Practitioner"/></SearchParameter>