<?xml version="1.0" encoding="UTF-8"?><ValueSet xmlns="http://hl7.org/fhir"><id value="BenefitPaymentStatus"/><text><status value="generated"/><div xmlns="http://www.w3.org/1999/xhtml"><ul><li>Include these codes as defined in <a href="CodeSystem-PayerAdjudicationCategoryCS.html"><code>http://hl7.org/fhir/us/carin-bb/CodeSystem/PayerAdjudicationCategoryCS</code></a><table class="none"><tr><td style="white-space:nowrap"><b>Code</b></td><td><b>Display</b></td></tr><tr><td><a href="CodeSystem-PayerAdjudicationCategoryCS.html#PayerAdjudicationCategoryCS-in-network">in-network</a></td><td>in-network</td><td>in-network</td></tr><tr><td><a href="CodeSystem-PayerAdjudicationCategoryCS.html#PayerAdjudicationCategoryCS-out-of-network">out-of-network</a></td><td>out-of-network</td><td>out-of-network</td></tr><tr><td><a href="CodeSystem-PayerAdjudicationCategoryCS.html#PayerAdjudicationCategoryCS-other">other</a></td><td>other</td><td>other</td></tr></table></li></ul></div></text><url value="http://hl7.org/fhir/us/carin-bb/ValueSet/BenefitPaymentStatus"/><version value="0.2.1"/><name value="BenefitPaymentStatus"/><title value="Benefit Payment Status"/><status value="active"/><date value="2020-07-24T13:41:57+00:00"/><publisher value="HL7 Financial Management Working Group"/><contact><name value="HL7 Financial Management Working Group"/><telecom><system value="url"/><value value="http://www.hl7.org/Special/committees/fm/index.cfm"/></telecom><telecom><system value="email"/><value value="fm@lists.HL7.org"/></telecom></contact><description value="Indicates the in network or out of network payment status of the claim."/><jurisdiction><coding><system value="urn:iso:std:iso:3166"/><code value="US"/></coding></jurisdiction><compose><include><system value="http://hl7.org/fhir/us/carin-bb/CodeSystem/PayerAdjudicationCategoryCS"/><concept><code value="in-network"/><display value="in-network"/></concept><concept><code value="out-of-network"/><display value="out-of-network"/></concept><concept><code value="other"/><display value="other"/></concept></include></compose></ValueSet>