<?xml version="1.0" encoding="UTF-8"?><ValueSet xmlns="http://hl7.org/fhir"><id value="C4BBClaimProfessionalAndNonClinicianDiagnosisType"/><text><status value="generated"/><div xmlns="http://www.w3.org/1999/xhtml"><ul><li>Include these codes as defined in <a href="CodeSystem-C4BBClaimDiagnosisType.html"><code>http://hl7.org/fhir/us/carin-bb/CodeSystem/C4BBClaimDiagnosisType</code></a><table class="none"><tr><td style="white-space:nowrap"><b>Code</b></td><td><b>Display</b></td></tr><tr><td><a href="CodeSystem-C4BBClaimDiagnosisType.html#C4BBClaimDiagnosisType-principal">principal</a></td><td>principal</td><td>Principal</td></tr><tr><td><a href="CodeSystem-C4BBClaimDiagnosisType.html#C4BBClaimDiagnosisType-secondary">secondary</a></td><td>secondary</td><td>Required when necessary to report additional diagnoses on professional and non-clinician claims</td></tr><tr><td><a href="CodeSystem-C4BBClaimDiagnosisType.html#C4BBClaimDiagnosisType-first-listed">first-listed</a></td><td>first-listed</td><td>First Listed</td></tr></table></li></ul></div></text><url value="http://hl7.org/fhir/us/carin-bb/ValueSet/C4BBClaimProfessionalAndNonClinicianDiagnosisType"/><version value="0.1.3"/><name value="C4BBClaimProfessionalAndNonClinicianDiagnosisType"/><title value="C4BB Claim Professional And Non Clinician Diagnosis Type"/><status value="active"/><date value="2020-09-06T12:50:51+00:00"/><publisher value="HL7 Financial Management Working Group"/><contact><name value="HL7 Financial Management Working Group"/><telecom><system value="url"/><value value="http://www.hl7.org/Special/committees/fm/index.cfm"/></telecom><telecom><system value="email"/><value value="fm@lists.HL7.org"/></telecom></contact><description value="Indicates if the professional and non-clinician diagnosis is principal or secondary"/><jurisdiction><coding><system value="urn:iso:std:iso:3166"/><code value="US"/></coding></jurisdiction><copyright value="This Valueset is not copyrighted."/><compose><include><system value="http://hl7.org/fhir/us/carin-bb/CodeSystem/C4BBClaimDiagnosisType"/><concept><code value="principal"/><display value="principal"/></concept><concept><code value="secondary"/><display value="secondary"/></concept><concept><code value="first-listed"/><display value="first-listed"/></concept></include></compose></ValueSet>