<?xml version="1.0" encoding="UTF-8"?><ValueSet xmlns="http://hl7.org/fhir"><id value="CARINBBInstitutionalClaimCareTeamRoleCodes"/><text><status value="generated"/><div xmlns="http://www.w3.org/1999/xhtml"><p>This value set includes codes based on the following rules:</p><ul><li>Include these codes as defined in <a href="https://terminology.hl7.org/1.0.0//CodeSystem-claimcareteamrole.html"><code>http://terminology.hl7.org/CodeSystem/claimcareteamrole</code></a><table class="none"><tr><td style="white-space:nowrap"><b>Code</b></td><td><b>Display</b></td></tr><tr><td><a href="https://terminology.hl7.org/1.0.0//CodeSystem-claimcareteamrole.html#claimcareteamrole-supervisor">supervisor</a></td><td>Supervising Provider</td><td>Supervising care provider.</td></tr><tr><td><a href="https://terminology.hl7.org/1.0.0//CodeSystem-claimcareteamrole.html#claimcareteamrole-primary">primary</a></td><td>Primary provider.</td><td>The primary care provider.</td></tr></table></li><li>Include these codes as defined in <a href="CodeSystem-CareTeamRoleCS.html"><code>http://hl7.org/fhir/us/carin-bb/CodeSystem/CareTeamRoleCS</code></a><table class="none"><tr><td style="white-space:nowrap"><b>Code</b></td><td><b>Display</b></td></tr><tr><td><a href="CodeSystem-CareTeamRoleCS.html#CareTeamRoleCS-attending">attending</a></td><td>Attending Provider</td><td>Attending Provider</td></tr><tr><td><a href="CodeSystem-CareTeamRoleCS.html#CareTeamRoleCS-performing">performing</a></td><td>Performing Provider</td><td>Performing Provider</td></tr><tr><td><a href="CodeSystem-CareTeamRoleCS.html#CareTeamRoleCS-referring">referring</a></td><td>Referring Provider</td><td>Referring Provider</td></tr><tr><td><a href="CodeSystem-CareTeamRoleCS.html#CareTeamRoleCS-site">site</a></td><td>Site Provider</td><td>Site Provider</td></tr><tr><td><a href="CodeSystem-CareTeamRoleCS.html#CareTeamRoleCS-prescribing">prescribing</a></td><td>Prescribing Provider</td><td>Prescribing Provider</td></tr></table></li></ul></div></text><url value="http://hl7.org/fhir/us/carin-bb/ValueSet/CARINBBInstitutionalClaimCareTeamRoleCodes"/><version value="0.3.2"/><name value="CARINBBInstitutionalClaimCareTeamRoleCodes"/><title value="CARINBB Institutional Claim Care Team Roles"/><status value="active"/><date value="2020-08-04T16:27:05+00:00"/><publisher value="HL7 Financial Management Working Group"/><contact><name value="HL7 Financial Management Working Group"/><telecom><system value="url"/><value value="http://www.hl7.org/Special/committees/fm/index.cfm"/></telecom><telecom><system value="email"/><value value="fm@lists.HL7.org"/></telecom></contact><description value="Indicates the role of the provider providing the care."/><jurisdiction><coding><system value="urn:iso:std:iso:3166"/><code value="US"/></coding></jurisdiction><compose><include><system value="http://terminology.hl7.org/CodeSystem/claimcareteamrole"/><concept><code value="supervisor"/><display value="Supervising Provider"/></concept><concept><code value="primary"/><display value="Primary provider."/></concept></include><include><system value="http://hl7.org/fhir/us/carin-bb/CodeSystem/CareTeamRoleCS"/><concept><code value="attending"/><display value="Attending Provider"/></concept><concept><code value="performing"/><display value="Performing Provider"/></concept><concept><code value="referring"/><display value="Referring Provider"/></concept><concept><code value="site"/><display value="Site Provider"/></concept><concept><code value="prescribing"/><display value="Prescribing Provider"/></concept></include></compose></ValueSet>