<?xml version="1.0" encoding="UTF-8"?><ValueSet xmlns="http://hl7.org/fhir"><id value="C4BBClaimInstitutionalCareTeamRole"/><text><status value="generated"/><div xmlns="http://www.w3.org/1999/xhtml"><p>This value set includes codes based on the following rules:</p><ul><li>Include these codes as defined in <a href="https://terminology.hl7.org/1.0.0//CodeSystem-claimcareteamrole.html"><code>http://terminology.hl7.org/CodeSystem/claimcareteamrole</code></a><table class="none"><tr><td style="white-space:nowrap"><b>Code</b></td><td><b>Display</b></td></tr><tr><td><a href="https://terminology.hl7.org/1.0.0//CodeSystem-claimcareteamrole.html#claimcareteamrole-primary">primary</a></td><td>Primary provider</td><td>The primary care provider.</td></tr><tr><td><a href="https://terminology.hl7.org/1.0.0//CodeSystem-claimcareteamrole.html#claimcareteamrole-supervisor">supervisor</a></td><td>Supervising Provider</td><td>Supervising care provider.</td></tr></table></li><li>Include these codes as defined in <a href="CodeSystem-C4BBClaimCareTeamRole.html"><code>http://hl7.org/fhir/us/carin-bb/CodeSystem/C4BBClaimCareTeamRole</code></a><table class="none"><tr><td style="white-space:nowrap"><b>Code</b></td><td><b>Display</b></td></tr><tr><td><a href="CodeSystem-C4BBClaimCareTeamRole.html#C4BBClaimCareTeamRole-attending">attending</a></td><td>Attending</td><td>The attending physicianr</td></tr><tr><td><a href="CodeSystem-C4BBClaimCareTeamRole.html#C4BBClaimCareTeamRole-referring">referring</a></td><td>Referring</td><td>The referring physician</td></tr><tr><td><a href="CodeSystem-C4BBClaimCareTeamRole.html#C4BBClaimCareTeamRole-operating">operating</a></td><td>Operating</td><td>The operating physician</td></tr></table></li></ul></div></text><url value="http://hl7.org/fhir/us/carin-bb/ValueSet/C4BBClaimInstitutionalCareTeamRole"/><version value="0.1.4"/><name value="C4BBClaimInstitutionalCareTeamRole"/><title value="C4BB Claim Institutional Care Team Role "/><status value="active"/><date value="2020-09-17T13:47:51+00:00"/><publisher value="HL7 Financial Management Working Group"/><contact><name value="HL7 Financial Management Working Group"/><telecom><system value="url"/><value value="http://www.hl7.org/Special/committees/fm/index.cfm"/></telecom><telecom><system value="email"/><value value="fm@lists.HL7.org"/></telecom></contact><description value="Describes functional roles of the care team members."/><jurisdiction><coding><system value="urn:iso:std:iso:3166"/><code value="US"/></coding></jurisdiction><copyright value="This Valueset is not copyrighted."/><compose><include><system value="http://terminology.hl7.org/CodeSystem/claimcareteamrole"/><concept><code value="primary"/></concept><concept><code value="supervisor"/></concept></include><include><system value="http://hl7.org/fhir/us/carin-bb/CodeSystem/C4BBClaimCareTeamRole"/><concept><code value="attending"/></concept><concept><code value="referring"/></concept><concept><code value="operating"/></concept></include></compose></ValueSet>