<?xml version="1.0" encoding="UTF-8"?><ValueSet xmlns="http://hl7.org/fhir"><id value="FDANDCOrCompound"/><text><status value="generated"/><div xmlns="http://www.w3.org/1999/xhtml"><p>This value set includes codes based on the following rules:</p><ul><li>Include all codes defined in <a href="https://terminology.hl7.org/1.0.0//CodeSystem-v3-ndc.html"><code>http://hl7.org/fhir/sid/ndc</code></a></li><li>Include these codes as defined in <a href="CodeSystem-C4BBCompoundLiteral.html"><code>http://hl7.org/fhir/us/carin-bb/CodeSystem/C4BBCompoundLiteral</code></a><table class="none"><tr><td style="white-space:nowrap"><b>Code</b></td><td><b>Display</b></td></tr><tr><td><a href="CodeSystem-C4BBCompoundLiteral.html#C4BBCompoundLiteral-compound">compound</a></td><td>compound</td><td>Compound</td></tr></table></li></ul></div></text><url value="http://hl7.org/fhir/us/carin-bb/ValueSet/FDANDCOrCompound"/><version value="0.1.4"/><name value="FDANDCOrCompound"/><title value="FDA NDC or Compound"/><status value="active"/><date value="2020-09-30T23:13:26+00:00"/><publisher value="HL7 Financial Management Working Group"/><contact><name value="HL7 Financial Management Working Group"/><telecom><system value="url"/><value value="http://www.hl7.org/Special/committees/fm/index.cfm"/></telecom><telecom><system value="email"/><value value="fm@lists.HL7.org"/></telecom></contact><description value="National Drug Code (NDC).  The US Federal Drug Administration (FDA) Data Standards Council assigns the first 5 digits of the 11 digit code.  NCPDP field # 407-D7.  &#xA;Values will be the NDC Codes when the Compound Code value is 0 or 1.  When the Compound Code value = 2, the value will be the literal, &#x2018;compound&#x2019;"/><jurisdiction><coding><system value="urn:iso:std:iso:3166"/><code value="US"/></coding></jurisdiction><compose><include><system value="http://hl7.org/fhir/sid/ndc"/></include><include><system value="http://hl7.org/fhir/us/carin-bb/CodeSystem/C4BBCompoundLiteral"/><concept><code value="compound"/></concept></include></compose></ValueSet>