<?xml version="1.0" encoding="UTF-8"?><ValueSet xmlns="http://hl7.org/fhir"><id value="PatientIdentifierType"/><text><status value="generated"/><div xmlns="http://www.w3.org/1999/xhtml"><p>This value set includes codes based on the following rules:</p><ul><li>Include these codes as defined in <a href="CodeSystem-IdentifierTypeCS.html"><code>http://hl7.org/fhir/us/carin-bb/CodeSystem/IdentifierTypeCS</code></a><table class="none"><tr><td style="white-space:nowrap"><b>Code</b></td><td><b>Display</b></td></tr><tr><td><a href="CodeSystem-IdentifierTypeCS.html#IdentifierTypeCS-um">um</a></td><td>Unique Member ID</td><td>Unique Member ID</td></tr><tr><td><a href="CodeSystem-IdentifierTypeCS.html#IdentifierTypeCS-mb">mb</a></td><td>Member ID</td><td>Member ID</td></tr><tr><td><a href="CodeSystem-IdentifierTypeCS.html#IdentifierTypeCS-pt">pt</a></td><td>Patient Account Number</td><td>Patient Account Number</td></tr></table></li><li>Include these codes as defined in <a href="https://terminology.hl7.org/1.0.0//CodeSystem-v2-0203.html"><code>http://terminology.hl7.org/CodeSystem/v2-0203</code></a><table class="none"><tr><td style="white-space:nowrap"><b>Code</b></td><td><b>Display</b></td></tr><tr><td><a href="https://terminology.hl7.org/1.0.0//CodeSystem-v2-0203.html#v2-0203-MR">MR</a></td><td>Medical record number</td><td>An identifier that is unique to a patient within a set of medical records, not necessarily unique within an application.</td></tr></table></li></ul></div></text><url value="http://hl7.org/fhir/us/carin-bb/ValueSet/PatientIdentifierType"/><version value="0.4.2"/><name value="PatientIdentifierType"/><title value="Patient Identifier Type"/><status value="active"/><date value="2020-08-31T22:59:55+00:00"/><publisher value="HL7 Financial Management Working Group"/><contact><name value="HL7 Financial Management Working Group"/><telecom><system value="url"/><value value="http://www.hl7.org/Special/committees/fm/index.cfm"/></telecom><telecom><system value="email"/><value value="fm@lists.HL7.org"/></telecom></contact><description value="Patient Identifier Type"/><jurisdiction><coding><system value="urn:iso:std:iso:3166"/><code value="US"/></coding></jurisdiction><copyright value="This Valueset is not copyrighted."/><compose><include><system value="http://hl7.org/fhir/us/carin-bb/CodeSystem/IdentifierTypeCS"/><concept><code value="um"/></concept><concept><code value="mb"/></concept><concept><code value="pt"/></concept></include><include><system value="http://terminology.hl7.org/CodeSystem/v2-0203"/><concept><code value="MR"/></concept></include></compose></ValueSet>