<?xml version="1.0" encoding="UTF-8"?><ValueSet xmlns="http://hl7.org/fhir"><id value="FDANationalDrugCodeVS"/><text><status value="generated"/><div xmlns="http://www.w3.org/1999/xhtml"><ul><li>Include all codes defined in <code>http://hl7.org/fhir/sid/ndc</code></li></ul></div></text><url value="http://hl7.org/fhir/us/carin-bb/ValueSet/FDANationalDrugCodeVS"/><version value="0.1.0"/><name value="FDANationalDrugCodeVS"/><title value="FDA National Drug Code (NDC)"/><status value="active"/><date value="2020-06-30T17:47:07+00:00"/><publisher value="HL7 Financial Management Working Group"/><contact><name value="HL7 Financial Management Working Group"/><telecom><system value="url"/><value value="http://www.hl7.org/Special/committees/fm/index.cfm"/></telecom><telecom><system value="email"/><value value="fm@lists.HL7.org"/></telecom></contact><description value="FDA National Drug Code (NDC)"/><compose><include><system value="http://hl7.org/fhir/sid/ndc"/></include></compose></ValueSet>