<?xml version="1.0" encoding="UTF-8"?><ValueSet xmlns="http://hl7.org/fhir"><id value="AHANUBCPatientDischargeStatus"/><text><status value="generated"/><div xmlns="http://www.w3.org/1999/xhtml"><ul><li>Include all codes defined in <a href="CodeSystem-AHANUBCPatientDischargeStatus.html"><code>http://www.nubc.org/PatientDischargeStatus</code></a></li></ul></div></text><url value="http://hl7.org/fhir/us/carin-bb/ValueSet/AHANUBCPatientDischargeStatus"/><version value="0.1.4"/><name value="AHANUBCPatientDischargeStatus"/><title value="AHA NUBC Patient Discharge Status"/><status value="active"/><date value="2020-09-29T16:34:56+00:00"/><publisher value="HL7 Financial Management Working Group"/><contact><name value="HL7 Financial Management Working Group"/><telecom><system value="url"/><value value="http://www.hl7.org/Special/committees/fm/index.cfm"/></telecom><telecom><system value="email"/><value value="fm@lists.HL7.org"/></telecom></contact><description value="UB-04 Patient Discharge Status (FL-17)"/><jurisdiction><coding><system value="urn:iso:std:iso:3166"/><code value="US"/></coding></jurisdiction><copyright value="The Official UB-04 Data Specifications Manual, copyrighted by the American Hospital Association, is the only official source of UB-04 billing information adopted by the National Uniform Billing Committee. &#xA;No other publication&#x2014;governmental or private/commercial&#x2014;can be considered authoritative. See their website for licensing terms and conditions.&#xA;As HL7 is working with the owning authority to finalize the url, this url is subject to change."/><compose><include><system value="http://www.nubc.org/PatientDischargeStatus"/></include></compose></ValueSet>