<?xml version="1.0" encoding="UTF-8"?><ValueSet xmlns="http://hl7.org/fhir"><id value="ICD10PCSVS"/><text><status value="generated"/><div xmlns="http://www.w3.org/1999/xhtml"><ul><li>Include all codes defined in <code>http://www.nlm.nih.gov/research/umls/icd10pcs</code></li></ul></div></text><url value="http://hl7.org/fhir/us/carin-bb/ValueSet/ICD10PCSVS"/><version value="0.1.0"/><name value="ICD10PCSVS"/><title value="ICD-1-PCS"/><status value="active"/><date value="2020-06-21T14:30:29+00:00"/><publisher value="HL7 Financial Management Working Group"/><contact><name value="HL7 Financial Management Working Group"/><telecom><system value="url"/><value value="http://www.hl7.org/Special/committees/fm/index.cfm"/></telecom><telecom><system value="email"/><value value="fm@lists.HL7.org"/></telecom></contact><compose><include><system value="http://www.nlm.nih.gov/research/umls/icd10pcs"/></include></compose></ValueSet>