<?xml version="1.0" encoding="UTF-8"?><ValueSet xmlns="http://hl7.org/fhir"><id value="PresentOnAdmissionDiagnosisTypeVS"/><text><status value="generated"/><div xmlns="http://www.w3.org/1999/xhtml"><ul><li>Include these codes as defined in <a href="CodeSystem-PayerDiagnosisTypeCS.html"><code>http://hl7.org/fhir/us/carin-bb/CodeSystem/PayerDiagnosisTypeCS</code></a><table class="none"><tr><td style="white-space:nowrap"><b>Code</b></td><td><b>Display</b></td></tr><tr><td><a href="CodeSystem-PayerDiagnosisTypeCS.html#PayerDiagnosisTypeCS-principal">principal</a></td><td>principal</td><td>principal</td></tr><tr><td><a href="CodeSystem-PayerDiagnosisTypeCS.html#PayerDiagnosisTypeCS-secondary">secondary</a></td><td>secondary</td><td>secondary</td></tr></table></li></ul></div></text><url value="http://hl7.org/fhir/us/carin-bb/ValueSet/PresentOnAdmissionDiagnosisTypeVS"/><version value="0.1.0"/><name value="PresentOnAdmissionDiagnosisTypeVS"/><title value="Present-on-admission Diagnosis Type"/><status value="active"/><date value="2020-06-21T16:21:55+00:00"/><publisher value="HL7 Financial Management Working Group"/><contact><name value="HL7 Financial Management Working Group"/><telecom><system value="url"/><value value="http://www.hl7.org/Special/committees/fm/index.cfm"/></telecom><telecom><system value="email"/><value value="fm@lists.HL7.org"/></telecom></contact><description value="Indicates if the Present on Admission Code applies to the Primary or secondary diagnosis"/><compose><include><system value="http://hl7.org/fhir/us/carin-bb/CodeSystem/PayerDiagnosisTypeCS"/><concept><code value="principal"/><display value="principal"/></concept><concept><code value="secondary"/><display value="secondary"/></concept></include></compose></ValueSet>