<?xml version="1.0" encoding="UTF-8"?><ValueSet xmlns="http://hl7.org/fhir"><id value="PayerDiagnosisPresentOnAdmissionDiagnosisType"/><text><status value="generated"/><div xmlns="http://www.w3.org/1999/xhtml"><ul><li>Include these codes as defined in <a href="CodeSystem-PayerDiagnosisTypeCS.html"><code>http://hl7.org/fhir/us/carin-bb/CodeSystem/PayerDiagnosisTypeCS</code></a><table class="none"><tr><td style="white-space:nowrap"><b>Code</b></td><td><b>Display</b></td></tr><tr><td><a href="CodeSystem-PayerDiagnosisTypeCS.html#PayerDiagnosisTypeCS-principal">principal</a></td><td>principal</td><td>principal</td></tr><tr><td><a href="CodeSystem-PayerDiagnosisTypeCS.html#PayerDiagnosisTypeCS-secondary">secondary</a></td><td>secondary</td><td>secondary</td></tr><tr><td><a href="CodeSystem-PayerDiagnosisTypeCS.html#PayerDiagnosisTypeCS-external-cause-of-injury">external-cause-of-injury</a></td><td>external-cause-of-injury</td><td>external-cause-of-injury</td></tr></table></li></ul></div></text><url value="http://hl7.org/fhir/us/carin-bb/ValueSet/PayerDiagnosisPresentOnAdmissionDiagnosisType"/><version value="0.4.1"/><name value="PayerDiagnosisPresentOnAdmissionDiagnosisType"/><title value="Payer Diagnosis Present On Admission Diagnosis Type"/><status value="active"/><date value="2020-08-25T15:41:34+00:00"/><publisher value="HL7 Financial Management Working Group"/><contact><name value="HL7 Financial Management Working Group"/><telecom><system value="url"/><value value="http://www.hl7.org/Special/committees/fm/index.cfm"/></telecom><telecom><system value="email"/><value value="fm@lists.HL7.org"/></telecom></contact><description value="Payer Diagnosis Present On Admission Diagnosis Type"/><jurisdiction><coding><system value="urn:iso:std:iso:3166"/><code value="US"/></coding></jurisdiction><compose><include><system value="http://hl7.org/fhir/us/carin-bb/CodeSystem/PayerDiagnosisTypeCS"/><concept><code value="principal"/></concept><concept><code value="secondary"/></concept><concept><code value="external-cause-of-injury"/></concept></include></compose></ValueSet>