<?xml version="1.0" encoding="UTF-8"?><ValueSet xmlns="http://hl7.org/fhir"><id value="PayerAdjudicationAmountCategoryVS"/><text><status value="generated"/><div xmlns="http://www.w3.org/1999/xhtml"><ul><li>Include these codes as defined in <a href="CodeSystem-PayerAdjudicationCategoryCS.html"><code>http://hl7.org/fhir/us/carin-bb/CodeSystem/PayerAdjudicationCategoryCS</code></a><table class="none"><tr><td style="white-space:nowrap"><b>Code</b></td><td><b>Display</b></td></tr><tr><td><a href="CodeSystem-PayerAdjudicationCategoryCS.html#PayerAdjudicationCategoryCS-submitted">submitted</a></td><td>Submitted</td><td>Submitted</td></tr><tr><td><a href="CodeSystem-PayerAdjudicationCategoryCS.html#PayerAdjudicationCategoryCS-allowed">allowed</a></td><td>Allowed</td><td>Allowed</td></tr><tr><td><a href="CodeSystem-PayerAdjudicationCategoryCS.html#PayerAdjudicationCategoryCS-deductible">deductible</a></td><td>Deductible</td><td>Deductible</td></tr><tr><td><a href="CodeSystem-PayerAdjudicationCategoryCS.html#PayerAdjudicationCategoryCS-coins">coins</a></td><td>coins</td><td>coins</td></tr><tr><td><a href="CodeSystem-PayerAdjudicationCategoryCS.html#PayerAdjudicationCategoryCS-copay">copay</a></td><td>copay</td><td>copay</td></tr><tr><td><a href="CodeSystem-PayerAdjudicationCategoryCS.html#PayerAdjudicationCategoryCS-noncovered">noncovered</a></td><td>noncovered</td><td>noncovered</td></tr><tr><td><a href="CodeSystem-PayerAdjudicationCategoryCS.html#PayerAdjudicationCategoryCS-priorpayerpaid">priorpayerpaid</a></td><td>priorpayerpaid</td><td>priorpayerpaid</td></tr><tr><td><a href="CodeSystem-PayerAdjudicationCategoryCS.html#PayerAdjudicationCategoryCS-payment">payment</a></td><td>payment</td><td>payment</td></tr><tr><td><a href="CodeSystem-PayerAdjudicationCategoryCS.html#PayerAdjudicationCategoryCS-paidbypatient">paidbypatient</a></td><td>paid by patient</td><td>paid by patient</td></tr><tr><td><a href="CodeSystem-PayerAdjudicationCategoryCS.html#PayerAdjudicationCategoryCS-paidtopatient">paidtopatient</a></td><td>paid to patient</td><td>paid to patient</td></tr><tr><td><a href="CodeSystem-PayerAdjudicationCategoryCS.html#PayerAdjudicationCategoryCS-paidtoprovider">paidtoprovider</a></td><td>paid to provider</td><td>paid to provider</td></tr><tr><td><a href="CodeSystem-PayerAdjudicationCategoryCS.html#PayerAdjudicationCategoryCS-memberliability">memberliability</a></td><td>member liability</td><td>member liability</td></tr><tr><td><a href="CodeSystem-PayerAdjudicationCategoryCS.html#PayerAdjudicationCategoryCS-discount">discount</a></td><td>discount</td><td>discount</td></tr><tr><td><a href="CodeSystem-PayerAdjudicationCategoryCS.html#PayerAdjudicationCategoryCS-drugcost">drugcost</a></td><td>drug cost</td><td>drugcost</td></tr></table></li></ul></div></text><url value="http://hl7.org/fhir/us/carin-bb/ValueSet/PayerAdjudicationAmountCategoryVS"/><version value="0.1.0"/><name value="PayerAdjudicationAmountCategoryVS"/><title value="Payer Adjudication Amount Category"/><status value="active"/><date value="2020-06-17T23:21:51+00:00"/><publisher value="HL7 Financial Management Working Group"/><contact><name value="HL7 Financial Management Working Group"/><telecom><system value="url"/><value value="http://www.hl7.org/Special/committees/fm/index.cfm"/></telecom><telecom><system value="email"/><value value="fm@lists.HL7.org"/></telecom></contact><description value="This describes the various amount fields used when payers receive and adjudicate a claim."/><compose><include><system value="http://hl7.org/fhir/us/carin-bb/CodeSystem/PayerAdjudicationCategoryCS"/><concept><code value="submitted"/><display value="Submitted"/></concept><concept><code value="allowed"/><display value="Allowed"/></concept><concept><code value="deductible"/><display value="Deductible"/></concept><concept><code value="coins"/><display value="coins"/></concept><concept><code value="copay"/><display value="copay"/></concept><concept><code value="noncovered"/><display value="noncovered"/></concept><concept><code value="priorpayerpaid"/><display value="priorpayerpaid"/></concept><concept><code value="payment"/><display value="payment"/></concept><concept><code value="paidbypatient"/><display value="paid by patient"/></concept><concept><code value="paidtopatient"/><display value="paid to patient"/></concept><concept><code value="paidtoprovider"/><display value="paid to provider"/></concept><concept><code value="memberliability"/><display value="member liability"/></concept><concept><code value="discount"/><display value="discount"/></concept><concept><code value="drugcost"/><display value="drug cost"/></concept></include></compose></ValueSet>