<?xml version="1.0" encoding="UTF-8"?><ValueSet xmlns="http://hl7.org/fhir"><id value="NUBCPresentOnAdmission"/><text><status value="generated"/><div xmlns="http://www.w3.org/1999/xhtml"><ul><li>Include all codes defined in <code>urn:oid:2.16.840.1.113883.6.301.11</code></li></ul></div></text><url value="http://hl7.org/fhir/us/carin-bb/ValueSet/NUBCPresentOnAdmission"/><version value="0.3.2"/><name value="NUBCPresentOnAdmission"/><title value="NUBC Present On Admission"/><status value="active"/><date value="2020-08-04T16:02:08+00:00"/><publisher value="HL7 Financial Management Working Group"/><contact><name value="HL7 Financial Management Working Group"/><telecom><system value="url"/><value value="http://www.hl7.org/Special/committees/fm/index.cfm"/></telecom><telecom><system value="email"/><value value="fm@lists.HL7.org"/></telecom></contact><description value="NUBC Present On Admission"/><jurisdiction><coding><system value="urn:iso:std:iso:3166"/><code value="US"/></coding></jurisdiction><compose><include><system value="urn:oid:2.16.840.1.113883.6.301.11"/></include></compose></ValueSet>