<?xml version="1.0" encoding="UTF-8"?><ValueSet xmlns="http://hl7.org/fhir"><id value="AdjudicationValueCodesVS"/><text><status value="generated"/><div xmlns="http://www.w3.org/1999/xhtml"><ul><li>Include these codes as defined in <a href="CodeSystem-ClaimAdjudicationCategoryCS.html"><code>http://hl7.org/fhir/us/carin-bb/CodeSystem/ClaimAdjudicationCategoryCS</code></a><table class="none"><tr><td style="white-space:nowrap"><b>Code</b></td><td><b>Display</b></td></tr><tr><td><a href="CodeSystem-ClaimAdjudicationCategoryCS.html#ClaimAdjudicationCategoryCS-submittedamount">submittedamount</a></td><td>submitted amount</td><td>Undefined</td></tr><tr><td><a href="CodeSystem-ClaimAdjudicationCategoryCS.html#ClaimAdjudicationCategoryCS-allowedamount">allowedamount</a></td><td>allowed amount</td><td>Undefined</td></tr><tr><td><a href="CodeSystem-ClaimAdjudicationCategoryCS.html#ClaimAdjudicationCategoryCS-deductibleamount">deductibleamount</a></td><td>deductible amount</td><td>Undefined</td></tr></table></li></ul></div></text><url value="http://hl7.org/fhir/us/carin-bb/ValueSet/AdjudicationValueCodesVS"/><version value="0.1.0"/><name value="AdjudicationValueCodesVS"/><title value="Benefit Payment Status Category"/><status value="active"/><date value="2020-07-13T15:01:22+00:00"/><publisher value="HL7 Financial Management Working Group"/><contact><name value="HL7 Financial Management Working Group"/><telecom><system value="url"/><value value="http://www.hl7.org/Special/committees/fm/index.cfm"/></telecom><telecom><system value="email"/><value value="fm@lists.HL7.org"/></telecom></contact><description value="Benefit Payment Status Category"/><compose><include><system value="http://hl7.org/fhir/us/carin-bb/CodeSystem/ClaimAdjudicationCategoryCS"/><concept><code value="submittedamount"/><display value="submitted amount"/></concept><concept><code value="allowedamount"/><display value="allowed amount"/></concept><concept><code value="deductibleamount"/><display value="deductible amount"/></concept></include></compose></ValueSet>