<?xml version="1.0" encoding="UTF-8"?><ValueSet xmlns="http://hl7.org/fhir"><id value="PayerInpatientfacilitydiagnosistype"/><text><status value="generated"/><div xmlns="http://www.w3.org/1999/xhtml"><ul><li>Include these codes as defined in <a href="CodeSystem-PayerDiagnosisTypeCS.html"><code>http://hl7.org/fhir/us/carin-bb/CodeSystem/PayerDiagnosisTypeCS</code></a><table class="none"><tr><td style="white-space:nowrap"><b>Code</b></td><td><b>Display</b></td></tr><tr><td><a href="CodeSystem-PayerDiagnosisTypeCS.html#PayerDiagnosisTypeCS-principal">principal</a></td><td>principal</td><td>principal</td></tr><tr><td><a href="CodeSystem-PayerDiagnosisTypeCS.html#PayerDiagnosisTypeCS-secondary">secondary</a></td><td>secondary</td><td>secondary</td></tr><tr><td><a href="CodeSystem-PayerDiagnosisTypeCS.html#PayerDiagnosisTypeCS-external-cause-of-injury">external-cause-of-injury</a></td><td>external-cause-of-injury</td><td>external-cause-of-injury</td></tr><tr><td><a href="CodeSystem-PayerDiagnosisTypeCS.html#PayerDiagnosisTypeCS-first-listed">first-listed</a></td><td>first-listed</td><td>first-listed</td></tr><tr><td><a href="CodeSystem-PayerDiagnosisTypeCS.html#PayerDiagnosisTypeCS-admitting">admitting</a></td><td/><td/></tr></table></li></ul></div></text><url value="http://hl7.org/fhir/us/carin-bb/ValueSet/PayerInpatientfacilitydiagnosistype"/><version value="0.3.1"/><name value="PayerInpatientfacilitydiagnosistype"/><title value="Diagnosis Type -- Inpatient Facility"/><status value="active"/><date value="2020-07-26T20:28:30+00:00"/><publisher value="HL7 Financial Management Working Group"/><contact><name value="HL7 Financial Management Working Group"/><telecom><system value="url"/><value value="http://www.hl7.org/Special/committees/fm/index.cfm"/></telecom><telecom><system value="email"/><value value="fm@lists.HL7.org"/></telecom></contact><description value="Payer Inpatient Facility Diagnosis Type"/><jurisdiction><coding><system value="urn:iso:std:iso:3166"/><code value="US"/></coding></jurisdiction><compose><include><system value="http://hl7.org/fhir/us/carin-bb/CodeSystem/PayerDiagnosisTypeCS"/><concept><code value="principal"/></concept><concept><code value="secondary"/></concept><concept><code value="external-cause-of-injury"/></concept><concept><code value="first-listed"/></concept><concept><code value="admitting"/></concept></include></compose></ValueSet>