<?xml version="1.0" encoding="UTF-8"?><ValueSet xmlns="http://hl7.org/fhir"><id value="NCPDPDispensedAsWrittenVS"/><text><status value="generated"/><div xmlns="http://www.w3.org/1999/xhtml"><p>This value set includes codes based on the following rules:</p><ul/></div></text><url value="http://hl7.org/fhir/us/carin-bb/ValueSet/NCPDPDispensedAsWrittenVS"/><version value="0.1.0"/><name value="NCPDPDispensedAsWrittenVS"/><title value="NCPDP Dispensed As Written (DAW)"/><status value="active"/><date value="2020-07-14T13:16:56+00:00"/><publisher value="HL7 Financial Management Working Group"/><contact><name value="HL7 Financial Management Working Group"/><telecom><system value="url"/><value value="http://www.hl7.org/Special/committees/fm/index.cfm"/></telecom><telecom><system value="email"/><value value="fm@lists.HL7.org"/></telecom></contact><description value="http://www.ncpdp.org/dispensed-as-written-or-product-selection-code"/></ValueSet>