<?xml version="1.0" encoding="UTF-8"?><ValueSet xmlns="http://hl7.org/fhir"><id value="AHANUBCTypeOfBill"/><text><status value="generated"/><div xmlns="http://www.w3.org/1999/xhtml"><ul><li>Include all codes defined in <a href="CodeSystem-AHANUBCTypeOfBillCS.html"><code>urn:oid:2.16.840.1.113883.18.290</code></a></li></ul></div></text><url value="http://hl7.org/fhir/us/carin-bb/ValueSet/AHANUBCTypeOfBill"/><version value="0.4.1"/><name value="AHANUBCTypeOfBill"/><title value="UB-04 Type of Bill (FL-4)"/><status value="active"/><date value="2020-08-27T17:39:52+00:00"/><publisher value="HL7 Financial Management Working Group"/><contact><name value="HL7 Financial Management Working Group"/><telecom><system value="url"/><value value="http://www.hl7.org/Special/committees/fm/index.cfm"/></telecom><telecom><system value="email"/><value value="fm@lists.HL7.org"/></telecom></contact><description value="NUBC Type of Bill codes. They are listed within the UB-04 Data Specifications Manual and maintained by the National Uniform Billing Committee (NUBC)."/><jurisdiction><coding><system value="urn:iso:std:iso:3166"/><code value="US"/></coding></jurisdiction><copyright value="AHANUBCCopyright"/><compose><include><system value="urn:oid:2.16.840.1.113883.18.290"/></include></compose></ValueSet>