<?xml version="1.0" encoding="UTF-8"?><ValueSet xmlns="http://hl7.org/fhir"><id value="C4BBSupportingInfoType"/><text><status value="generated"/><div xmlns="http://www.w3.org/1999/xhtml"><ul><li>Include all codes defined in <a href="CodeSystem-C4BBSupportingInfoType.html"><code>http://hl7.org/fhir/us/carin-bb/CodeSystem/C4BBSupportingInfoType</code></a></li></ul></div></text><url value="http://hl7.org/fhir/us/carin-bb/ValueSet/C4BBSupportingInfoType"/><version value="0.1.4"/><name value="C4BBSupportingInfoType"/><title value="C4BB SupportingInfo Type"/><status value="active"/><date value="2020-09-24T22:49:55+00:00"/><publisher value="HL7 Financial Management Working Group"/><contact><name value="HL7 Financial Management Working Group"/><telecom><system value="url"/><value value="http://www.hl7.org/Special/committees/fm/index.cfm"/></telecom><telecom><system value="email"/><value value="fm@lists.HL7.org"/></telecom></contact><description value="Used as the discriminator for the types of supporting information for the CARIN IG for Blue Button&#xFFFD; Implementation Guide."/><jurisdiction><coding><system value="urn:iso:std:iso:3166"/><code value="US"/></coding></jurisdiction><copyright value="This Valueset is not copyrighted."/><compose><include><system value="http://hl7.org/fhir/us/carin-bb/CodeSystem/C4BBSupportingInfoType"/></include></compose></ValueSet>