<?xml version="1.0" encoding="UTF-8"?><ValueSet xmlns="http://hl7.org/fhir"><id value="PayerPharmacyProviderRoleVS"/><text><status value="generated"/><div xmlns="http://www.w3.org/1999/xhtml"><ul><li>Include these codes as defined in <a href="CodeSystem-PayerProviderRoleCS.html"><code>http://hl7.org/fhir/us/carin-bb/CodeSystem/PayerProviderRoleCS</code></a><table class="none"><tr><td style="white-space:nowrap"><b>Code</b></td><td><b>Display</b></td></tr><tr><td><a href="CodeSystem-PayerProviderRoleCS.html#PayerProviderRoleCS-pcp">pcp</a></td><td>Primary Care Provider</td><td>Primary Care Provider</td></tr><tr><td><a href="CodeSystem-PayerProviderRoleCS.html#PayerProviderRoleCS-prescribing">prescribing</a></td><td>Prescribing Provider</td><td>Prescribing Provider</td></tr></table></li></ul></div></text><url value="http://hl7.org/fhir/us/carin-bb/ValueSet/PayerPharmacyProviderRoleVS"/><version value="0.1.0"/><name value="PayerPharmacyProviderRoleVS"/><title value="Payer - Pharmacy Provider Role"/><status value="active"/><date value="2020-06-21T14:30:29+00:00"/><publisher value="HL7 Financial Management Working Group"/><contact><name value="HL7 Financial Management Working Group"/><telecom><system value="url"/><value value="http://www.hl7.org/Special/committees/fm/index.cfm"/></telecom><telecom><system value="email"/><value value="fm@lists.HL7.org"/></telecom></contact><description value="Indicates the role of the provider providing the care."/><compose><include><system value="http://hl7.org/fhir/us/carin-bb/CodeSystem/PayerProviderRoleCS"/><concept><code value="pcp"/><display value="Primary Care Provider"/></concept><concept><code value="prescribing"/><display value="Prescribing Provider"/></concept></include></compose></ValueSet>