<?xml version="1.0" encoding="UTF-8"?><ValueSet xmlns="http://hl7.org/fhir"><id value="FDANDCNCPDPCompoundCodeVS"/><text><status value="generated"/><div xmlns="http://www.w3.org/1999/xhtml"><p>This value set includes codes based on the following rules:</p><ul/></div></text><url value="http://hl7.org/fhir/us/carin-bb/ValueSet/FDANDCNCPDPCompoundCodeVS"/><version value="0.1.0"/><name value="FDANDCNCPDPCompoundCodeVS"/><title value="FDA NDC NCPDP Compound Code"/><status value="active"/><date value="2020-06-21T16:21:55+00:00"/><publisher value="HL7 Financial Management Working Group"/><contact><name value="HL7 Financial Management Working Group"/><telecom><system value="url"/><value value="http://www.hl7.org/Special/committees/fm/index.cfm"/></telecom><telecom><system value="email"/><value value="fm@lists.HL7.org"/></telecom></contact><description value="NCPDP field # 407-D7 (National Drug Code (NDC)) or NCPDP field # 406-D6 (Compound Code)"/></ValueSet>