<?xml version="1.0" encoding="UTF-8"?><ValueSet xmlns="http://hl7.org/fhir"><id value="ClaimAdjudicationCategory"/><text><status value="generated"/><div xmlns="http://www.w3.org/1999/xhtml"><p>This value set includes codes based on the following rules:</p><ul><li>Import all the codes that are contained in <a href="ValueSet-AdjudicationCarinBBValueCodes.html">http://hl7.org/fhir/us/carin-bb/ValueSet/AdjudicationCarinBBValueCodes</a></li><li>Import all the codes that are contained in <a href="ValueSet-BenefitPaymentStatus.html">http://hl7.org/fhir/us/carin-bb/ValueSet/BenefitPaymentStatus</a></li><li>Include these codes as defined in <a href="CodeSystem-ClaimAdjudicationCategoryCS.html"><code>http://hl7.org/fhir/us/carin-bb/CodeSystem/ClaimAdjudicationCategoryCS</code></a><table class="none"><tr><td style="white-space:nowrap"><b>Code</b></td><td><b>Display</b></td></tr><tr><td><a href="CodeSystem-ClaimAdjudicationCategoryCS.html#ClaimAdjudicationCategoryCS-denialreason">denialreason</a></td><td>payment denial reason</td><td>Undefined</td></tr><tr><td><a href="CodeSystem-ClaimAdjudicationCategoryCS.html#ClaimAdjudicationCategoryCS-allowedunits">allowedunits</a></td><td>allowed units</td><td>Undefined</td></tr></table></li></ul></div></text><url value="http://hl7.org/fhir/us/carin-bb/ValueSet/ClaimAdjudicationCategory"/><version value="0.2.1"/><name value="ClaimAdjudicationCategory"/><title value="Claim Adjudication Category"/><status value="active"/><date value="2020-07-24T14:07:26+00:00"/><publisher value="HL7 Financial Management Working Group"/><contact><name value="HL7 Financial Management Working Group"/><telecom><system value="url"/><value value="http://www.hl7.org/Special/committees/fm/index.cfm"/></telecom><telecom><system value="email"/><value value="fm@lists.HL7.org"/></telecom></contact><description value="Values for EOB.item.adjudication.category, as per Igor"/><jurisdiction><coding><system value="urn:iso:std:iso:3166"/><code value="US"/></coding></jurisdiction><compose><include><valueSet value="http://hl7.org/fhir/us/carin-bb/ValueSet/AdjudicationCarinBBValueCodes"/></include><include><valueSet value="http://hl7.org/fhir/us/carin-bb/ValueSet/BenefitPaymentStatus"/></include><include><system value="http://hl7.org/fhir/us/carin-bb/CodeSystem/ClaimAdjudicationCategoryCS"/><concept><code value="denialreason"/></concept><concept><code value="allowedunits"/></concept></include></compose></ValueSet>