<?xml version="1.0" encoding="UTF-8"?><ValueSet xmlns="http://hl7.org/fhir"><id value="ClaimPaymentStatusCode"/><text><status value="generated"/><div xmlns="http://www.w3.org/1999/xhtml"><ul><li>Include these codes as defined in <a href="CodeSystem-PayerAdjudicationCategoryCS.html"><code>http://hl7.org/fhir/us/carin-bb/CodeSystem/PayerAdjudicationCategoryCS</code></a><table class="none"><tr><td style="white-space:nowrap"><b>Code</b></td><td><b>Display</b></td></tr><tr><td><a href="CodeSystem-PayerAdjudicationCategoryCS.html#PayerAdjudicationCategoryCS-paid">paid</a></td><td>paid</td><td>paid</td></tr><tr><td><a href="CodeSystem-PayerAdjudicationCategoryCS.html#PayerAdjudicationCategoryCS-denied">denied</a></td><td>denied</td><td>denied</td></tr></table></li></ul></div></text><url value="http://hl7.org/fhir/us/carin-bb/ValueSet/ClaimPaymentStatusCode"/><version value="0.3.2"/><name value="ClaimPaymentStatusCode"/><title value="Claim Payment Status Code"/><status value="active"/><date value="2020-07-27T20:19:57+00:00"/><publisher value="HL7 Financial Management Working Group"/><contact><name value="HL7 Financial Management Working Group"/><telecom><system value="url"/><value value="http://www.hl7.org/Special/committees/fm/index.cfm"/></telecom><telecom><system value="email"/><value value="fm@lists.HL7.org"/></telecom></contact><description value="Indicates whether the claim / item was paid or denied."/><jurisdiction><coding><system value="urn:iso:std:iso:3166"/><code value="US"/></coding></jurisdiction><compose><include><system value="http://hl7.org/fhir/us/carin-bb/CodeSystem/PayerAdjudicationCategoryCS"/><concept><code value="paid"/><display value="paid"/></concept><concept><code value="denied"/><display value="denied"/></concept></include></compose></ValueSet>