<?xml version="1.0" encoding="UTF-8"?><ValueSet xmlns="http://hl7.org/fhir"><id value="C4BBClaimOutpatientInstitutionalDiagnosisType"/><text><status value="generated"/><div xmlns="http://www.w3.org/1999/xhtml"><ul><li>Include all codes defined in <a href="CodeSystem-C4BBClaimDiagnosisType.html"><code>http://hl7.org/fhir/us/carin-bb/CodeSystem/C4BBClaimDiagnosisType</code></a></li></ul></div></text><url value="http://hl7.org/fhir/us/carin-bb/ValueSet/C4BBClaimOutpatientInstitutionalDiagnosisType"/><version value="0.1.3"/><name value="C4BBClaimOutpatientInstitutionalDiagnosisType"/><title value="C4BB Claim Outpatient Institutional Diagnosis Type"/><status value="active"/><date value="2020-09-04T21:30:14+00:00"/><publisher value="HL7 Financial Management Working Group"/><contact><name value="HL7 Financial Management Working Group"/><telecom><system value="url"/><value value="http://www.hl7.org/Special/committees/fm/index.cfm"/></telecom><telecom><system value="email"/><value value="fm@lists.HL7.org"/></telecom></contact><description value="Indicates if the outpatient institutional diagnosis is admitting, principal, secondary an external cause of injury or a patient reason for visit"/><jurisdiction><coding><system value="urn:iso:std:iso:3166"/><code value="US"/></coding></jurisdiction><compose><include><system value="http://hl7.org/fhir/us/carin-bb/CodeSystem/C4BBClaimDiagnosisType"/></include></compose></ValueSet>