<?xml version="1.0" encoding="UTF-8"?><ValueSet xmlns="http://hl7.org/fhir"><id value="PayerAdjudicationAmountCategory"/><text><status value="generated"/><div xmlns="http://www.w3.org/1999/xhtml"><ul><li>Include these codes as defined in <a href="CodeSystem-ClaimAdjudicationCategoryCS.html"><code>http://hl7.org/fhir/us/carin-bb/CodeSystem/ClaimAdjudicationCategoryCS</code></a><table class="none"><tr><td style="white-space:nowrap"><b>Code</b></td><td><b>Display</b></td></tr><tr><td><a href="CodeSystem-ClaimAdjudicationCategoryCS.html#ClaimAdjudicationCategoryCS-submittedamount">submittedamount</a></td><td>submitted amount</td><td>Undefined</td></tr><tr><td><a href="CodeSystem-ClaimAdjudicationCategoryCS.html#ClaimAdjudicationCategoryCS-allowedamount">allowedamount</a></td><td>allowed amount</td><td>Undefined</td></tr><tr><td><a href="CodeSystem-ClaimAdjudicationCategoryCS.html#ClaimAdjudicationCategoryCS-deductibleamount">deductibleamount</a></td><td>deductible amount</td><td>Undefined</td></tr><tr><td><a href="CodeSystem-ClaimAdjudicationCategoryCS.html#ClaimAdjudicationCategoryCS-coinsuranceamount">coinsuranceamount</a></td><td>coinsurance amount</td><td>Undefined</td></tr><tr><td><a href="CodeSystem-ClaimAdjudicationCategoryCS.html#ClaimAdjudicationCategoryCS-copayamount">copayamount</a></td><td>copay amount</td><td>Undefined</td></tr><tr><td><a href="CodeSystem-ClaimAdjudicationCategoryCS.html#ClaimAdjudicationCategoryCS-noncoveredamount">noncoveredamount</a></td><td>noncovered amount</td><td>Undefined</td></tr><tr><td><a href="CodeSystem-ClaimAdjudicationCategoryCS.html#ClaimAdjudicationCategoryCS-cobamount">cobamount</a></td><td>cob amount</td><td>Undefined</td></tr><tr><td><a href="CodeSystem-ClaimAdjudicationCategoryCS.html#ClaimAdjudicationCategoryCS-paymentamount">paymentamount</a></td><td>payment amount</td><td>Undefined</td></tr><tr><td><a href="CodeSystem-ClaimAdjudicationCategoryCS.html#ClaimAdjudicationCategoryCS-patientpayamount">patientpayamount</a></td><td>patient pay amount</td><td>Undefined</td></tr></table></li></ul></div></text><url value="http://hl7.org/fhir/us/carin-bb/ValueSet/PayerAdjudicationAmountCategory"/><version value="0.4.1"/><name value="PayerAdjudicationAmountCategory"/><title value="Payer Adjudication Amount Category"/><status value="active"/><date value="2020-08-25T15:41:34+00:00"/><publisher value="HL7 Financial Management Working Group"/><contact><name value="HL7 Financial Management Working Group"/><telecom><system value="url"/><value value="http://www.hl7.org/Special/committees/fm/index.cfm"/></telecom><telecom><system value="email"/><value value="fm@lists.HL7.org"/></telecom></contact><description value="This describes the various amount fields used when payers receive and adjudicate a claim."/><jurisdiction><coding><system value="urn:iso:std:iso:3166"/><code value="US"/></coding></jurisdiction><compose><include><system value="http://hl7.org/fhir/us/carin-bb/CodeSystem/ClaimAdjudicationCategoryCS"/><concept><code value="submittedamount"/></concept><concept><code value="allowedamount"/></concept><concept><code value="deductibleamount"/></concept><concept><code value="coinsuranceamount"/></concept><concept><code value="copayamount"/></concept><concept><code value="noncoveredamount"/></concept><concept><code value="cobamount"/></concept><concept><code value="paymentamount"/></concept><concept><code value="patientpayamount"/></concept></include></compose></ValueSet>