<?xml version="1.0" encoding="UTF-8"?><ValueSet xmlns="http://hl7.org/fhir"><id value="C4BBPractitionerIdentifierType"/><text><status value="extensions"/><div xmlns="http://www.w3.org/1999/xhtml"><p>This value set includes codes based on the following rules:</p><ul><li>Include these codes as defined in <a href="CodeSystem-C4BBIdentifierType.html"><code>http://hl7.org/fhir/us/carin-bb/CodeSystem/C4BBIdentifierType</code></a><table class="none"><tr><td style="white-space:nowrap"><b>Code</b></td><td><b>Display</b></td><td><b>Definition</b></td></tr><tr><td><a href="CodeSystem-C4BBIdentifierType.html#C4BBIdentifierType-npi">npi</a></td><td>National Provider Identifier</td><td>National Provider Identifier</td></tr></table></li><li>Include all codes defined in <a href="http://terminology.hl7.org/2.0.0/CodeSystem-v2-0203.html"><code>http://terminology.hl7.org/CodeSystem/v2-0203</code></a></li></ul></div></text><url value="http://hl7.org/fhir/us/carin-bb/ValueSet/C4BBPractitionerIdentifierType"/><version value="0.1.10"/><name value="C4BBPractitionerIdentifierType"/><title value="C4BB Practitioner Identifier Type"/><status value="active"/><date value="2020-11-10T23:20:04+00:00"/><publisher value="HL7 Financial Management Working Group"/><contact><name value="HL7 Financial Management Working Group"/><telecom><system value="url"/><value value="http://www.hl7.org/Special/committees/fm/index.cfm"/></telecom><telecom><system value="email"/><value value="fm@lists.HL7.org"/></telecom></contact><description value="Identifies the type of identifiers for practitioners"/><jurisdiction><coding><system value="urn:iso:std:iso:3166"/><code value="US"/></coding></jurisdiction><copyright value="This Valueset is not copyrighted."/><compose><include><system value="http://hl7.org/fhir/us/carin-bb/CodeSystem/C4BBIdentifierType"/><concept><code value="npi"/></concept></include><include><system value="http://terminology.hl7.org/CodeSystem/v2-0203"/></include></compose></ValueSet>