<?xml version="1.0" encoding="UTF-8"?><ValueSet xmlns="http://hl7.org/fhir"><id value="AMACPTCMSHCPCSModifiers"/><text><status value="generated"/><div xmlns="http://www.w3.org/1999/xhtml"><p>This value set includes codes based on the following rules:</p><ul><li>Include all codes defined in <a href="http://terminology.hl7.org/2.0.0/CodeSystem-v3-cpt-4.html"><code>http://www.ama-assn.org/go/cpt</code></a></li><li>Include all codes defined in <a href="CodeSystem-CMSHCPCSCodes.html"><code>http://www.cms.gov/Medicare/Coding/HCPCSReleaseCodeSets</code></a></li></ul></div></text><url value="http://hl7.org/fhir/us/carin-bb/ValueSet/AMACPTCMSHCPCSModifiers"/><version value="0.1.10"/><name value="AMACPTCMSHCPCSModifiers"/><title value="Current Procedural Terminology (CPT) -  Healthcare Common Procedure Coding System (HCPCS) level II alphanumeric codes - Procedure Modifier Codes"/><status value="active"/><date value="2020-11-11T14:20:39+00:00"/><publisher value="HL7 Financial Management Working Group"/><contact><name value="HL7 Financial Management Working Group"/><telecom><system value="url"/><value value="http://www.hl7.org/Special/committees/fm/index.cfm"/></telecom><telecom><system value="email"/><value value="fm@lists.HL7.org"/></telecom></contact><description value="The Value Set is a combination of two Code Systems: CPT (HCPCS I) and HCPCS II procedure code modifiers. Modifiers help further describe a procedure code without changing its definition.  &#xA;The target set for this value set are the procedure code modifiers from the CPT and HCPCS files.&#xA;&#xA;The Current Procedural Terminology (CPT) code set, created and maintained by the American Medical Association, is the language of medicine today and the code to its future. This system of terminology is the most widely accepted medical nomenclature used to report medical procedures and services under public and private health insurance programs. CPT coding is also used for administrative management purposes such as claims processing and developing guidelines for medical care review. Each year, via a rigorous, evidence-based and transparent process, the independent CPT Editorial Panel revises, creates or deletes hundreds of codes in order to reflect current medical practice.&#xA;&#xA;Designated by the U.S. Department of Health and Human Services under the Health Insurance Portability and Accountability Act (HIPAA) as a national coding set for physician and other health care professional services and procedures, CPT&#x2019;s evidence-based codes accurately encompass the full range of health care services.&#xA;&#xA;All CPT codes are five-digits and can be either numeric or alphanumeric, depending on the category. CPT code descriptors are clinically focused and utilize common standards so that a diverse set of users can have common understanding across the clinical health care paradigm.&#xA;&#xA;There are various types of CPT codes:&#xA;&#xA;**Category I:** These codes have descriptors that correspond to a procedure or service. Codes range from 00100&#x2013;99499 and are generally ordered into sub-categories based on procedure/service type and anatomy.&#xA;&#xA;**Category II:** These alphanumeric tracking codes are supplemental codes used for performance measurement. Using them is optional and not required for correct coding.&#xA;&#xA;**Category III:** These are temporary alphanumeric codes for new and developing technology, procedures and services. They were created for data collection, assessment and in some instances, payment of new services and procedures that currently don&#x2019;t meet the criteria for a Category I code.&#xA;&#xA;**Proprietary Laboratory Analyses (PLA) codes:** Recently added to the CPT code set, these codes describe proprietary clinical laboratory analyses and can be either provided by a single (solesource) laboratory or licensed or marketed to multiple providing laboratories that are cleared or approved by the Food and Drug Administration (FDA)). This category includes but is not limited to Advanced Diagnostic Laboratory Tests (ADLTs) and Clinical Diagnostic Laboratory Tests (CDLTs), as defined under the Protecting Access to Medicare Act of 2014 (PAMA).&#xA;&#xA;To obtain CPT, please see the license request form [here](http://info.commerce.ama-assn.org/ama-data-file-request-2020)&#xA;&#xA;The Level II HCPCS codes, which are established by CMS&#39;s Alpha-Numeric Editorial Panel, primarily represent items and supplies and non-physician services not covered by the American Medical Association&#39;s Current Procedural Terminology-4 (CPT-4) codes; Medicare, Medicaid, and private health insurers use HCPCS procedure and modifier codes for claims processing.  Level II alphanumeric procedure and modifier codes comprise the A to V range.&#xA;&#xA;General information can be found here: [https://www.cms.gov/Medicare/Coding/MedHCPCSGenInfo](https://www.cms.gov/Medicare/Coding/MedHCPCSGenInfo)&#xA;&#xA;Releases can be found here: [https://www.cms.gov/Medicare/Coding/HCPCSReleaseCodeSets](https://www.cms.gov/Medicare/Coding/HCPCSReleaseCodeSets)&#xA;&#xA;These files contain the Level II alphanumeric HCPCS procedure and modifier codes, their long and short descriptions, and applicable Medicare administrative, coverage and pricing data."/><jurisdiction><coding><system value="urn:iso:std:iso:3166"/><code value="US"/></coding></jurisdiction><copyright value="CPT is copyrighted by the AMA and as such must be licensed to be used in electronic products or other forms.&#xA;&#xA;Any individual or entity using CPT content needs permission or a license (i.e., a written agreement authorizing use of CPT codes) from the AMA or an authorized distributor. &#xA;&#xA; Examples where a license and royalty payment are required (not an exhaustive list):&#xA;&#xA;*   Use of CPT content to develop, test, maintain, and service products that use or rely on CPT&#xA;*   Use of CPT content in products that are licensed or distributed by a vendor, company or other third party&#xA;*   Distribution of products that require use of CPT content&#xA;*   Any proposed use of CPT content including the creation of derivative works of CPT content, translations or localized versions of CPT content&#xA;&#xA;For more information see [here](https://www.ama-assn.org/practice-management/cpt/ama-cpt-licensing-overview) &#xA;&#xA;If you have a question or would like to license CPT content,  please see [here](http://info.commerce.ama-assn.org/ama-data-file-request-2020).&#xA;&#xA;Any HL7 product referencing CPT must include the following verbiage:&#xA;&#xA;CPT &#xA9; Copyright 2019 American Medical Association. All rights reserved. AMA and CPT are registered trademarks of the American Medical Association.&#xA;&#xA;Note: the year is always based on the publication year of the code set. CPT releases the August prior to the effective year (e.g., CPT 2020 code set = copyright 2019 or CPT 2021 code set = copyright 2020).&#xA;&#xA;See information on the use of HCPCS Level I (proprietary and owned by American Medical Association) and Level II codes [here](https://www.cms.gov/Medicare/Coding/MedHCPCSGenInfo/HCPCS_Coding_Questions)"/><compose><include><system value="http://www.ama-assn.org/go/cpt"/></include><include><system value="http://www.cms.gov/Medicare/Coding/HCPCSReleaseCodeSets"/></include></compose></ValueSet>