<?xml version="1.0" encoding="UTF-8"?><ValueSet xmlns="http://hl7.org/fhir"><id value="PayerProviderContractingStatus"/><text><status value="generated"/><div xmlns="http://www.w3.org/1999/xhtml"><ul><li>Include these codes as defined in <a href="CodeSystem-PayerAdjudicationCategoryCS.html"><code>http://hl7.org/fhir/us/carin-bb/CodeSystem/PayerAdjudicationCategoryCS</code></a><table class="none"><tr><td style="white-space:nowrap"><b>Code</b></td><td><b>Display</b></td></tr><tr><td><a href="CodeSystem-PayerAdjudicationCategoryCS.html#PayerAdjudicationCategoryCS-contracted">contracted</a></td><td>contracted</td><td>contracted</td></tr><tr><td><a href="CodeSystem-PayerAdjudicationCategoryCS.html#PayerAdjudicationCategoryCS-non-contracted">non-contracted</a></td><td>non-contracted</td><td>non-contracted</td></tr></table></li></ul></div></text><url value="http://hl7.org/fhir/us/carin-bb/ValueSet/PayerProviderContractingStatus"/><version value="0.4.1"/><name value="PayerProviderContractingStatus"/><title value="Provider Provider Contracting Status"/><status value="active"/><date value="2020-08-20T21:40:16+00:00"/><publisher value="HL7 Financial Management Working Group"/><contact><name value="HL7 Financial Management Working Group"/><telecom><system value="url"/><value value="http://www.hl7.org/Special/committees/fm/index.cfm"/></telecom><telecom><system value="email"/><value value="fm@lists.HL7.org"/></telecom></contact><description value="Indicates that the Provider has a contract with the Plan (regardless of the network) as of the effective date of service or admission."/><jurisdiction><coding><system value="urn:iso:std:iso:3166"/><code value="US"/></coding></jurisdiction><compose><include><system value="http://hl7.org/fhir/us/carin-bb/CodeSystem/PayerAdjudicationCategoryCS"/><concept><code value="contracted"/><display value="contracted"/></concept><concept><code value="non-contracted"/><display value="non-contracted"/></concept></include></compose></ValueSet>