<?xml version="1.0" encoding="UTF-8"?><ValueSet xmlns="http://hl7.org/fhir"><id value="PatientIdentifierTypeVS"/><text><status value="generated"/><div xmlns="http://www.w3.org/1999/xhtml"><ul><li>Include these codes as defined in <a href="CodeSystem-IdentifierTypeCS.html"><code>http://hl7.org/fhir/us/carin-bb/CodeSystem/IdentifierTypeCS</code></a><table class="none"><tr><td style="white-space:nowrap"><b>Code</b></td><td><b>Display</b></td></tr><tr><td><a href="CodeSystem-IdentifierTypeCS.html#IdentifierTypeCS-um">um</a></td><td>Unique Member ID</td><td>Unique Member ID</td></tr><tr><td><a href="CodeSystem-IdentifierTypeCS.html#IdentifierTypeCS-mb">mb</a></td><td>Member ID</td><td>Member ID</td></tr><tr><td><a href="CodeSystem-IdentifierTypeCS.html#IdentifierTypeCS-mr">mr</a></td><td>Medical Record Number</td><td>Medical Record Number</td></tr><tr><td><a href="CodeSystem-IdentifierTypeCS.html#IdentifierTypeCS-pt">pt</a></td><td>Patient Account Number</td><td>Patient Account Number</td></tr></table></li></ul></div></text><url value="http://hl7.org/fhir/us/carin-bb/ValueSet/PatientIdentifierTypeVS"/><version value="0.1.0"/><name value="PatientIdentifierTypeVS"/><title value="Patient Identifier Type"/><status value="active"/><date value="2020-07-10T04:17:57+00:00"/><publisher value="HL7 Financial Management Working Group"/><contact><name value="HL7 Financial Management Working Group"/><telecom><system value="url"/><value value="http://www.hl7.org/Special/committees/fm/index.cfm"/></telecom><telecom><system value="email"/><value value="fm@lists.HL7.org"/></telecom></contact><description value="Patient Identifier Type"/><compose><include><system value="http://hl7.org/fhir/us/carin-bb/CodeSystem/IdentifierTypeCS"/><concept><code value="um"/></concept><concept><code value="mb"/></concept><concept><code value="mr"/></concept><concept><code value="pt"/></concept></include></compose></ValueSet>