<?xml version="1.0" encoding="UTF-8"?><ValueSet xmlns="http://hl7.org/fhir"><id value="AdjudicationDenialReasonVS"/><text><status value="generated"/><div xmlns="http://www.w3.org/1999/xhtml"><p>This value set includes codes based on the following rules:</p><ul/></div></text><url value="http://hl7.org/fhir/us/carin-bb/ValueSet/AdjudicationDenialReasonVS"/><version value="0.1.0"/><name value="AdjudicationDenialReasonVS"/><title value="Adjudication Denial Reason"/><status value="active"/><date value="2020-06-30T20:24:02+00:00"/><publisher value="HL7 Financial Management Working Group"/><contact><name value="HL7 Financial Management Working Group"/><telecom><system value="url"/><value value="http://www.hl7.org/Special/committees/fm/index.cfm"/></telecom><telecom><system value="email"/><value value="fm@lists.HL7.org"/></telecom></contact><description value="Reason codes used to interpret the adjudication denial reason.  X12 CARC + CMS RARC"/></ValueSet>