<?xml version="1.0" encoding="UTF-8"?><ValueSet xmlns="http://hl7.org/fhir"><id value="NUBCPatientDischargeStatus"/><text><status value="generated"/><div xmlns="http://www.w3.org/1999/xhtml"><p>This value set includes codes based on the following rules:</p><ul/></div></text><url value="http://hl7.org/fhir/us/carin-bb/ValueSet/NUBCPatientDischargeStatus"/><version value="0.4.0"/><name value="NUBCPatientDischargeStatus"/><title value="NUBC Patient Discharge Status"/><status value="active"/><date value="2020-08-13T18:04:47+00:00"/><publisher value="HL7 Financial Management Working Group"/><contact><name value="HL7 Financial Management Working Group"/><telecom><system value="url"/><value value="http://www.hl7.org/Special/committees/fm/index.cfm"/></telecom><telecom><system value="email"/><value value="fm@lists.HL7.org"/></telecom></contact><description value="NUBC Patient Discharge Status"/><jurisdiction><coding><system value="urn:iso:std:iso:3166"/><code value="US"/></coding></jurisdiction></ValueSet>