<?xml version="1.0" encoding="UTF-8"?><ValueSet xmlns="http://hl7.org/fhir"><id value="C4BBRelatedClaimRelationshipCodes"/><text><status value="extensions"/><div xmlns="http://www.w3.org/1999/xhtml"><p>This value set includes codes based on the following rules:</p><ul><li>Include these codes as defined in <a href="https://terminology.hl7.org/1.0.0//CodeSystem-ex-relatedclaimrelationship.html"><code>http://terminology.hl7.org/CodeSystem/ex-relatedclaimrelationship</code></a><table class="none"><tr><td style="white-space:nowrap"><b>Code</b></td><td><b>Display</b></td><td><b>Definition</b></td></tr><tr><td><a href="https://terminology.hl7.org/1.0.0//CodeSystem-ex-relatedclaimrelationship.html#ex-relatedclaimrelationship-prior">prior</a></td><td>Prior Claim</td><td>A prior claim instance for the same intended suite of services.</td></tr></table></li><li>Include these codes as defined in <a href="CodeSystem-C4BBRelatedClaimRelationshipCodes.html"><code>http://hl7.org/fhir/us/carin-bb/CodeSystem/C4BBRelatedClaimRelationshipCodes</code></a><table class="none"><tr><td style="white-space:nowrap"><b>Code</b></td><td><b>Display</b></td><td><b>Definition</b></td></tr><tr><td><a href="CodeSystem-C4BBRelatedClaimRelationshipCodes.html#C4BBRelatedClaimRelationshipCodes-replacedby">replacedby</a></td><td>Replaced by claim number</td><td>The current claim has been adjusted; i.e., replaced by or merged to another claim number.</td></tr></table></li></ul></div></text><url value="http://hl7.org/fhir/us/carin-bb/ValueSet/C4BBRelatedClaimRelationshipCodes"/><version value="0.1.4"/><name value="C4BBRelatedClaimRelationshipCodes"/><title value="C4BB Related Claim Relationship Codes"/><status value="active"/><date value="2020-10-07T13:47:45+00:00"/><publisher value="HL7 Financial Management Working Group"/><contact><name value="HL7 Financial Management Working Group"/><telecom><system value="url"/><value value="http://www.hl7.org/Special/committees/fm/index.cfm"/></telecom><telecom><system value="email"/><value value="fm@lists.HL7.org"/></telecom></contact><description value="Identifies if the current claim represents a claim that has been adjusted and was given a prior claim number or if the current claim has been adjusted; i.e., replaced by or merged to another claim number."/><jurisdiction><coding><system value="urn:iso:std:iso:3166"/><code value="US"/></coding></jurisdiction><copyright value="This Valueset is not copyrighted."/><compose><include><system value="http://terminology.hl7.org/CodeSystem/ex-relatedclaimrelationship"/><concept><code value="prior"/></concept></include><include><system value="http://hl7.org/fhir/us/carin-bb/CodeSystem/C4BBRelatedClaimRelationshipCodes"/><concept><code value="replacedby"/></concept></include></compose></ValueSet>