[
  {
    "id": "ICD10CMCS",
    "type": "CodeSystem",
    "url": "http://hl7.org/fhir/sid/icd-10-cm",
    "version": "0.4.1",
    "name": "ICD10CMCS"
  },
  {
    "id": "FDANationalDrugCodeCS",
    "type": "CodeSystem",
    "url": "http://hl7.org/fhir/sid/ndc",
    "version": "0.4.1",
    "name": "FDANationalDrugCodeCS"
  },
  {
    "id": "carin-bb",
    "type": "CapabilityStatement",
    "url": "http://hl7.org/fhir/us/carin-bb/CapabilityStatement/carin-bb",
    "version": "0.4.1",
    "name": "CarinBbCapabilityStatement"
  },
  {
    "id": "CareTeamRoleCS",
    "type": "CodeSystem",
    "url": "http://hl7.org/fhir/us/carin-bb/CodeSystem/CareTeamRoleCS",
    "version": "0.4.1",
    "name": "CareTeamRoleCS"
  },
  {
    "id": "ClaimAdjudicationCategoryCS",
    "type": "CodeSystem",
    "url": "http://hl7.org/fhir/us/carin-bb/CodeSystem/ClaimAdjudicationCategoryCS",
    "version": "0.4.1",
    "name": "ClaimAdjudicationCategoryCS"
  },
  {
    "id": "ClaimInformationCategoryCS",
    "type": "CodeSystem",
    "url": "http://hl7.org/fhir/us/carin-bb/CodeSystem/ClaimInformationCategoryCS",
    "version": "0.4.1",
    "name": "ClaimInformationCategoryCS"
  },
  {
    "id": "IdentifierTypeCS",
    "type": "CodeSystem",
    "url": "http://hl7.org/fhir/us/carin-bb/CodeSystem/IdentifierTypeCS",
    "version": "0.4.1",
    "name": "IdentifierTypeCS"
  },
  {
    "id": "PayerAdjudicationCategoryCS",
    "type": "CodeSystem",
    "url": "http://hl7.org/fhir/us/carin-bb/CodeSystem/PayerAdjudicationCategoryCS",
    "version": "0.4.1",
    "name": "PayerAdjudicationCategoryCS"
  },
  {
    "id": "PayerDiagnosisTypeCS",
    "type": "CodeSystem",
    "url": "http://hl7.org/fhir/us/carin-bb/CodeSystem/PayerDiagnosisTypeCS",
    "version": "0.4.1",
    "name": "PayerDiagnosisTypeCS"
  },
  {
    "id": "hl7.fhir.us.carin-bb",
    "type": "ImplementationGuide",
    "url": "http://hl7.org/fhir/us/carin-bb/ImplementationGuide/hl7.fhir.us.carin-bb",
    "version": "0.4.1",
    "name": "CARINConsumerDirectedPayerDataExchange"
  },
  {
    "id": "coverage-payor",
    "type": "SearchParameter",
    "url": "http://hl7.org/fhir/us/carin-bb/SearchParameter/coverage-payor",
    "version": "0.4.1",
    "name": "Coverage_Payor"
  },
  {
    "id": "explanationofbenefit-care-team",
    "type": "SearchParameter",
    "url": "http://hl7.org/fhir/us/carin-bb/SearchParameter/explanationofbenefit-care-team",
    "version": "0.4.1",
    "name": "ExplanationOfBenefit_Careteam"
  },
  {
    "id": "explanationofbenefit-coverage",
    "type": "SearchParameter",
    "url": "http://hl7.org/fhir/us/carin-bb/SearchParameter/explanationofbenefit-coverage",
    "version": "0.4.1",
    "name": "ExplanationOfBenefit_Coverage"
  },
  {
    "id": "explanationofbenefit-identifier",
    "type": "SearchParameter",
    "url": "http://hl7.org/fhir/us/carin-bb/SearchParameter/explanationofbenefit-identifier",
    "version": "0.4.1",
    "name": "ExplanationOfBenefit_Identifier"
  },
  {
    "id": "explanationofbenefit-insurer",
    "type": "SearchParameter",
    "url": "http://hl7.org/fhir/us/carin-bb/SearchParameter/explanationofbenefit-insurer",
    "version": "0.4.1",
    "name": "ExplanationOfBenefit_Insurer"
  },
  {
    "id": "explanationofbenefit-patient",
    "type": "SearchParameter",
    "url": "http://hl7.org/fhir/us/carin-bb/SearchParameter/explanationofbenefit-patient",
    "version": "0.4.1",
    "name": "ExplanationOfBenefit_Patient"
  },
  {
    "id": "explanationofbenefit-provider",
    "type": "SearchParameter",
    "url": "http://hl7.org/fhir/us/carin-bb/SearchParameter/explanationofbenefit-provider",
    "version": "0.4.1",
    "name": "ExplanationOfBenefit_Provider"
  },
  {
    "id": "explanationofbenefit-service-date",
    "type": "SearchParameter",
    "url": "http://hl7.org/fhir/us/carin-bb/SearchParameter/explanationofbenefit-service-date",
    "version": "0.4.1",
    "name": "ExplanationOfBenefit_ServiceDate"
  },
  {
    "id": "explanationofbenefit-type",
    "type": "SearchParameter",
    "url": "http://hl7.org/fhir/us/carin-bb/SearchParameter/explanationofbenefit-type",
    "version": "0.4.1",
    "name": "ExplanationOfBenefit_Type"
  },
  {
    "id": "practitionerrole-organization",
    "type": "SearchParameter",
    "url": "http://hl7.org/fhir/us/carin-bb/SearchParameter/practitionerrole-organization",
    "version": "0.4.1",
    "name": "ExplanationOfBenefit_Organization"
  },
  {
    "id": "practitionerrole-practitioner",
    "type": "SearchParameter",
    "url": "http://hl7.org/fhir/us/carin-bb/SearchParameter/practitionerrole-practitioner",
    "version": "0.4.1",
    "name": "ExplanationOfBenefit_Practitioner"
  },
  {
    "id": "CARIN-BB-Coverage",
    "type": "StructureDefinition",
    "url": "http://hl7.org/fhir/us/carin-bb/StructureDefinition/CARIN-BB-Coverage",
    "version": "0.4.1",
    "name": "CARINBBCoverage"
  },
  {
    "id": "CARIN-BB-ExplanationOfBenefit",
    "type": "StructureDefinition",
    "url": "http://hl7.org/fhir/us/carin-bb/StructureDefinition/CARIN-BB-ExplanationOfBenefit",
    "version": "0.4.1",
    "name": "CARINBBExplanationOfBenefit"
  },
  {
    "id": "CARIN-BB-ExplanationOfBenefit-Inpatient-Facility",
    "type": "StructureDefinition",
    "url": "http://hl7.org/fhir/us/carin-bb/StructureDefinition/CARIN-BB-ExplanationOfBenefit-Inpatient-Facility",
    "version": "0.4.1",
    "name": "CARINBBExplanationOfBenefitInpatientFacility"
  },
  {
    "id": "CARIN-BB-ExplanationOfBenefit-Outpatient-Facility",
    "type": "StructureDefinition",
    "url": "http://hl7.org/fhir/us/carin-bb/StructureDefinition/CARIN-BB-ExplanationOfBenefit-Outpatient-Facility",
    "version": "0.4.1",
    "name": "CARINBBExplanationOfBenefitOutpatientFacility"
  },
  {
    "id": "CARIN-BB-ExplanationOfBenefit-Pharmacy",
    "type": "StructureDefinition",
    "url": "http://hl7.org/fhir/us/carin-bb/StructureDefinition/CARIN-BB-ExplanationOfBenefit-Pharmacy",
    "version": "0.4.1",
    "name": "CARINBBExplanationOfBenefitPharmacy"
  },
  {
    "id": "CARIN-BB-ExplanationOfBenefit-Professional-NonClinician",
    "type": "StructureDefinition",
    "url": "http://hl7.org/fhir/us/carin-bb/StructureDefinition/CARIN-BB-ExplanationOfBenefit-Professional-NonClinician",
    "version": "0.4.1",
    "name": "CARINBBExplanationOfBenefitProfessionalNonClinician"
  },
  {
    "id": "CARIN-BB-Organization",
    "type": "StructureDefinition",
    "url": "http://hl7.org/fhir/us/carin-bb/StructureDefinition/CARIN-BB-Organization",
    "version": "0.4.1",
    "name": "CARINBBOrganization"
  },
  {
    "id": "CARIN-BB-Patient",
    "type": "StructureDefinition",
    "url": "http://hl7.org/fhir/us/carin-bb/StructureDefinition/CARIN-BB-Patient",
    "version": "0.4.1",
    "name": "CARINBBPatient"
  },
  {
    "id": "CARIN-BB-Practitioner",
    "type": "StructureDefinition",
    "url": "http://hl7.org/fhir/us/carin-bb/StructureDefinition/CARIN-BB-Practitioner",
    "version": "0.4.1",
    "name": "CARINBBPractitioner"
  },
  {
    "id": "AHANUBCPatientDischargeStatus",
    "type": "ValueSet",
    "url": "http://hl7.org/fhir/us/carin-bb/ValueSet/AHANUBCPatientDischargeStatus",
    "version": "0.4.1",
    "name": "AHANUBCPatientDischargeStatus"
  },
  {
    "id": "AHANUBCPointOfOriginForAdmissionOrVisit",
    "type": "ValueSet",
    "url": "http://hl7.org/fhir/us/carin-bb/ValueSet/AHANUBCPointOfOriginForAdmissionOrVisit",
    "version": "0.4.1",
    "name": "AHANUBCPointOfOriginForAdmissionOrVisit"
  },
  {
    "id": "AHANUBCPresentOnAdmission",
    "type": "ValueSet",
    "url": "http://hl7.org/fhir/us/carin-bb/ValueSet/AHANUBCPresentOnAdmission",
    "version": "0.4.1",
    "name": "AHANUBCPresentOnAdmission"
  },
  {
    "id": "AHANUBCPriorityTypeOfAdmissionOrVisit",
    "type": "ValueSet",
    "url": "http://hl7.org/fhir/us/carin-bb/ValueSet/AHANUBCPriorityTypeOfAdmissionOrVisit",
    "version": "0.4.1",
    "name": "AHANUBCPriorityTypeOfAdmissionOrVisit"
  },
  {
    "id": "AHANUBCRevenueCodes",
    "type": "ValueSet",
    "url": "http://hl7.org/fhir/us/carin-bb/ValueSet/AHANUBCRevenueCodes",
    "version": "0.4.1",
    "name": "AHANUBCRevenueCodes"
  },
  {
    "id": "AHANUBCTypeOfBill",
    "type": "ValueSet",
    "url": "http://hl7.org/fhir/us/carin-bb/ValueSet/AHANUBCTypeOfBill",
    "version": "0.4.1",
    "name": "AHANUBCTypeOfBill"
  },
  {
    "id": "AMACPTCMSHCPCSModifiers",
    "type": "ValueSet",
    "url": "http://hl7.org/fhir/us/carin-bb/ValueSet/AMACPTCMSHCPCSModifiers",
    "version": "0.4.1",
    "name": "AMACPTCMSHCPCSModifiers"
  },
  {
    "id": "AMACPTCMSHCPCSProcedureCodes",
    "type": "ValueSet",
    "url": "http://hl7.org/fhir/us/carin-bb/ValueSet/AMACPTCMSHCPCSProcedureCodes",
    "version": "0.4.1",
    "name": "AMACPTCMSHCPCSProcedureCodes"
  },
  {
    "id": "AdjudicationCarinBBValueCodes",
    "type": "ValueSet",
    "url": "http://hl7.org/fhir/us/carin-bb/ValueSet/AdjudicationCarinBBValueCodes",
    "version": "0.4.1",
    "name": "AdjudicationCarinBBValueCodes"
  },
  {
    "id": "AdjudicationValueCodes",
    "type": "ValueSet",
    "url": "http://hl7.org/fhir/us/carin-bb/ValueSet/AdjudicationValueCodes",
    "version": "0.4.1",
    "name": "AdjudicationValueCodes"
  },
  {
    "id": "BenefitPaymentStatus",
    "type": "ValueSet",
    "url": "http://hl7.org/fhir/us/carin-bb/ValueSet/BenefitPaymentStatus",
    "version": "0.4.1",
    "name": "BenefitPaymentStatus"
  },
  {
    "id": "CARINBBInstitutionalClaimCareTeamRoleCodes",
    "type": "ValueSet",
    "url": "http://hl7.org/fhir/us/carin-bb/ValueSet/CARINBBInstitutionalClaimCareTeamRoleCodes",
    "version": "0.4.1",
    "name": "CARINBBInstitutionalClaimCareTeamRoleCodes"
  },
  {
    "id": "CARINBBPharmacyClaimCareTeamRoleCodes",
    "type": "ValueSet",
    "url": "http://hl7.org/fhir/us/carin-bb/ValueSet/CARINBBPharmacyClaimCareTeamRoleCodes",
    "version": "0.4.1",
    "name": "CARINBBPharmacyClaimCareTeamRoleCodes"
  },
  {
    "id": "CARINBBProfessionalAndNonclinicanClaimCareTeamRoleCodes",
    "type": "ValueSet",
    "url": "http://hl7.org/fhir/us/carin-bb/ValueSet/CARINBBProfessionalAndNonclinicanClaimCareTeamRoleCodes",
    "version": "0.4.1",
    "name": "CARINBBProfessionalAndNonclinicanClaimCareTeamRoleCodes"
  },
  {
    "id": "CMSDRG",
    "type": "ValueSet",
    "url": "http://hl7.org/fhir/us/carin-bb/ValueSet/CMSDRG",
    "version": "0.4.1",
    "name": "CMSDRG"
  },
  {
    "id": "CMSPlaceOfService",
    "type": "ValueSet",
    "url": "http://hl7.org/fhir/us/carin-bb/ValueSet/CMSPlaceOfService",
    "version": "0.4.1",
    "name": "CMSPlaceOfService"
  },
  {
    "id": "ClaimAdjudicationCategory",
    "type": "ValueSet",
    "url": "http://hl7.org/fhir/us/carin-bb/ValueSet/ClaimAdjudicationCategory",
    "version": "0.4.1",
    "name": "ClaimAdjudicationCategory"
  },
  {
    "id": "ClaimInformationCategory",
    "type": "ValueSet",
    "url": "http://hl7.org/fhir/us/carin-bb/ValueSet/ClaimInformationCategory",
    "version": "0.4.1",
    "name": "ClaimInformationCategory"
  },
  {
    "id": "ClaimPaymentStatusCode",
    "type": "ValueSet",
    "url": "http://hl7.org/fhir/us/carin-bb/ValueSet/ClaimPaymentStatusCode",
    "version": "0.4.1",
    "name": "ClaimPaymentStatusCode"
  },
  {
    "id": "FDANDCNCPDPCompoundCode",
    "type": "ValueSet",
    "url": "http://hl7.org/fhir/us/carin-bb/ValueSet/FDANDCNCPDPCompoundCode",
    "version": "0.4.1",
    "name": "FDANDCNCPDPCompoundCode"
  },
  {
    "id": "FDANationalDrugCode",
    "type": "ValueSet",
    "url": "http://hl7.org/fhir/us/carin-bb/ValueSet/FDANationalDrugCode",
    "version": "0.4.1",
    "name": "FDANationalDrugCode"
  },
  {
    "id": "ICD10CM",
    "type": "ValueSet",
    "url": "http://hl7.org/fhir/us/carin-bb/ValueSet/ICD10CM",
    "version": "0.4.1",
    "name": "ICD10CM"
  },
  {
    "id": "ICD10PCS",
    "type": "ValueSet",
    "url": "http://hl7.org/fhir/us/carin-bb/ValueSet/ICD10PCS",
    "version": "0.4.1",
    "name": "ICD10PCS"
  },
  {
    "id": "NCPDPBrandGenericCode",
    "type": "ValueSet",
    "url": "http://hl7.org/fhir/us/carin-bb/ValueSet/NCPDPBrandGenericCode",
    "version": "0.4.1",
    "name": "NCPDPBrandGenericCode"
  },
  {
    "id": "NCPDPCompoundCode",
    "type": "ValueSet",
    "url": "http://hl7.org/fhir/us/carin-bb/ValueSet/NCPDPCompoundCode",
    "version": "0.4.1",
    "name": "NCPDPCompoundCode"
  },
  {
    "id": "NCPDPDispensedAsWritten",
    "type": "ValueSet",
    "url": "http://hl7.org/fhir/us/carin-bb/ValueSet/NCPDPDispensedAsWritten",
    "version": "0.4.1",
    "name": "NCPDPDispensedAsWritten"
  },
  {
    "id": "NCPDPPrescriptionOriginCode",
    "type": "ValueSet",
    "url": "http://hl7.org/fhir/us/carin-bb/ValueSet/NCPDPPrescriptionOriginCode",
    "version": "0.4.1",
    "name": "NCPDPPrescriptionOriginCode"
  },
  {
    "id": "PatientIdentifierType",
    "type": "ValueSet",
    "url": "http://hl7.org/fhir/us/carin-bb/ValueSet/PatientIdentifierType",
    "version": "0.4.1",
    "name": "PatientIdentifierType"
  },
  {
    "id": "PayerAdjudicationAmountCategory",
    "type": "ValueSet",
    "url": "http://hl7.org/fhir/us/carin-bb/ValueSet/PayerAdjudicationAmountCategory",
    "version": "0.4.1",
    "name": "PayerAdjudicationAmountCategory"
  },
  {
    "id": "PayerDiagnosisPresentOnAdmissionDiagnosisType",
    "type": "ValueSet",
    "url": "http://hl7.org/fhir/us/carin-bb/ValueSet/PayerDiagnosisPresentOnAdmissionDiagnosisType",
    "version": "0.4.1",
    "name": "PayerDiagnosisPresentOnAdmissionDiagnosisType"
  },
  {
    "id": "PayerInpatientinstitutionaldiagnosistype",
    "type": "ValueSet",
    "url": "http://hl7.org/fhir/us/carin-bb/ValueSet/PayerInpatientinstitutionaldiagnosistype",
    "version": "0.4.1",
    "name": "PayerInpatientinstitutionaldiagnosistype"
  },
  {
    "id": "PayerOutpatientinstitutionaldiagnosistype",
    "type": "ValueSet",
    "url": "http://hl7.org/fhir/us/carin-bb/ValueSet/PayerOutpatientinstitutionaldiagnosistype",
    "version": "0.4.1",
    "name": "PayerOutpatientinstitutionaldiagnosistype"
  },
  {
    "id": "PayerProfessionalandnoncliniciandiagnosistype",
    "type": "ValueSet",
    "url": "http://hl7.org/fhir/us/carin-bb/ValueSet/PayerProfessionalandnoncliniciandiagnosistype",
    "version": "0.4.1",
    "name": "PayerProfessionalandnoncliniciandiagnosistype"
  },
  {
    "id": "PayerProviderContractingStatus",
    "type": "ValueSet",
    "url": "http://hl7.org/fhir/us/carin-bb/ValueSet/PayerProviderContractingStatus",
    "version": "0.4.1",
    "name": "PayerProviderContractingStatus"
  },
  {
    "id": "X12CARCCMSRARC",
    "type": "ValueSet",
    "url": "http://hl7.org/fhir/us/carin-bb/ValueSet/X12CARCCMSRARC",
    "version": "0.4.1",
    "name": "X12CARCCMSRARC"
  },
  {
    "id": "AMACPTCS",
    "type": "CodeSystem",
    "url": "http://www.ama-assn.org/go/cpt",
    "version": "0.4.1",
    "name": "AMACPTCS"
  },
  {
    "id": "AMACPTModifiersCS",
    "type": "CodeSystem",
    "url": "http://www.ama-assn.org/go/cpt-modifiers",
    "version": "0.4.1",
    "name": "AMACPTModifiersCS"
  },
  {
    "id": "HCPCSModifiersCS",
    "type": "CodeSystem",
    "url": "http://www.cms.gov/hcpcs-level-II-modifiers",
    "version": "0.4.1",
    "name": "HCPCSModifiersCS"
  },
  {
    "id": "CMSDRGCS",
    "type": "CodeSystem",
    "url": "http://www.cms.gov/ms-drg",
    "version": "0.4.1",
    "name": "CMSDRGCS"
  },
  {
    "id": "CMSPlaceOfServiceCS",
    "type": "CodeSystem",
    "url": "http://www.cms.gov/place-of-service",
    "version": "0.4.1",
    "name": "CMSPlaceOfServiceCS"
  },
  {
    "id": "NCPDPBrandGenericCodeCS",
    "type": "CodeSystem",
    "url": "http://www.ncpdp.org/brand-generic-code",
    "version": "0.4.1",
    "name": "NCPDPBrandGenericCodeCS"
  },
  {
    "id": "NCPDPCompoundCodeCS",
    "type": "CodeSystem",
    "url": "http://www.ncpdp.org/compound-code",
    "version": "0.4.1",
    "name": "NCPDPCompoundCodeCS"
  },
  {
    "id": "NCPDPDispensedAsWrittenCS",
    "type": "CodeSystem",
    "url": "http://www.ncpdp.org/dispensed-as-written-or-product-selection-code",
    "version": "0.4.1",
    "name": "NCPDPDispensedAsWrittenCS"
  },
  {
    "id": "NCPDPPrescriptionOriginCodeCS",
    "type": "CodeSystem",
    "url": "http://www.ncpdp.org/prescription-origin-code",
    "version": "0.4.1",
    "name": "NCPDPPrescriptionOriginCodeCS"
  },
  {
    "id": "ICD10PCSCS",
    "type": "CodeSystem",
    "url": "http://www.nlm.nih.gov/research/umls/icd10pcs",
    "version": "0.4.1",
    "name": "ICD10PCSCS"
  },
  {
    "id": "AHANUBCPointOfOriginForAdmissionOrVisitCS",
    "type": "CodeSystem",
    "url": "http://www.nubc.org/point-of-origin-for-admission-or-visit",
    "version": "0.4.1",
    "name": "AHANUBCPointOfOriginForAdmissionOrVisitCS"
  },
  {
    "id": "AHANUBCPriorityTypeOfAdmissionOrVisitCS",
    "type": "CodeSystem",
    "url": "http://www.nubc.org/priority-type-of-admission-or-visit",
    "version": "0.4.1",
    "name": "AHANUBCPriorityTypeOfAdmissionOrVisitCS"
  },
  {
    "id": "CMSRARCCS",
    "type": "CodeSystem",
    "url": "https://www.cms.gov/rarc",
    "version": "0.4.1",
    "name": "CMSRARCCS"
  },
  {
    "id": "X12CARCCS",
    "type": "CodeSystem",
    "url": "https://www.x12.org/carc",
    "version": "0.4.1",
    "name": "X12CARCCS"
  },
  {
    "id": "AHANUBCRevenueCodesCS",
    "type": "CodeSystem",
    "url": "urn:oid:2.16.840.1.113883.13.18",
    "version": "0.4.1",
    "name": "AHANUBCRevenueCodesCS"
  },
  {
    "id": "AHANUBCTypeOfBillCS",
    "type": "CodeSystem",
    "url": "urn:oid:2.16.840.1.113883.18.290",
    "version": "0.4.1",
    "name": "AHANUBCTypeOfBillCS"
  },
  {
    "id": "HCPCSProcedureCodesCS",
    "type": "CodeSystem",
    "url": "urn:oid:2.16.840.1.113883.6.285",
    "version": "0.4.1",
    "name": "HCPCSProcedureCodesCS"
  },
  {
    "id": "AHANUBCPresentOnAdmissionCS",
    "type": "CodeSystem",
    "url": "urn:oid:2.16.840.1.113883.6.301.11",
    "version": "0.4.1",
    "name": "AHANUBCPresentOnAdmissionCS"
  },
  {
    "id": "AHANUBCPatientDischargeStatusCS",
    "type": "CodeSystem",
    "url": "urn:oid:2.16.840.1.113883.6.301.5",
    "version": "0.4.1",
    "name": "AHANUBCPatientDischargeStatusCS"
  }
]