[
  {
    "id": "carin-bb",
    "type": "CapabilityStatement",
    "url": "http://hl7.org/fhir/us/carin-bb/CapabilityStatement/carin-bb",
    "version": "0.4.0",
    "name": "CarinBbCapabilityStatement"
  },
  {
    "id": "CareTeamRoleCS",
    "type": "CodeSystem",
    "url": "http://hl7.org/fhir/us/carin-bb/CodeSystem/CareTeamRoleCS",
    "version": "0.4.0",
    "name": "CareTeamRoleCS"
  },
  {
    "id": "ClaimAdjudicationCategoryCS",
    "type": "CodeSystem",
    "url": "http://hl7.org/fhir/us/carin-bb/CodeSystem/ClaimAdjudicationCategoryCS",
    "version": "0.4.0",
    "name": "ClaimAdjudicationCategoryCS"
  },
  {
    "id": "ClaimInformationCategoryCS",
    "type": "CodeSystem",
    "url": "http://hl7.org/fhir/us/carin-bb/CodeSystem/ClaimInformationCategoryCS",
    "version": "0.4.0",
    "name": "ClaimInformationCategoryCS"
  },
  {
    "id": "IdentifierTypeCS",
    "type": "CodeSystem",
    "url": "http://hl7.org/fhir/us/carin-bb/CodeSystem/IdentifierTypeCS",
    "version": "0.4.0",
    "name": "IdentifierTypeCS"
  },
  {
    "id": "PayerAdjudicationCategoryCS",
    "type": "CodeSystem",
    "url": "http://hl7.org/fhir/us/carin-bb/CodeSystem/PayerAdjudicationCategoryCS",
    "version": "0.4.0",
    "name": "PayerAdjudicationCategoryCS"
  },
  {
    "id": "PayerDiagnosisTypeCS",
    "type": "CodeSystem",
    "url": "http://hl7.org/fhir/us/carin-bb/CodeSystem/PayerDiagnosisTypeCS",
    "version": "0.4.0",
    "name": "PayerDiagnosisTypeCS"
  },
  {
    "id": "hl7.fhir.us.carin-bb",
    "type": "ImplementationGuide",
    "url": "http://hl7.org/fhir/us/carin-bb/ImplementationGuide/hl7.fhir.us.carin-bb",
    "version": "0.4.0",
    "name": "CARINConsumerDirectedPayerDataExchange"
  },
  {
    "id": "coverage-payor",
    "type": "SearchParameter",
    "url": "http://hl7.org/fhir/us/carin-bb/SearchParameter/coverage-payor",
    "version": "0.4.0",
    "name": "Coverage_Payor"
  },
  {
    "id": "explanationofbenefit-care-team",
    "type": "SearchParameter",
    "url": "http://hl7.org/fhir/us/carin-bb/SearchParameter/explanationofbenefit-care-team",
    "version": "0.4.0",
    "name": "ExplanationOfBenefit_Careteam"
  },
  {
    "id": "explanationofbenefit-coverage",
    "type": "SearchParameter",
    "url": "http://hl7.org/fhir/us/carin-bb/SearchParameter/explanationofbenefit-coverage",
    "version": "0.4.0",
    "name": "ExplanationOfBenefit_Coverage"
  },
  {
    "id": "explanationofbenefit-identifier",
    "type": "SearchParameter",
    "url": "http://hl7.org/fhir/us/carin-bb/SearchParameter/explanationofbenefit-identifier",
    "version": "0.4.0",
    "name": "ExplanationOfBenefit_Identifier"
  },
  {
    "id": "explanationofbenefit-insurer",
    "type": "SearchParameter",
    "url": "http://hl7.org/fhir/us/carin-bb/SearchParameter/explanationofbenefit-insurer",
    "version": "0.4.0",
    "name": "ExplanationOfBenefit_Insurer"
  },
  {
    "id": "explanationofbenefit-patient",
    "type": "SearchParameter",
    "url": "http://hl7.org/fhir/us/carin-bb/SearchParameter/explanationofbenefit-patient",
    "version": "0.4.0",
    "name": "ExplanationOfBenefit_Patient"
  },
  {
    "id": "explanationofbenefit-provider",
    "type": "SearchParameter",
    "url": "http://hl7.org/fhir/us/carin-bb/SearchParameter/explanationofbenefit-provider",
    "version": "0.4.0",
    "name": "ExplanationOfBenefit_Provider"
  },
  {
    "id": "explanationofbenefit-service-date",
    "type": "SearchParameter",
    "url": "http://hl7.org/fhir/us/carin-bb/SearchParameter/explanationofbenefit-service-date",
    "version": "0.4.0",
    "name": "ExplanationOfBenefit_ServiceDate"
  },
  {
    "id": "explanationofbenefit-type",
    "type": "SearchParameter",
    "url": "http://hl7.org/fhir/us/carin-bb/SearchParameter/explanationofbenefit-type",
    "version": "0.4.0",
    "name": "ExplanationOfBenefit_Type"
  },
  {
    "id": "practitionerrole-organization",
    "type": "SearchParameter",
    "url": "http://hl7.org/fhir/us/carin-bb/SearchParameter/practitionerrole-organization",
    "version": "0.4.0",
    "name": "ExplanationOfBenefit_Organization"
  },
  {
    "id": "practitionerrole-practitioner",
    "type": "SearchParameter",
    "url": "http://hl7.org/fhir/us/carin-bb/SearchParameter/practitionerrole-practitioner",
    "version": "0.4.0",
    "name": "ExplanationOfBenefit_Practitioner"
  },
  {
    "id": "CARIN-BB-Coverage",
    "type": "StructureDefinition",
    "url": "http://hl7.org/fhir/us/carin-bb/StructureDefinition/CARIN-BB-Coverage",
    "version": "0.4.0",
    "name": "CARINBBCoverage"
  },
  {
    "id": "CARIN-BB-ExplanationOfBenefit",
    "type": "StructureDefinition",
    "url": "http://hl7.org/fhir/us/carin-bb/StructureDefinition/CARIN-BB-ExplanationOfBenefit",
    "version": "0.4.0",
    "name": "CARINBBExplanationOfBenefit"
  },
  {
    "id": "CARIN-BB-ExplanationOfBenefit-Inpatient-Facility",
    "type": "StructureDefinition",
    "url": "http://hl7.org/fhir/us/carin-bb/StructureDefinition/CARIN-BB-ExplanationOfBenefit-Inpatient-Facility",
    "version": "0.4.0",
    "name": "CARINBBExplanationOfBenefitInpatientFacility"
  },
  {
    "id": "CARIN-BB-ExplanationOfBenefit-Outpatient-Facility",
    "type": "StructureDefinition",
    "url": "http://hl7.org/fhir/us/carin-bb/StructureDefinition/CARIN-BB-ExplanationOfBenefit-Outpatient-Facility",
    "version": "0.4.0",
    "name": "CARINBBExplanationOfBenefitOutpatientFacility"
  },
  {
    "id": "CARIN-BB-ExplanationOfBenefit-Pharmacy",
    "type": "StructureDefinition",
    "url": "http://hl7.org/fhir/us/carin-bb/StructureDefinition/CARIN-BB-ExplanationOfBenefit-Pharmacy",
    "version": "0.4.0",
    "name": "CARINBBExplanationOfBenefitPharmacy"
  },
  {
    "id": "CARIN-BB-ExplanationOfBenefit-Professional-NonClinician",
    "type": "StructureDefinition",
    "url": "http://hl7.org/fhir/us/carin-bb/StructureDefinition/CARIN-BB-ExplanationOfBenefit-Professional-NonClinician",
    "version": "0.4.0",
    "name": "CARINBBExplanationOfBenefitProfessionalNonClinician"
  },
  {
    "id": "CARIN-BB-Organization",
    "type": "StructureDefinition",
    "url": "http://hl7.org/fhir/us/carin-bb/StructureDefinition/CARIN-BB-Organization",
    "version": "0.4.0",
    "name": "CARINBBOrganization"
  },
  {
    "id": "CARIN-BB-Patient",
    "type": "StructureDefinition",
    "url": "http://hl7.org/fhir/us/carin-bb/StructureDefinition/CARIN-BB-Patient",
    "version": "0.4.0",
    "name": "CARINBBPatient"
  },
  {
    "id": "CARIN-BB-Practitioner",
    "type": "StructureDefinition",
    "url": "http://hl7.org/fhir/us/carin-bb/StructureDefinition/CARIN-BB-Practitioner",
    "version": "0.4.0",
    "name": "CARINBBPractitioner"
  },
  {
    "id": "CARIN-BB-PractitionerRole",
    "type": "StructureDefinition",
    "url": "http://hl7.org/fhir/us/carin-bb/StructureDefinition/CARIN-BB-PractitionerRole",
    "version": "0.4.0",
    "name": "CARINBBPractitionerRole"
  },
  {
    "id": "AMACPTCMSHCPCSProcedureCodes",
    "type": "ValueSet",
    "url": "http://hl7.org/fhir/us/carin-bb/ValueSet/AMACPTCMSHCPCSProcedureCodes",
    "version": "0.4.0",
    "name": "AMACPTCMSHCPCSProcedureCodes"
  },
  {
    "id": "AMACPTCMSHCPCSProcedureModifiers",
    "type": "ValueSet",
    "url": "http://hl7.org/fhir/us/carin-bb/ValueSet/AMACPTCMSHCPCSProcedureModifiers",
    "version": "0.4.0",
    "name": "AMACPTCMSHCPCSProcedureModifiers"
  },
  {
    "id": "AdjudicationCarinBBValueCodes",
    "type": "ValueSet",
    "url": "http://hl7.org/fhir/us/carin-bb/ValueSet/AdjudicationCarinBBValueCodes",
    "version": "0.4.0",
    "name": "AdjudicationCarinBBValueCodes"
  },
  {
    "id": "AdjudicationDenialReason",
    "type": "ValueSet",
    "url": "http://hl7.org/fhir/us/carin-bb/ValueSet/AdjudicationDenialReason",
    "version": "0.4.0",
    "name": "AdjudicationDenialReason"
  },
  {
    "id": "AdjudicationValueCodes",
    "type": "ValueSet",
    "url": "http://hl7.org/fhir/us/carin-bb/ValueSet/AdjudicationValueCodes",
    "version": "0.4.0",
    "name": "AdjudicationValueCodes"
  },
  {
    "id": "BenefitPaymentStatus",
    "type": "ValueSet",
    "url": "http://hl7.org/fhir/us/carin-bb/ValueSet/BenefitPaymentStatus",
    "version": "0.4.0",
    "name": "BenefitPaymentStatus"
  },
  {
    "id": "CARINBBInstitutionalClaimCareTeamRoleCodes",
    "type": "ValueSet",
    "url": "http://hl7.org/fhir/us/carin-bb/ValueSet/CARINBBInstitutionalClaimCareTeamRoleCodes",
    "version": "0.4.0",
    "name": "CARINBBInstitutionalClaimCareTeamRoleCodes"
  },
  {
    "id": "CARINBBPharmacyClaimCareTeamRoleCodes",
    "type": "ValueSet",
    "url": "http://hl7.org/fhir/us/carin-bb/ValueSet/CARINBBPharmacyClaimCareTeamRoleCodes",
    "version": "0.4.0",
    "name": "CARINBBPharmacyClaimCareTeamRoleCodes"
  },
  {
    "id": "CARINBBProfessionalAndNonclinicanClaimCareTeamRoleCodes",
    "type": "ValueSet",
    "url": "http://hl7.org/fhir/us/carin-bb/ValueSet/CARINBBProfessionalAndNonclinicanClaimCareTeamRoleCodes",
    "version": "0.4.0",
    "name": "CARINBBProfessionalAndNonclinicanClaimCareTeamRoleCodes"
  },
  {
    "id": "CMSDRG",
    "type": "ValueSet",
    "url": "http://hl7.org/fhir/us/carin-bb/ValueSet/CMSDRG",
    "version": "0.4.0",
    "name": "CMSDRG"
  },
  {
    "id": "CMSPlaceOfService",
    "type": "ValueSet",
    "url": "http://hl7.org/fhir/us/carin-bb/ValueSet/CMSPlaceOfService",
    "version": "0.4.0",
    "name": "CMSPlaceOfService"
  },
  {
    "id": "ClaimAdjudicationCategory",
    "type": "ValueSet",
    "url": "http://hl7.org/fhir/us/carin-bb/ValueSet/ClaimAdjudicationCategory",
    "version": "0.4.0",
    "name": "ClaimAdjudicationCategory"
  },
  {
    "id": "ClaimInformationCategory",
    "type": "ValueSet",
    "url": "http://hl7.org/fhir/us/carin-bb/ValueSet/ClaimInformationCategory",
    "version": "0.4.0",
    "name": "ClaimInformationCategory"
  },
  {
    "id": "ClaimPaymentStatusCode",
    "type": "ValueSet",
    "url": "http://hl7.org/fhir/us/carin-bb/ValueSet/ClaimPaymentStatusCode",
    "version": "0.4.0",
    "name": "ClaimPaymentStatusCode"
  },
  {
    "id": "FDANDCNCPDPCompoundCode",
    "type": "ValueSet",
    "url": "http://hl7.org/fhir/us/carin-bb/ValueSet/FDANDCNCPDPCompoundCode",
    "version": "0.4.0",
    "name": "FDANDCNCPDPCompoundCode"
  },
  {
    "id": "FDANationalDrugCode",
    "type": "ValueSet",
    "url": "http://hl7.org/fhir/us/carin-bb/ValueSet/FDANationalDrugCode",
    "version": "0.4.0",
    "name": "FDANationalDrugCode"
  },
  {
    "id": "ICD10CM",
    "type": "ValueSet",
    "url": "http://hl7.org/fhir/us/carin-bb/ValueSet/ICD10CM",
    "version": "0.4.0",
    "name": "ICD10CM"
  },
  {
    "id": "ICD10PCS",
    "type": "ValueSet",
    "url": "http://hl7.org/fhir/us/carin-bb/ValueSet/ICD10PCS",
    "version": "0.4.0",
    "name": "ICD10PCS"
  },
  {
    "id": "NCPDPBrandGenericCode",
    "type": "ValueSet",
    "url": "http://hl7.org/fhir/us/carin-bb/ValueSet/NCPDPBrandGenericCode",
    "version": "0.4.0",
    "name": "NCPDPBrandGenericCode"
  },
  {
    "id": "NCPDPDispensedAsWritten",
    "type": "ValueSet",
    "url": "http://hl7.org/fhir/us/carin-bb/ValueSet/NCPDPDispensedAsWritten",
    "version": "0.4.0",
    "name": "NCPDPDispensedAsWritten"
  },
  {
    "id": "NCPDPPrescriptionOriginCode",
    "type": "ValueSet",
    "url": "http://hl7.org/fhir/us/carin-bb/ValueSet/NCPDPPrescriptionOriginCode",
    "version": "0.4.0",
    "name": "NCPDPPrescriptionOriginCode"
  },
  {
    "id": "NCPDPRejectCode",
    "type": "ValueSet",
    "url": "http://hl7.org/fhir/us/carin-bb/ValueSet/NCPDPRejectCode",
    "version": "0.4.0",
    "name": "NCPDPRejectCode"
  },
  {
    "id": "NUBCPatientDischargeStatus",
    "type": "ValueSet",
    "url": "http://hl7.org/fhir/us/carin-bb/ValueSet/NUBCPatientDischargeStatus",
    "version": "0.4.0",
    "name": "NUBCPatientDischargeStatus"
  },
  {
    "id": "NUBCPresentOnAdmission",
    "type": "ValueSet",
    "url": "http://hl7.org/fhir/us/carin-bb/ValueSet/NUBCPresentOnAdmission",
    "version": "0.4.0",
    "name": "NUBCPresentOnAdmission"
  },
  {
    "id": "NUBCPriorityOfAdmissionn",
    "type": "ValueSet",
    "url": "http://hl7.org/fhir/us/carin-bb/ValueSet/NUBCPriorityOfAdmissionn",
    "version": "0.4.0",
    "name": "NUBCPriorityOfAdmissionn"
  },
  {
    "id": "PatientIdentifierType",
    "type": "ValueSet",
    "url": "http://hl7.org/fhir/us/carin-bb/ValueSet/PatientIdentifierType",
    "version": "0.4.0",
    "name": "PatientIdentifierType"
  },
  {
    "id": "PayerAdjudicationAmountCategory",
    "type": "ValueSet",
    "url": "http://hl7.org/fhir/us/carin-bb/ValueSet/PayerAdjudicationAmountCategory",
    "version": "0.4.0",
    "name": "PayerAdjudicationAmountCategory"
  },
  {
    "id": "PayerDiagnosisPresentOnAdmissionDiagnosisType",
    "type": "ValueSet",
    "url": "http://hl7.org/fhir/us/carin-bb/ValueSet/PayerDiagnosisPresentOnAdmissionDiagnosisType",
    "version": "0.4.0",
    "name": "PayerDiagnosisPresentOnAdmissionDiagnosisType"
  },
  {
    "id": "PayerInpatientfacilitydiagnosistype",
    "type": "ValueSet",
    "url": "http://hl7.org/fhir/us/carin-bb/ValueSet/PayerInpatientfacilitydiagnosistype",
    "version": "0.4.0",
    "name": "PayerInpatientfacilitydiagnosistype"
  },
  {
    "id": "PayerOutpatientfacilitydiagnosistype",
    "type": "ValueSet",
    "url": "http://hl7.org/fhir/us/carin-bb/ValueSet/PayerOutpatientfacilitydiagnosistype",
    "version": "0.4.0",
    "name": "PayerOutpatientfacilitydiagnosistype"
  },
  {
    "id": "PayerProfessionalandnoncliniciandiagnosistype",
    "type": "ValueSet",
    "url": "http://hl7.org/fhir/us/carin-bb/ValueSet/PayerProfessionalandnoncliniciandiagnosistype",
    "version": "0.4.0",
    "name": "PayerProfessionalandnoncliniciandiagnosistype"
  },
  {
    "id": "PayerProviderContractingStatus",
    "type": "ValueSet",
    "url": "http://hl7.org/fhir/us/carin-bb/ValueSet/PayerProviderContractingStatus",
    "version": "0.4.0",
    "name": "PayerProviderContractingStatus"
  }
]