[
  {
    "url": "http://hl7.org/fhir/us/carin-bb/CodeSystem/ClaimAdjudicationCategoryCS",
    "id": "ClaimAdjudicationCategoryCS",
    "type": "CodeSystem",
    "version": "0.1.0",
    "name": "ClaimAdjudicationCategoryCS"
  },
  {
    "url": "http://hl7.org/fhir/us/carin-bb/CodeSystem/ClaimInformationCategoryCS",
    "id": "ClaimInformationCategoryCS",
    "type": "CodeSystem",
    "version": "0.1.0",
    "name": "ClaimInformationCategoryCS"
  },
  {
    "url": "http://hl7.org/fhir/us/carin-bb/CodeSystem/IdentifierTypeCS",
    "id": "IdentifierTypeCS",
    "type": "CodeSystem",
    "version": "0.1.0",
    "name": "IdentifierTypeCS"
  },
  {
    "url": "http://hl7.org/fhir/us/carin-bb/CodeSystem/PayerAdjudicationCategoryCS",
    "id": "PayerAdjudicationCategoryCS",
    "type": "CodeSystem",
    "version": "0.1.0",
    "name": "PayerAdjudicationCategoryCS"
  },
  {
    "url": "http://hl7.org/fhir/us/carin-bb/CodeSystem/PayerDiagnosisTypeCS",
    "id": "PayerDiagnosisTypeCS",
    "type": "CodeSystem",
    "version": "0.1.0",
    "name": "PayerDiagnosisTypeCS"
  },
  {
    "url": "http://hl7.org/fhir/us/carin-bb/CodeSystem/PayerProviderRoleCS",
    "id": "PayerProviderRoleCS",
    "type": "CodeSystem",
    "version": "0.1.0",
    "name": "PayerProviderRoleCS"
  },
  {
    "url": "http://hl7.org/fhir/us/carin-bb/ImplementationGuide/hl7.fhir.us.carin-bb",
    "id": "hl7.fhir.us.carin-bb",
    "type": "ImplementationGuide",
    "version": "0.1.0",
    "name": "CARINConsumerDirectedPayerDataExchange"
  },
  {
    "url": "http://hl7.org/fhir/us/carin-bb/StructureDefinition/CARIN-BB-Coverage",
    "id": "CARIN-BB-Coverage",
    "type": "StructureDefinition",
    "version": "0.1.0",
    "name": "CARINBBCoverage"
  },
  {
    "url": "http://hl7.org/fhir/us/carin-bb/StructureDefinition/CARIN-BB-ExplanationOfBenefit",
    "id": "CARIN-BB-ExplanationOfBenefit",
    "type": "StructureDefinition",
    "version": "0.1.0",
    "name": "CARINBBExplanationOfBenefit"
  },
  {
    "url": "http://hl7.org/fhir/us/carin-bb/StructureDefinition/CARIN-BB-ExplanationOfBenefit-Inpatient-Facility",
    "id": "CARIN-BB-ExplanationOfBenefit-Inpatient-Facility",
    "type": "StructureDefinition",
    "version": "0.1.0",
    "name": "CARINBBExplanationOfBenefitInpatientFacility"
  },
  {
    "url": "http://hl7.org/fhir/us/carin-bb/StructureDefinition/CARIN-BB-ExplanationOfBenefit-Outpatient-Facility",
    "id": "CARIN-BB-ExplanationOfBenefit-Outpatient-Facility",
    "type": "StructureDefinition",
    "version": "0.1.0",
    "name": "CARINBBExplanationOfBenefitOutpatientFacility"
  },
  {
    "url": "http://hl7.org/fhir/us/carin-bb/StructureDefinition/CARIN-BB-ExplanationOfBenefit-Pharmacy",
    "id": "CARIN-BB-ExplanationOfBenefit-Pharmacy",
    "type": "StructureDefinition",
    "version": "0.1.0",
    "name": "CARINBBExplanationOfBenefitPharmacy"
  },
  {
    "url": "http://hl7.org/fhir/us/carin-bb/StructureDefinition/CARIN-BB-ExplanationOfBenefit-Professional-NonClinician",
    "id": "CARIN-BB-ExplanationOfBenefit-Professional-NonClinician",
    "type": "StructureDefinition",
    "version": "0.1.0",
    "name": "CARINBBExplanationOfBenefitProfessionalNonClinician"
  },
  {
    "url": "http://hl7.org/fhir/us/carin-bb/StructureDefinition/CARIN-BB-Location",
    "id": "CARIN-BB-Location",
    "type": "StructureDefinition",
    "version": "0.1.0",
    "name": "CARINBBLocation"
  },
  {
    "url": "http://hl7.org/fhir/us/carin-bb/StructureDefinition/CARIN-BB-Organization",
    "id": "CARIN-BB-Organization",
    "type": "StructureDefinition",
    "version": "0.1.0",
    "name": "CARINBBOrganization"
  },
  {
    "url": "http://hl7.org/fhir/us/carin-bb/StructureDefinition/CARIN-BB-Patient",
    "id": "CARIN-BB-Patient",
    "type": "StructureDefinition",
    "version": "0.1.0",
    "name": "CARINBBPatient"
  },
  {
    "url": "http://hl7.org/fhir/us/carin-bb/StructureDefinition/CARIN-BB-Practitioner",
    "id": "CARIN-BB-Practitioner",
    "type": "StructureDefinition",
    "version": "0.1.0",
    "name": "CARINBBPractitioner"
  },
  {
    "url": "http://hl7.org/fhir/us/carin-bb/StructureDefinition/CARIN-BB-PractitionerRole",
    "id": "CARIN-BB-PractitionerRole",
    "type": "StructureDefinition",
    "version": "0.1.0",
    "name": "CARINBBPractitionerRole"
  },
  {
    "url": "http://hl7.org/fhir/us/carin-bb/ValueSet/AdjudicationDenialReasonVS",
    "id": "AdjudicationDenialReasonVS",
    "type": "ValueSet",
    "version": "0.1.0",
    "name": "AdjudicationDenialReasonVS"
  },
  {
    "url": "http://hl7.org/fhir/us/carin-bb/ValueSet/AdjudicationPayerValueCodesVS",
    "id": "AdjudicationPayerValueCodesVS",
    "type": "ValueSet",
    "version": "0.1.0",
    "name": "AdjudicationPayerValueCodesVS"
  },
  {
    "url": "http://hl7.org/fhir/us/carin-bb/ValueSet/AdjudicationValueCodesVS",
    "id": "AdjudicationValueCodesVS",
    "type": "ValueSet",
    "version": "0.1.0",
    "name": "AdjudicationValueCodesVS"
  },
  {
    "url": "http://hl7.org/fhir/us/carin-bb/ValueSet/AdjustmentAmountCategoryVS",
    "id": "AdjustmentAmountCategoryVS",
    "type": "ValueSet",
    "version": "0.1.0",
    "name": "AdjustmentAmountCategoryVS"
  },
  {
    "url": "http://hl7.org/fhir/us/carin-bb/ValueSet/BenefitPaymentStatusCategoryVS",
    "id": "BenefitPaymentStatusCategoryVS",
    "type": "ValueSet",
    "version": "0.1.0",
    "name": "BenefitPaymentStatusCategoryVS"
  },
  {
    "url": "http://hl7.org/fhir/us/carin-bb/ValueSet/BenefitPaymentStatusVS",
    "id": "BenefitPaymentStatusVS",
    "type": "ValueSet",
    "version": "0.1.0",
    "name": "BenefitPaymentStatusVS"
  },
  {
    "url": "http://hl7.org/fhir/us/carin-bb/ValueSet/CPTHCPCSModifierCodeVS",
    "id": "CPTHCPCSModifierCodeVS",
    "type": "ValueSet",
    "version": "0.1.0",
    "name": "CPTHCPCSModifierCodeVS"
  },
  {
    "url": "http://hl7.org/fhir/us/carin-bb/ValueSet/CPTHCPCSProcedureCodeVS",
    "id": "CPTHCPCSProcedureCodeVS",
    "type": "ValueSet",
    "version": "0.1.0",
    "name": "CPTHCPCSProcedureCodeVS"
  },
  {
    "url": "http://hl7.org/fhir/us/carin-bb/ValueSet/ClaimAdjudicationCategoryVS",
    "id": "ClaimAdjudicationCategoryVS",
    "type": "ValueSet",
    "version": "0.1.0",
    "name": "ClaimAdjudicationCategoryVS"
  },
  {
    "url": "http://hl7.org/fhir/us/carin-bb/ValueSet/ClaimInformationCategoryVS",
    "id": "ClaimInformationCategoryVS",
    "type": "ValueSet",
    "version": "0.1.0",
    "name": "ClaimInformationCategoryVS"
  },
  {
    "url": "http://hl7.org/fhir/us/carin-bb/ValueSet/ClaimPayeeTypeCodeVS",
    "id": "ClaimPayeeTypeCodeVS",
    "type": "ValueSet",
    "version": "0.1.0",
    "name": "ClaimPayeeTypeCodeVS"
  },
  {
    "url": "http://hl7.org/fhir/us/carin-bb/ValueSet/ClaimPaymentStatusCodeVS",
    "id": "ClaimPaymentStatusCodeVS",
    "type": "ValueSet",
    "version": "0.1.0",
    "name": "ClaimPaymentStatusCodeVS"
  },
  {
    "url": "http://hl7.org/fhir/us/carin-bb/ValueSet/FDANDCNCPDPCompoundCodeVS",
    "id": "FDANDCNCPDPCompoundCodeVS",
    "type": "ValueSet",
    "version": "0.1.0",
    "name": "FDANDCNCPDPCompoundCodeVS"
  },
  {
    "url": "http://hl7.org/fhir/us/carin-bb/ValueSet/FDANationalDrugCodeVS",
    "id": "FDANationalDrugCodeVS",
    "type": "ValueSet",
    "version": "0.1.0",
    "name": "FDANationalDrugCodeVS"
  },
  {
    "url": "http://hl7.org/fhir/us/carin-bb/ValueSet/ICD10CMVS",
    "id": "ICD10CMVS",
    "type": "ValueSet",
    "version": "0.1.0",
    "name": "ICD10CMVS"
  },
  {
    "url": "http://hl7.org/fhir/us/carin-bb/ValueSet/ICD10PCSVS",
    "id": "ICD10PCSVS",
    "type": "ValueSet",
    "version": "0.1.0",
    "name": "ICD10PCSVS"
  },
  {
    "url": "http://hl7.org/fhir/us/carin-bb/ValueSet/MSDRGVS",
    "id": "MSDRGVS",
    "type": "ValueSet",
    "version": "0.1.0",
    "name": "MSDRGVS"
  },
  {
    "url": "http://hl7.org/fhir/us/carin-bb/ValueSet/NCPDPBrandGenericCodeVS",
    "id": "NCPDPBrandGenericCodeVS",
    "type": "ValueSet",
    "version": "0.1.0",
    "name": "NCPDPBrandGenericCodeVS"
  },
  {
    "url": "http://hl7.org/fhir/us/carin-bb/ValueSet/NCPDPDispensedAsWrittenVS",
    "id": "NCPDPDispensedAsWrittenVS",
    "type": "ValueSet",
    "version": "0.1.0",
    "name": "NCPDPDispensedAsWrittenVS"
  },
  {
    "url": "http://hl7.org/fhir/us/carin-bb/ValueSet/NCPDPPrescriptionOriginCodeVS",
    "id": "NCPDPPrescriptionOriginCodeVS",
    "type": "ValueSet",
    "version": "0.1.0",
    "name": "NCPDPPrescriptionOriginCodeVS"
  },
  {
    "url": "http://hl7.org/fhir/us/carin-bb/ValueSet/NCPDPRejectCodeVS",
    "id": "NCPDPRejectCodeVS",
    "type": "ValueSet",
    "version": "0.1.0",
    "name": "NCPDPRejectCodeVS"
  },
  {
    "url": "http://hl7.org/fhir/us/carin-bb/ValueSet/NUBCPatientDischargeStatusVS",
    "id": "NUBCPatientDischargeStatusVS",
    "type": "ValueSet",
    "version": "0.1.0",
    "name": "NUBCPatientDischargeStatusVS"
  },
  {
    "url": "http://hl7.org/fhir/us/carin-bb/ValueSet/NUBCPointOfOriginVS",
    "id": "NUBCPointOfOriginVS",
    "type": "ValueSet",
    "version": "0.1.0",
    "name": "NUBCPointOfOriginVS"
  },
  {
    "url": "http://hl7.org/fhir/us/carin-bb/ValueSet/NUBCPresentOnAdmissionVS",
    "id": "NUBCPresentOnAdmissionVS",
    "type": "ValueSet",
    "version": "0.1.0",
    "name": "NUBCPresentOnAdmissionVS"
  },
  {
    "url": "http://hl7.org/fhir/us/carin-bb/ValueSet/NUBCPriorityOfAdmissionnVS",
    "id": "NUBCPriorityOfAdmissionnVS",
    "type": "ValueSet",
    "version": "0.1.0",
    "name": "NUBCPriorityOfAdmissionnVS"
  },
  {
    "url": "http://hl7.org/fhir/us/carin-bb/ValueSet/NUBCRevenueCodeVS",
    "id": "NUBCRevenueCodeVS",
    "type": "ValueSet",
    "version": "0.1.0",
    "name": "NUBCRevenueCodeVS"
  },
  {
    "url": "http://hl7.org/fhir/us/carin-bb/ValueSet/NUBCTypeOfBillVS",
    "id": "NUBCTypeOfBillVS",
    "type": "ValueSet",
    "version": "0.1.0",
    "name": "NUBCTypeOfBillVS"
  },
  {
    "url": "http://hl7.org/fhir/us/carin-bb/ValueSet/OrganizationIdentifierTypeVS",
    "id": "OrganizationIdentifierTypeVS",
    "type": "ValueSet",
    "version": "0.1.0",
    "name": "OrganizationIdentifierTypeVS"
  },
  {
    "url": "http://hl7.org/fhir/us/carin-bb/ValueSet/PatientIdentifierTypeVS",
    "id": "PatientIdentifierTypeVS",
    "type": "ValueSet",
    "version": "0.1.0",
    "name": "PatientIdentifierTypeVS"
  },
  {
    "url": "http://hl7.org/fhir/us/carin-bb/ValueSet/PayerAdjudicationAmountCategoryVS",
    "id": "PayerAdjudicationAmountCategoryVS",
    "type": "ValueSet",
    "version": "0.1.0",
    "name": "PayerAdjudicationAmountCategoryVS"
  },
  {
    "url": "http://hl7.org/fhir/us/carin-bb/ValueSet/PayerInpatientFacilityProviderRoleVSProviderRoleVS",
    "id": "PayerInpatientFacilityProviderRoleVSProviderRoleVS",
    "type": "ValueSet",
    "version": "0.1.0",
    "name": "PayerInpatientFacilityProviderRoleVSProviderRoleVS"
  },
  {
    "url": "http://hl7.org/fhir/us/carin-bb/ValueSet/PayerInpatientfacilitydiagnosistype",
    "id": "PayerInpatientfacilitydiagnosistype",
    "type": "ValueSet",
    "version": "0.1.0",
    "name": "PayerInpatientfacilitydiagnosistype"
  },
  {
    "url": "http://hl7.org/fhir/us/carin-bb/ValueSet/PayerOutpatientFacilityProviderRoleVS",
    "id": "PayerOutpatientFacilityProviderRoleVS",
    "type": "ValueSet",
    "version": "0.1.0",
    "name": "PayerOutpatientFacilityProviderRoleVS"
  },
  {
    "url": "http://hl7.org/fhir/us/carin-bb/ValueSet/PayerOutpatientfacilitydiagnosistype",
    "id": "PayerOutpatientfacilitydiagnosistype",
    "type": "ValueSet",
    "version": "0.1.0",
    "name": "PayerOutpatientfacilitydiagnosistype"
  },
  {
    "url": "http://hl7.org/fhir/us/carin-bb/ValueSet/PayerPharmacyProviderRoleVS",
    "id": "PayerPharmacyProviderRoleVS",
    "type": "ValueSet",
    "version": "0.1.0",
    "name": "PayerPharmacyProviderRoleVS"
  },
  {
    "url": "http://hl7.org/fhir/us/carin-bb/ValueSet/PayerProfessionalAndNonClinicianProviderRoleVS",
    "id": "PayerProfessionalAndNonClinicianProviderRoleVS",
    "type": "ValueSet",
    "version": "0.1.0",
    "name": "PayerProfessionalAndNonClinicianProviderRoleVS"
  },
  {
    "url": "http://hl7.org/fhir/us/carin-bb/ValueSet/PayerProfessionalandnoncliniciandiagnosistype",
    "id": "PayerProfessionalandnoncliniciandiagnosistype",
    "type": "ValueSet",
    "version": "0.1.0",
    "name": "PayerProfessionalandnoncliniciandiagnosistype"
  },
  {
    "url": "http://hl7.org/fhir/us/carin-bb/ValueSet/PayerProviderRoleVS",
    "id": "PayerProviderRoleVS",
    "type": "ValueSet",
    "version": "0.1.0",
    "name": "PayerProviderRoleVS"
  },
  {
    "url": "http://hl7.org/fhir/us/carin-bb/ValueSet/ProviderNetworkStatusVS",
    "id": "ProviderNetworkStatusVS",
    "type": "ValueSet",
    "version": "0.1.0",
    "name": "ProviderNetworkStatusVS"
  },
  {
    "url": "http://hl7.org/fhir/us/carin/CapabilityStatement/carin-bb-capabilitystatement-consumer-app",
    "id": "carin-bb-capabilitystatement-consumer-app",
    "type": "CapabilityStatement",
    "version": "0.1.0",
    "name": "CARIN_BlueButton_Consumer_App_CapabilityStatement"
  },
  {
    "url": "http://hl7.org/fhir/us/carin/CapabilityStatement/carin-bb-capabilitystatement-healthplan-api",
    "id": "carin-bb-capabilitystatement-healthplan-api",
    "type": "CapabilityStatement",
    "version": "0.1.0",
    "name": "CARINBlueButton_HealthPlan_API_CapabilityStatement"
  },
  {
    "url": "http://hl7.org/fhir/us/carin/SearchParameter/explanationofbenefit-identifier",
    "id": "explanationofbenefit-identifier",
    "type": "SearchParameter",
    "version": "0.1.0",
    "name": "ExplanationOfBenefit_Identifier"
  },
  {
    "url": "http://hl7.org/fhir/us/carin/SearchParameter/explanationofbenefit-patient",
    "id": "explanationofbenefit-patient",
    "type": "SearchParameter",
    "version": "0.1.0",
    "name": "ExplanationOfBenefit_Patient"
  },
  {
    "url": "http://hl7.org/fhir/us/carin/SearchParameter/explanationofbenefit-service-date",
    "id": "explanationofbenefit-service-date",
    "type": "SearchParameter",
    "version": "0.1.0",
    "name": "ExplanationOfBenefit_ServiceDate"
  },
  {
    "url": "http://hl7.org/fhir/us/carin/SearchParameter/explanationofbenefit-type",
    "id": "explanationofbenefit-type",
    "type": "SearchParameter",
    "version": "0.1.0",
    "name": "ExplanationOfBenefit_Type"
  }
]