[
  {
    "id": "ICD10CMCS",
    "type": "CodeSystem",
    "url": "http://hl7.org/fhir/sid/icd-10-cm",
    "version": "0.1.3",
    "name": "ICD10CMCS"
  },
  {
    "id": "FDANDC",
    "type": "CodeSystem",
    "url": "http://hl7.org/fhir/sid/ndc",
    "version": "0.1.3",
    "name": "FDANDC"
  },
  {
    "id": "c4bb",
    "type": "CapabilityStatement",
    "url": "http://hl7.org/fhir/us/carin-bb/CapabilityStatement/c4bb",
    "version": "0.1.3",
    "name": "CarinBbCapabilityStatement"
  },
  {
    "id": "C4BBAdjudication",
    "type": "CodeSystem",
    "url": "http://hl7.org/fhir/us/carin-bb/CodeSystem/C4BBAdjudication",
    "version": "0.1.3",
    "name": "C4BBAdjudication"
  },
  {
    "id": "C4BBClaimCareTeamRole",
    "type": "CodeSystem",
    "url": "http://hl7.org/fhir/us/carin-bb/CodeSystem/C4BBClaimCareTeamRole",
    "version": "0.1.3",
    "name": "C4BBClaimCareTeamRole"
  },
  {
    "id": "C4BBClaimDiagnosisType",
    "type": "CodeSystem",
    "url": "http://hl7.org/fhir/us/carin-bb/CodeSystem/C4BBClaimDiagnosisType",
    "version": "0.1.3",
    "name": "C4BBClaimDiagnosisType"
  },
  {
    "id": "C4BBCompoundLiteral",
    "type": "CodeSystem",
    "url": "http://hl7.org/fhir/us/carin-bb/CodeSystem/C4BBCompoundLiteral",
    "version": "0.1.3",
    "name": "C4BBCompoundLiteral"
  },
  {
    "id": "C4BBPayeeType",
    "type": "CodeSystem",
    "url": "http://hl7.org/fhir/us/carin-bb/CodeSystem/C4BBPayeeType",
    "version": "0.1.3",
    "name": "C4BBPayeeType"
  },
  {
    "id": "C4BBPayerAdjudicationStatus",
    "type": "CodeSystem",
    "url": "http://hl7.org/fhir/us/carin-bb/CodeSystem/C4BBPayerAdjudicationStatus",
    "version": "0.1.3",
    "name": "C4BBPayerAdjudicationStatus"
  },
  {
    "id": "C4BBRelatedClaimRelationshipCodes",
    "type": "CodeSystem",
    "url": "http://hl7.org/fhir/us/carin-bb/CodeSystem/C4BBRelatedClaimRelationshipCodes",
    "version": "0.1.3",
    "name": "C4BBRelatedClaimRelationshipCodes"
  },
  {
    "id": "ClaimAdjudicationCategory",
    "type": "CodeSystem",
    "url": "http://hl7.org/fhir/us/carin-bb/CodeSystem/ClaimAdjudicationCategory",
    "version": "0.1.3",
    "name": "ClaimAdjudicationCategory"
  },
  {
    "id": "ClaimInformationCategory",
    "type": "CodeSystem",
    "url": "http://hl7.org/fhir/us/carin-bb/CodeSystem/ClaimInformationCategory",
    "version": "0.1.3",
    "name": "ClaimInformationCategory"
  },
  {
    "id": "IdentifierTypeCS",
    "type": "CodeSystem",
    "url": "http://hl7.org/fhir/us/carin-bb/CodeSystem/IdentifierTypeCS",
    "version": "0.1.3",
    "name": "IdentifierTypeCS"
  },
  {
    "id": "hl7.fhir.us.carin-bb",
    "type": "ImplementationGuide",
    "url": "http://hl7.org/fhir/us/carin-bb/ImplementationGuide/hl7.fhir.us.carin-bb",
    "version": "0.1.3",
    "name": "CARINConsumerDirectedPayerDataExchange"
  },
  {
    "id": "coverage-payor",
    "type": "SearchParameter",
    "url": "http://hl7.org/fhir/us/carin-bb/SearchParameter/coverage-payor",
    "version": "0.1.3",
    "name": "Coverage_Payor"
  },
  {
    "id": "explanationofbenefit-care-team",
    "type": "SearchParameter",
    "url": "http://hl7.org/fhir/us/carin-bb/SearchParameter/explanationofbenefit-care-team",
    "version": "0.1.3",
    "name": "ExplanationOfBenefit_Careteam"
  },
  {
    "id": "explanationofbenefit-coverage",
    "type": "SearchParameter",
    "url": "http://hl7.org/fhir/us/carin-bb/SearchParameter/explanationofbenefit-coverage",
    "version": "0.1.3",
    "name": "ExplanationOfBenefit_Coverage"
  },
  {
    "id": "explanationofbenefit-identifier",
    "type": "SearchParameter",
    "url": "http://hl7.org/fhir/us/carin-bb/SearchParameter/explanationofbenefit-identifier",
    "version": "0.1.3",
    "name": "ExplanationOfBenefit_Identifier"
  },
  {
    "id": "explanationofbenefit-insurer",
    "type": "SearchParameter",
    "url": "http://hl7.org/fhir/us/carin-bb/SearchParameter/explanationofbenefit-insurer",
    "version": "0.1.3",
    "name": "ExplanationOfBenefit_Insurer"
  },
  {
    "id": "explanationofbenefit-patient",
    "type": "SearchParameter",
    "url": "http://hl7.org/fhir/us/carin-bb/SearchParameter/explanationofbenefit-patient",
    "version": "0.1.3",
    "name": "ExplanationOfBenefit_Patient"
  },
  {
    "id": "explanationofbenefit-provider",
    "type": "SearchParameter",
    "url": "http://hl7.org/fhir/us/carin-bb/SearchParameter/explanationofbenefit-provider",
    "version": "0.1.3",
    "name": "ExplanationOfBenefit_Provider"
  },
  {
    "id": "explanationofbenefit-service-date",
    "type": "SearchParameter",
    "url": "http://hl7.org/fhir/us/carin-bb/SearchParameter/explanationofbenefit-service-date",
    "version": "0.1.3",
    "name": "ExplanationOfBenefit_ServiceDate"
  },
  {
    "id": "explanationofbenefit-type",
    "type": "SearchParameter",
    "url": "http://hl7.org/fhir/us/carin-bb/SearchParameter/explanationofbenefit-type",
    "version": "0.1.3",
    "name": "ExplanationOfBenefit_Type"
  },
  {
    "id": "practitionerrole-organization",
    "type": "SearchParameter",
    "url": "http://hl7.org/fhir/us/carin-bb/SearchParameter/practitionerrole-organization",
    "version": "0.1.3",
    "name": "ExplanationOfBenefit_Organization"
  },
  {
    "id": "practitionerrole-practitioner",
    "type": "SearchParameter",
    "url": "http://hl7.org/fhir/us/carin-bb/SearchParameter/practitionerrole-practitioner",
    "version": "0.1.3",
    "name": "ExplanationOfBenefit_Practitioner"
  },
  {
    "id": "C4BB-Coverage",
    "type": "StructureDefinition",
    "url": "http://hl7.org/fhir/us/carin-bb/StructureDefinition/C4BB-Coverage",
    "version": "0.1.3",
    "name": "C4BBCoverage"
  },
  {
    "id": "C4BB-ExplanationOfBenefit",
    "type": "StructureDefinition",
    "url": "http://hl7.org/fhir/us/carin-bb/StructureDefinition/C4BB-ExplanationOfBenefit",
    "version": "0.1.3",
    "name": "C4BBExplanationOfBenefit"
  },
  {
    "id": "C4BB-ExplanationOfBenefit-Inpatient-Institutional",
    "type": "StructureDefinition",
    "url": "http://hl7.org/fhir/us/carin-bb/StructureDefinition/C4BB-ExplanationOfBenefit-Inpatient-Institutional",
    "version": "0.1.3",
    "name": "C4BBExplanationOfBenefitInpatientInstitutional"
  },
  {
    "id": "C4BB-ExplanationOfBenefit-Outpatient-Institutional",
    "type": "StructureDefinition",
    "url": "http://hl7.org/fhir/us/carin-bb/StructureDefinition/C4BB-ExplanationOfBenefit-Outpatient-Institutional",
    "version": "0.1.3",
    "name": "C4BBExplanationOfBenefitOutpatientInstitutional"
  },
  {
    "id": "C4BB-ExplanationOfBenefit-Pharmacy",
    "type": "StructureDefinition",
    "url": "http://hl7.org/fhir/us/carin-bb/StructureDefinition/C4BB-ExplanationOfBenefit-Pharmacy",
    "version": "0.1.3",
    "name": "C4BBExplanationOfBenefitPharmacy"
  },
  {
    "id": "C4BB-ExplanationOfBenefit-Professional-NonClinician",
    "type": "StructureDefinition",
    "url": "http://hl7.org/fhir/us/carin-bb/StructureDefinition/C4BB-ExplanationOfBenefit-Professional-NonClinician",
    "version": "0.1.3",
    "name": "C4BBExplanationOfBenefitProfessionalNonClinician"
  },
  {
    "id": "C4BB-Organization",
    "type": "StructureDefinition",
    "url": "http://hl7.org/fhir/us/carin-bb/StructureDefinition/C4BB-Organization",
    "version": "0.1.3",
    "name": "C4BBOrganization"
  },
  {
    "id": "C4BB-Patient",
    "type": "StructureDefinition",
    "url": "http://hl7.org/fhir/us/carin-bb/StructureDefinition/C4BB-Patient",
    "version": "0.1.3",
    "name": "C4BBPatient"
  },
  {
    "id": "C4BB-Practitioner",
    "type": "StructureDefinition",
    "url": "http://hl7.org/fhir/us/carin-bb/StructureDefinition/C4BB-Practitioner",
    "version": "0.1.3",
    "name": "C4BBPractitioner"
  },
  {
    "id": "AHANUBCPatientDischargeStatus",
    "type": "ValueSet",
    "url": "http://hl7.org/fhir/us/carin-bb/ValueSet/AHANUBCPatientDischargeStatus",
    "version": "0.1.3",
    "name": "AHANUBCPatientDischargeStatus"
  },
  {
    "id": "AHANUBCPointOfOriginForAdmissionOrVisit",
    "type": "ValueSet",
    "url": "http://hl7.org/fhir/us/carin-bb/ValueSet/AHANUBCPointOfOriginForAdmissionOrVisit",
    "version": "0.1.3",
    "name": "AHANUBCPointOfOriginForAdmissionOrVisit"
  },
  {
    "id": "AHANUBCPresentOnAdmission",
    "type": "ValueSet",
    "url": "http://hl7.org/fhir/us/carin-bb/ValueSet/AHANUBCPresentOnAdmission",
    "version": "0.1.3",
    "name": "AHANUBCPresentOnAdmission"
  },
  {
    "id": "AHANUBCPriorityTypeOfAdmissionOrVisit",
    "type": "ValueSet",
    "url": "http://hl7.org/fhir/us/carin-bb/ValueSet/AHANUBCPriorityTypeOfAdmissionOrVisit",
    "version": "0.1.3",
    "name": "AHANUBCPriorityTypeOfAdmissionOrVisit"
  },
  {
    "id": "AHANUBCRevenueCodes",
    "type": "ValueSet",
    "url": "http://hl7.org/fhir/us/carin-bb/ValueSet/AHANUBCRevenueCodes",
    "version": "0.1.3",
    "name": "AHANUBCRevenueCodes"
  },
  {
    "id": "AHANUBCTypeOfBill",
    "type": "ValueSet",
    "url": "http://hl7.org/fhir/us/carin-bb/ValueSet/AHANUBCTypeOfBill",
    "version": "0.1.3",
    "name": "AHANUBCTypeOfBill"
  },
  {
    "id": "AMACPTCMSHCPCSModifiers",
    "type": "ValueSet",
    "url": "http://hl7.org/fhir/us/carin-bb/ValueSet/AMACPTCMSHCPCSModifiers",
    "version": "0.1.3",
    "name": "AMACPTCMSHCPCSModifiers"
  },
  {
    "id": "AMACPTCMSHCPCSProcedureCodes",
    "type": "ValueSet",
    "url": "http://hl7.org/fhir/us/carin-bb/ValueSet/AMACPTCMSHCPCSProcedureCodes",
    "version": "0.1.3",
    "name": "AMACPTCMSHCPCSProcedureCodes"
  },
  {
    "id": "C4BBAdjudication",
    "type": "ValueSet",
    "url": "http://hl7.org/fhir/us/carin-bb/ValueSet/C4BBAdjudication",
    "version": "0.1.3",
    "name": "C4BBAdjudication"
  },
  {
    "id": "C4BBClaimInpatientInstitutionalDiagnosisType",
    "type": "ValueSet",
    "url": "http://hl7.org/fhir/us/carin-bb/ValueSet/C4BBClaimInpatientInstitutionalDiagnosisType",
    "version": "0.1.3",
    "name": "C4BBClaimInpatientInstitutionalDiagnosisType"
  },
  {
    "id": "C4BBClaimInstitutionalCareTeamRole",
    "type": "ValueSet",
    "url": "http://hl7.org/fhir/us/carin-bb/ValueSet/C4BBClaimInstitutionalCareTeamRole",
    "version": "0.1.3",
    "name": "C4BBClaimInstitutionalCareTeamRole"
  },
  {
    "id": "C4BBClaimOutpatientInstitutionalDiagnosisType",
    "type": "ValueSet",
    "url": "http://hl7.org/fhir/us/carin-bb/ValueSet/C4BBClaimOutpatientInstitutionalDiagnosisType",
    "version": "0.1.3",
    "name": "C4BBClaimOutpatientInstitutionalDiagnosisType"
  },
  {
    "id": "C4BBClaimPharmacyTeamRole",
    "type": "ValueSet",
    "url": "http://hl7.org/fhir/us/carin-bb/ValueSet/C4BBClaimPharmacyTeamRole",
    "version": "0.1.3",
    "name": "C4BBClaimPharmacyTeamRole"
  },
  {
    "id": "C4BBClaimProfessionalAndNonClinicianCareTeamRole",
    "type": "ValueSet",
    "url": "http://hl7.org/fhir/us/carin-bb/ValueSet/C4BBClaimProfessionalAndNonClinicianCareTeamRole",
    "version": "0.1.3",
    "name": "C4BBClaimProfessionalAndNonClinicianCareTeamRole"
  },
  {
    "id": "C4BBClaimProfessionalAndNonClinicianDiagnosisType",
    "type": "ValueSet",
    "url": "http://hl7.org/fhir/us/carin-bb/ValueSet/C4BBClaimProfessionalAndNonClinicianDiagnosisType",
    "version": "0.1.3",
    "name": "C4BBClaimProfessionalAndNonClinicianDiagnosisType"
  },
  {
    "id": "C4BBPayeeType",
    "type": "ValueSet",
    "url": "http://hl7.org/fhir/us/carin-bb/ValueSet/C4BBPayeeType",
    "version": "0.1.3",
    "name": "C4BBPayeeType"
  },
  {
    "id": "C4BBPayerBenefitPaymentStatus",
    "type": "ValueSet",
    "url": "http://hl7.org/fhir/us/carin-bb/ValueSet/C4BBPayerBenefitPaymentStatus",
    "version": "0.1.3",
    "name": "C4BBPayerBenefitPaymentStatus"
  },
  {
    "id": "C4BBPayerClaimPaymentStatusCode",
    "type": "ValueSet",
    "url": "http://hl7.org/fhir/us/carin-bb/ValueSet/C4BBPayerClaimPaymentStatusCode",
    "version": "0.1.3",
    "name": "C4BBPayerClaimPaymentStatusCode"
  },
  {
    "id": "C4BBPayerProviderContractingStatus",
    "type": "ValueSet",
    "url": "http://hl7.org/fhir/us/carin-bb/ValueSet/C4BBPayerProviderContractingStatus",
    "version": "0.1.3",
    "name": "C4BBPayerProviderContractingStatus"
  },
  {
    "id": "C4BBRelatedClaimRelationshipCodes",
    "type": "ValueSet",
    "url": "http://hl7.org/fhir/us/carin-bb/ValueSet/C4BBRelatedClaimRelationshipCodes",
    "version": "0.1.3",
    "name": "C4BBRelatedClaimRelationshipCodes"
  },
  {
    "id": "CMSDRG",
    "type": "ValueSet",
    "url": "http://hl7.org/fhir/us/carin-bb/ValueSet/CMSDRG",
    "version": "0.1.3",
    "name": "CMSDRG"
  },
  {
    "id": "CMSPlaceofServiceCodes",
    "type": "ValueSet",
    "url": "http://hl7.org/fhir/us/carin-bb/ValueSet/CMSPlaceofServiceCodes",
    "version": "0.1.3",
    "name": "CMSPlaceofServiceCodes"
  },
  {
    "id": "ClaimInformationCategory",
    "type": "ValueSet",
    "url": "http://hl7.org/fhir/us/carin-bb/ValueSet/ClaimInformationCategory",
    "version": "0.1.3",
    "name": "ClaimInformationCategory"
  },
  {
    "id": "FDANDC",
    "type": "ValueSet",
    "url": "http://hl7.org/fhir/us/carin-bb/ValueSet/FDANDC",
    "version": "0.1.3",
    "name": "FDANDC"
  },
  {
    "id": "FDANDCOrCompound",
    "type": "ValueSet",
    "url": "http://hl7.org/fhir/us/carin-bb/ValueSet/FDANDCOrCompound",
    "version": "0.1.3",
    "name": "FDANDCOrCompound"
  },
  {
    "id": "ICD10CM",
    "type": "ValueSet",
    "url": "http://hl7.org/fhir/us/carin-bb/ValueSet/ICD10CM",
    "version": "0.1.3",
    "name": "ICD10CM"
  },
  {
    "id": "ICD10PCS",
    "type": "ValueSet",
    "url": "http://hl7.org/fhir/us/carin-bb/ValueSet/ICD10PCS",
    "version": "0.1.3",
    "name": "ICD10PCS"
  },
  {
    "id": "NCPDPBrandGenericCode",
    "type": "ValueSet",
    "url": "http://hl7.org/fhir/us/carin-bb/ValueSet/NCPDPBrandGenericCode",
    "version": "0.1.3",
    "name": "NCPDPBrandGenericCode"
  },
  {
    "id": "NCPDPCompoundCode",
    "type": "ValueSet",
    "url": "http://hl7.org/fhir/us/carin-bb/ValueSet/NCPDPCompoundCode",
    "version": "0.1.3",
    "name": "NCPDPCompoundCode"
  },
  {
    "id": "NCPDPDispensedAsWrittenOrProductSelectionCode",
    "type": "ValueSet",
    "url": "http://hl7.org/fhir/us/carin-bb/ValueSet/NCPDPDispensedAsWrittenOrProductSelectionCode",
    "version": "0.1.3",
    "name": "NCPDPDispensedAsWrittenOrProductSelectionCode"
  },
  {
    "id": "NCPDPPrescriptionOriginCode",
    "type": "ValueSet",
    "url": "http://hl7.org/fhir/us/carin-bb/ValueSet/NCPDPPrescriptionOriginCode",
    "version": "0.1.3",
    "name": "NCPDPPrescriptionOriginCode"
  },
  {
    "id": "NCPDPRejectCode",
    "type": "ValueSet",
    "url": "http://hl7.org/fhir/us/carin-bb/ValueSet/NCPDPRejectCode",
    "version": "0.1.3",
    "name": "NCPDPRejectCode"
  },
  {
    "id": "PatientIdentifierType",
    "type": "ValueSet",
    "url": "http://hl7.org/fhir/us/carin-bb/ValueSet/PatientIdentifierType",
    "version": "0.1.3",
    "name": "PatientIdentifierType"
  },
  {
    "id": "X12ClaimAdjustmentReasonCodesCMSRemittanceAdviceRemarkCodes",
    "type": "ValueSet",
    "url": "http://hl7.org/fhir/us/carin-bb/ValueSet/X12ClaimAdjustmentReasonCodesCMSRemittanceAdviceRemarkCodes",
    "version": "0.1.3",
    "name": "X12ClaimAdjustmentReasonCodesCMSRemittanceAdviceRemarkCodes"
  },
  {
    "id": "NCPDPRejectCode",
    "type": "CodeSystem",
    "url": "http://ncpdp.org/RejectCode",
    "version": "0.1.3",
    "name": "NCPDPRejectCode"
  },
  {
    "id": "AMACPTCodes",
    "type": "CodeSystem",
    "url": "http://www.ama-assn.org/go/cpt",
    "version": "0.1.3",
    "name": "AMACPTCodes"
  },
  {
    "id": "CMSHCPCSCodes",
    "type": "CodeSystem",
    "url": "http://www.cms.gov/Medicare/Coding/HCPCSReleaseCodeSets",
    "version": "0.1.3",
    "name": "CMSHCPCSCodes"
  },
  {
    "id": "CMSDRG",
    "type": "CodeSystem",
    "url": "http://www.cms.gov/ms-drg",
    "version": "0.1.3",
    "name": "CMSDRG"
  },
  {
    "id": "NCPDPBrandGenericCode",
    "type": "CodeSystem",
    "url": "http://www.ncpdp.org/BrandGenericCode",
    "version": "0.1.3",
    "name": "NCPDPBrandGenericCode"
  },
  {
    "id": "NCPDPCompoundCode",
    "type": "CodeSystem",
    "url": "http://www.ncpdp.org/CompoundCode",
    "version": "0.1.3",
    "name": "NCPDPCompoundCode"
  },
  {
    "id": "NCPDPDispensedAsWrittenOrProductSelectionCode",
    "type": "CodeSystem",
    "url": "http://www.ncpdp.org/DispensedAsWrittenOrProductSelectionCode",
    "version": "0.1.3",
    "name": "NCPDPDispensedAsWrittenOrProductSelectionCode"
  },
  {
    "id": "NCPDPPrescriptionOriginCode",
    "type": "CodeSystem",
    "url": "http://www.ncpdp.org/PrescriptionOriginCode",
    "version": "0.1.3",
    "name": "NCPDPPrescriptionOriginCode"
  },
  {
    "id": "ICD10PCSCS",
    "type": "CodeSystem",
    "url": "http://www.nlm.nih.gov/research/umls/icd10pcs",
    "version": "0.1.3",
    "name": "ICD10PCSCS"
  },
  {
    "id": "AHANUBCPatientDischargeStatus",
    "type": "CodeSystem",
    "url": "http://www.nubc.org/PatientDischargeStatus",
    "version": "0.1.3",
    "name": "AHANUBCPatientDischargeStatus"
  },
  {
    "id": "AHANUBCPointOfOriginForAdmissionOrVisit",
    "type": "CodeSystem",
    "url": "http://www.nubc.org/PointOfOriginForAdmissionOrVisit",
    "version": "0.1.3",
    "name": "AHANUBCPointOfOriginForAdmissionOrVisit"
  },
  {
    "id": "AHANUBCPresentOnAdmission",
    "type": "CodeSystem",
    "url": "http://www.nubc.org/PresentOnAdmission",
    "version": "0.1.3",
    "name": "AHANUBCPresentOnAdmission"
  },
  {
    "id": "AHANUBCPriorityTypeOfAdmissionOrVisit",
    "type": "CodeSystem",
    "url": "http://www.nubc.org/PriorityTypeOfAdmissionOrVisit",
    "version": "0.1.3",
    "name": "AHANUBCPriorityTypeOfAdmissionOrVisit"
  },
  {
    "id": "AHANUBCRevenueCodes",
    "type": "CodeSystem",
    "url": "http://www.nubc.org/RevenueCodes",
    "version": "0.1.3",
    "name": "AHANUBCRevenueCodes"
  },
  {
    "id": "AHANUBCTypeOfBill",
    "type": "CodeSystem",
    "url": "http://www.nubc.org/TypeOfBill",
    "version": "0.1.3",
    "name": "AHANUBCTypeOfBill"
  },
  {
    "id": "CMSPlaceofServiceCodes",
    "type": "CodeSystem",
    "url": "https://www.cms.gov/Medicare/Coding/place-of-service-codes/Place_of_Service_Code_Set",
    "version": "0.1.3",
    "name": "CMSPlaceofServiceCodes"
  },
  {
    "id": "X12ClaimAdjustmentReasonCodes",
    "type": "CodeSystem",
    "url": "https://x12.org/codes/claim-adjustment-reason-codes",
    "version": "0.1.3",
    "name": "X12ClaimAdjustmentReasonCodes"
  },
  {
    "id": "CMSRemittanceAdviceRemarkCodes",
    "type": "CodeSystem",
    "url": "https://x12.org/codes/remittance-advice-remark-codes",
    "version": "0.1.3",
    "name": "CMSRemittanceAdviceRemarkCodes"
  }
]