﻿{
  "openapi": "3.0.2",
  "info": {
    "title": "CARIN BlueButton Consumer App CapabilityStatement",
    "description": "The Section describes the expected capabilities of the Consumer-Directed Payer Data Exchange Consumer App which is responsible for creating and initiating the queries for information about an individual patient. The complete list of FHIR profiles, RESTful operations, and search parameters supported by Consumer-Directed Payer Data Exchange Servers are defined in the [Conformance Requirements for Server](carin-bb-capabilitystatement-healthplan-api.html). Consumer-Directed Payer Data Exchange Consumer Apps have the option of choosing from this list to access necessary data based on their local use cases and other contextual requirements.",
    "license": {
      "name": "Creative Commons Zero v1.0 Universal",
      "url": "http://spdx.org/licenses/CC0-1.0.html"
    },
    "version": "0.3.1",
    "contact": {
      "name": "HL7 Financial Management Working Group",
      "email": "fm@lists.HL7.org",
      "url": "http://www.hl7.org/Special/committees/fm/index.cfm"
    }
  },
  "externalDocs": {
    "url": "http://hl7.org/fhir/us/carin/CapabilityStatement/carin-bb-capabilitystatement-consumer-app",
    "description": "FHIR CapabilityStatement"
  },
  "components": {
    "parameters": {
      "rid": {
        "name": "rid",
        "in": "path",
        "description": "id of the resource (\u003dResource.id)",
        "required": true,
        "allowEmptyValue": false,
        "style": "simple",
        "schema": {
          "type": "string"
        }
      },
      "hid": {
        "name": "hid",
        "in": "path",
        "description": "id of the history entry (\u003dResource.meta.versionId)",
        "required": true,
        "allowEmptyValue": false,
        "style": "simple",
        "schema": {
          "type": "string"
        }
      },
      "summary": {
        "name": "_summary",
        "in": "query",
        "description": "Requests the server to return a designated subset of the resource",
        "allowEmptyValue": true,
        "style": "form",
        "schema": {
          "type": "string",
          "enum": [
            "true",
            "text",
            "data",
            "count",
            "false"
          ]
        }
      },
      "format": {
        "name": "_format",
        "in": "query",
        "description": "Specify alternative response formats by their MIME-types (when a client is unable acccess accept: header)",
        "allowEmptyValue": true,
        "style": "form",
        "schema": {
          "type": "string",
          "format": "mime-type"
        }
      },
      "pretty": {
        "name": "_pretty",
        "in": "query",
        "description": "Ask for a pretty printed response for human convenience",
        "allowEmptyValue": true,
        "style": "form",
        "schema": {
          "type": "boolean"
        }
      },
      "elements": {
        "name": "_elements",
        "in": "query",
        "description": "Requests the server to return a collection of elements from the resource",
        "allowEmptyValue": true,
        "style": "form",
        "explode": false,
        "schema": {
          "type": "array",
          "format": "string",
          "items": {
            "format": "string"
          }
        }
      },
      "count": {
        "name": "_count",
        "in": "query",
        "description": "The maximum number of search results on a page. The server is not bound to return the number requested, but cannot return more",
        "schema": {
          "type": "number"
        }
      }
    }
  }
}