<?xml version="1.0" encoding="UTF-8"?>

<CodeSystem xmlns="http://hl7.org/fhir">
  <id value="PayerProviderRoleCS"/>
  <text>
    <status value="generated"/><div xmlns="http://www.w3.org/1999/xhtml"><p>This code system http://hl7.org/fhir/us/carin-bb/CodeSystem/PayerProviderRoleCS defines the following codes:</p><table class="codes"><tr><td style="white-space:nowrap"><b>Code</b></td><td><b>Display</b></td><td><b>Definition</b></td></tr><tr><td style="white-space:nowrap">attending<a name="PayerProviderRoleCS-attending"> </a></td><td>attending</td><td>Attending Provider</td></tr><tr><td style="white-space:nowrap">performing<a name="PayerProviderRoleCS-performing"> </a></td><td>performing</td><td>Performing Provider</td></tr><tr><td style="white-space:nowrap">pcp<a name="PayerProviderRoleCS-pcp"> </a></td><td>pcp</td><td>Primary Care Provider</td></tr><tr><td style="white-space:nowrap">site<a name="PayerProviderRoleCS-site"> </a></td><td>site</td><td>Site Provider</td></tr><tr><td style="white-space:nowrap">prescribing<a name="PayerProviderRoleCS-prescribing"> </a></td><td>prescribing</td><td>Prescribing Provider</td></tr></table></div>
  </text>
  <url value="http://hl7.org/fhir/us/carin-bb/CodeSystem/PayerProviderRoleCS"/>
  <version value="0.1.0"/>
  <name value="PayerProviderRoleCS"/>
  <title value="Payer Provider Role"/>
  <status value="active"/>
  <date value="2020-06-18T03:47:51+00:00"/>
  <publisher value="HL7 Financial Management Working Group"/>
  <contact>
    <name value="HL7 Financial Management Working Group"/>
    <telecom>
      <system value="url"/>
      <value value="http://www.hl7.org/Special/committees/fm/index.cfm"/>
    </telecom>
    <telecom>
      <system value="email"/>
      <value value="fm@lists.HL7.org"/>
    </telecom>
  </contact>
  <description value="Payer Provider Role"/>
  <content value="complete"/>
  <concept>
    <code value="attending"/>
    <display value="attending"/>
    <definition value="Attending Provider"/>
  </concept>
  <concept>
    <code value="performing"/>
    <display value="performing"/>
    <definition value="Performing Provider"/>
  </concept>
  <concept>
    <code value="pcp"/>
    <display value="pcp"/>
    <definition value="Primary Care Provider"/>
  </concept>
  <concept>
    <code value="site"/>
    <display value="site"/>
    <definition value="Site Provider"/>
  </concept>
  <concept>
    <code value="prescribing"/>
    <display value="prescribing"/>
    <definition value="Prescribing Provider"/>
  </concept>
</CodeSystem>