{
  "resourceType": "CodeSystem",
  "id": "CMSMSDRG",
  "text": {
    "status": "generated",
    "div": "<div xmlns=\"http://www.w3.org/1999/xhtml\"><p>This code system http://www.cms.gov/Medicare/Coding/ms-drg/MS-DRG defines many codes, but they are not represented here</p></div>"
  },
  "url": "http://www.cms.gov/Medicare/Coding/ms-drg/MS-DRG",
  "version": "0.1.4",
  "name": "CMSMSDRG",
  "title": "CMS MS DRG",
  "status": "active",
  "date": "2020-10-06T15:54:02+00:00",
  "publisher": "HL7 Financial Management Working Group",
  "contact": [
    {
      "name": "HL7 Financial Management Working Group",
      "telecom": [
        {
          "system": "url",
          "value": "http://www.hl7.org/Special/committees/fm/index.cfm"
        },
        {
          "system": "email",
          "value": "fm@lists.HL7.org"
        }
      ]
    }
  ],
  "description": "MS-DRGs (Medicare Severity Diagnosis Related Groups).  MS-DRGs are owned by CMS.  Assignment of a DRG is defined by a particular set of patient attributes, which include principal diagnosis, specific secondary diagnoses, procedures, sex and discharge status.  Identifying a DRG code requires a version.",
  "jurisdiction": [
    {
      "coding": [
        {
          "system": "urn:iso:std:iso:3166",
          "code": "US"
        }
      ]
    }
  ],
  "copyright": "The Centers for Medicare & Medicaid Services (CMS) maintain the MS-DRGs used throughout the US health care industry.",
  "content": "not-present"
}