<?xml version="1.0" encoding="UTF-8"?>

<CodeSystem xmlns="http://hl7.org/fhir">
  <id value="NCPDPCompoundCode"/>
  <text>
    <status value="generated"/><div xmlns="http://www.w3.org/1999/xhtml"><p>This code system http://www.ncpdp.org/CompoundCode defines many codes, but they are not represented here</p></div>
  </text>
  <url value="http://www.ncpdp.org/CompoundCode"/>
  <version value="0.1.4"/>
  <name value="NCPDPCompoundCode"/>
  <title value="NCPDP Compound Code"/>
  <status value="active"/>
  <date value="2020-09-30T16:19:43+00:00"/>
  <publisher value="HL7 Financial Management Working Group"/>
  <contact>
    <name value="HL7 Financial Management Working Group"/>
    <telecom>
      <system value="url"/>
      <value value="http://www.hl7.org/Special/committees/fm/index.cfm"/>
    </telecom>
    <telecom>
      <system value="email"/>
      <value value="fm@lists.HL7.org"/>
    </telecom>
  </contact>
  <description value="Indicates whether or not the prescription is a compound NCPDP field # 406-D6."/>
  <jurisdiction>
    <coding>
      <system value="urn:iso:std:iso:3166"/>
      <code value="US"/>
    </coding>
  </jurisdiction>
  <copyright value="NCPDP codes are available by subscription at ncpdp.org. As HL7 is working with the owning authority to finalize the url, this url is subject to change."/>
  <content value="not-present"/>
</CodeSystem>