<?xml version="1.0" encoding="UTF-8"?>

<CodeSystem xmlns="http://hl7.org/fhir">
  <id value="PayerDiagnosisTypeCS"/>
  <text>
    <status value="generated"/><div xmlns="http://www.w3.org/1999/xhtml"><p>This code system http://hl7.org/fhir/us/carin-bb/CodeSystem/PayerDiagnosisTypeCS defines the following codes:</p><table class="codes"><tr><td style="white-space:nowrap"><b>Code</b></td><td><b>Display</b></td><td><b>Definition</b></td></tr><tr><td style="white-space:nowrap">principal<a name="PayerDiagnosisTypeCS-principal"> </a></td><td>principal</td><td>principal</td></tr><tr><td style="white-space:nowrap">secondary<a name="PayerDiagnosisTypeCS-secondary"> </a></td><td>secondary</td><td>secondary</td></tr><tr><td style="white-space:nowrap">external-cause-of-injury<a name="PayerDiagnosisTypeCS-external-cause-of-injury"> </a></td><td>external-cause-of-injury</td><td>external-cause-of-injury</td></tr><tr><td style="white-space:nowrap">patient-reason-for-visit<a name="PayerDiagnosisTypeCS-patient-reason-for-visit"> </a></td><td>patient-reason-for-visit</td><td>patient-reason-for-visit</td></tr><tr><td style="white-space:nowrap">first-listed<a name="PayerDiagnosisTypeCS-first-listed"> </a></td><td>first-listed</td><td>first-listed</td></tr></table></div>
  </text>
  <url value="http://hl7.org/fhir/us/carin-bb/CodeSystem/PayerDiagnosisTypeCS"/>
  <version value="0.1.0"/>
  <name value="PayerDiagnosisTypeCS"/>
  <title value="Payer Diagnosis Type"/>
  <status value="active"/>
  <date value="2020-07-16T02:41:43+00:00"/>
  <publisher value="HL7 Financial Management Working Group"/>
  <contact>
    <name value="HL7 Financial Management Working Group"/>
    <telecom>
      <system value="url"/>
      <value value="http://www.hl7.org/Special/committees/fm/index.cfm"/>
    </telecom>
    <telecom>
      <system value="email"/>
      <value value="fm@lists.HL7.org"/>
    </telecom>
  </contact>
  <description value="Payer Diagnosis Type"/>
  <content value="complete"/>
  <concept>
    <code value="principal"/>
    <display value="principal"/>
    <definition value="principal"/>
  </concept>
  <concept>
    <code value="secondary"/>
    <display value="secondary"/>
    <definition value="secondary"/>
  </concept>
  <concept>
    <code value="external-cause-of-injury"/>
    <display value="external-cause-of-injury"/>
    <definition value="external-cause-of-injury"/>
  </concept>
  <concept>
    <code value="patient-reason-for-visit"/>
    <display value="patient-reason-for-visit"/>
    <definition value="patient-reason-for-visit"/>
  </concept>
  <concept>
    <code value="first-listed"/>
    <display value="first-listed"/>
    <definition value="first-listed"/>
  </concept>
</CodeSystem>