<?xml version="1.0" encoding="UTF-8"?>

<CodeSystem xmlns="http://hl7.org/fhir">
  <id value="CMSRARCCS"/>
  <text>
    <status value="generated"/><div xmlns="http://www.w3.org/1999/xhtml"><p>This code system http://www.wpc-edi.com/remittance-advice-remark defines many codes, but they are not represented here</p></div>
  </text>
  <url value="http://www.wpc-edi.com/remittance-advice-remark"/>
  <version value="0.4.1"/>
  <name value="CMSRARCCS"/>
  <title value="CMS Remittance Advice Remark Codes (RARC)"/>
  <status value="active"/>
  <date value="2020-08-27T18:55:19+00:00"/>
  <publisher value="HL7 Financial Management Working Group"/>
  <contact>
    <name value="HL7 Financial Management Working Group"/>
    <telecom>
      <system value="url"/>
      <value value="http://www.hl7.org/Special/committees/fm/index.cfm"/>
    </telecom>
    <telecom>
      <system value="email"/>
      <value value="fm@lists.HL7.org"/>
    </telecom>
  </contact>
  <description value="Denial Reasons - Reason codes used to interpret the adjudication denial reason"/>
  <jurisdiction>
    <coding>
      <system value="urn:iso:std:iso:3166"/>
      <code value="US"/>
    </coding>
  </jurisdiction>
  <copyright value="RARC codes are available at http://www.wpc-edi.com/reference/codelists/healthcare/remittance-advice-remark-codes.  RARC codes are owned by CMS and are available for use. "/>
  <content value="not-present"/>
</CodeSystem>