{
  "resourceType": "CodeSystem",
  "id": "CMSDRGCS",
  "text": {
    "status": "generated",
    "div": "<div xmlns=\"http://www.w3.org/1999/xhtml\"><p>This code system http://www.cms.gov/ms-drg defines many codes, but they are not represented here</p></div>"
  },
  "url": "http://www.cms.gov/ms-drg",
  "version": "0.4.1",
  "name": "CMSDRGCS",
  "title": "CMS Diagnosis Related Group (DRG)",
  "status": "active",
  "date": "2020-08-26T21:53:04+00:00",
  "publisher": "HL7 Financial Management Working Group",
  "contact": [
    {
      "name": "HL7 Financial Management Working Group",
      "telecom": [
        {
          "system": "url",
          "value": "http://www.hl7.org/Special/committees/fm/index.cfm"
        },
        {
          "system": "email",
          "value": "fm@lists.HL7.org"
        }
      ]
    }
  ],
  "description": "Diagnosis Related Group - any of the payment categories that are used to classify patients and especially Medicare patients for the purpose of reimbursing hospitals for each case in a given \ncategory with a fixed fee regardless of the actual costs incurred (Other DRGs, such as AP-DRGs, requires defining their specific Value Sets and Code Systems.)",
  "jurisdiction": [
    {
      "coding": [
        {
          "system": "urn:iso:std:iso:3166",
          "code": "US"
        }
      ]
    }
  ],
  "copyright": "https://www.cms.gov/Medicare/Medicare-Fee-for-Service-Payment/AcuteInpatientPPS/MS-DRG-Classifications-and-Software.html\n This link takes one to a list of files.   The code set is owned by CMS and is available for use.",
  "content": "not-present"
}