<?xml version="1.0" encoding="UTF-8"?>

<CodeSystem xmlns="http://hl7.org/fhir">
  <id value="C4BBRelatedClaimRelationshipCodes"/>
  <text>
    <status value="generated"/><div xmlns="http://www.w3.org/1999/xhtml"><p>This code system http://hl7.org/fhir/us/carin-bb/CodeSystem/C4BBRelatedClaimRelationshipCodes defines the following codes:</p><table class="codes"><tr><td style="white-space:nowrap"><b>Code</b></td><td><b>Display</b></td><td><b>Definition</b></td></tr><tr><td style="white-space:nowrap">replacedby<a name="C4BBRelatedClaimRelationshipCodes-replacedby"> </a></td><td>Replaced by claim number</td><td>The current claim has been adjusted; i.e., replaced by or merged to another claim number.</td></tr></table></div>
  </text>
  <url value="http://hl7.org/fhir/us/carin-bb/CodeSystem/C4BBRelatedClaimRelationshipCodes"/>
  <version value="0.1.4"/>
  <name value="C4BBRelatedClaimRelationshipCodes"/>
  <title value="C4BB Related Claim Relationship Codes"/>
  <status value="active"/>
  <date value="2020-09-17T13:47:51+00:00"/>
  <publisher value="HL7 Financial Management Working Group"/>
  <contact>
    <name value="HL7 Financial Management Working Group"/>
    <telecom>
      <system value="url"/>
      <value value="http://www.hl7.org/Special/committees/fm/index.cfm"/>
    </telecom>
    <telecom>
      <system value="email"/>
      <value value="fm@lists.HL7.org"/>
    </telecom>
  </contact>
  <description value="Identifies if the current claim represents a claim that has been adjusted and was given a prior claim number or if the current claim has been adjusted; i.e., replaced by or merged to another claim number."/>
  <jurisdiction>
    <coding>
      <system value="urn:iso:std:iso:3166"/>
      <code value="US"/>
    </coding>
  </jurisdiction>
  <copyright value="This CodeSystem is not copyrighted."/>
  <content value="complete"/>
  <count value="1"/>
  <concept>
    <code value="replacedby"/>
    <display value="Replaced by claim number"/>
    <definition value="The current claim has been adjusted; i.e., replaced by or merged to another claim number."/>
  </concept>
</CodeSystem>