{
  "resourceType": "CodeSystem",
  "id": "NCPDPPrescriptionOriginCode",
  "text": {
    "status": "generated",
    "div": "<div xmlns=\"http://www.w3.org/1999/xhtml\"><p>This code system http://www.ncpdp.org/PrescriptionOriginCode defines many codes, but they are not represented here</p></div>"
  },
  "url": "http://www.ncpdp.org/PrescriptionOriginCode",
  "version": "0.1.3",
  "name": "NCPDPPrescriptionOriginCode",
  "title": "NCPDP Prescription Origin Code",
  "status": "active",
  "date": "2020-09-04T21:30:14+00:00",
  "publisher": "HL7 Financial Management Working Group",
  "contact": [
    {
      "name": "HL7 Financial Management Working Group",
      "telecom": [
        {
          "system": "url",
          "value": "http://www.hl7.org/Special/committees/fm/index.cfm"
        },
        {
          "system": "email",
          "value": "fm@lists.HL7.org"
        }
      ]
    }
  ],
  "description": "Indicates whether the prescription was transmitted as an electronic prescription, by phone, by fax, or as a written paper copy. NCPDP field # 419-DJ.",
  "jurisdiction": [
    {
      "coding": [
        {
          "system": "urn:iso:std:iso:3166",
          "code": "US"
        }
      ]
    }
  ],
  "copyright": "NCPDP codes are available by subscription at ncpdp.org. As HL7 is working with the owning authority to finalize the url, this url is subject to change.",
  "content": "not-present"
}