{
  "resourceType": "CodeSystem",
  "id": "NCPDPDispensedAsWrittenCS",
  "text": {
    "status": "generated",
    "div": "<div xmlns=\"http://www.w3.org/1999/xhtml\"><p>This code system http://www.ncpdp.org/dispensed-as-written-or-product-selection-code defines many codes, but they are not represented here</p></div>"
  },
  "url": "http://www.ncpdp.org/dispensed-as-written-or-product-selection-code",
  "version": "0.4.1",
  "name": "NCPDPDispensedAsWrittenCS",
  "title": "NCPDP Dispensed As Written (DAW)",
  "status": "active",
  "date": "2020-08-27T17:45:13+00:00",
  "publisher": "HL7 Financial Management Working Group",
  "contact": [
    {
      "name": "HL7 Financial Management Working Group",
      "telecom": [
        {
          "system": "url",
          "value": "http://www.hl7.org/Special/committees/fm/index.cfm"
        },
        {
          "system": "email",
          "value": "fm@lists.HL7.org"
        }
      ]
    }
  ],
  "description": "National Council for Prescription Drug Programs, (NCPDP) field # 408-D8 (Dispensed As Written (DAW) / Product Selection Code) ",
  "jurisdiction": [
    {
      "coding": [
        {
          "system": "urn:iso:std:iso:3166",
          "code": "US"
        }
      ]
    }
  ],
  "copyright": "These codes  are copyrighted by National Council for Prescription Drugs Programs, Inc. (NCPDP), and are available by subscription.",
  "content": "not-present"
}