<?xml version="1.0" encoding="UTF-8"?>

<CodeSystem xmlns="http://hl7.org/fhir">
  <id value="AHANUBCPointOfOriginForAdmissionOrVisitCS"/>
  <text>
    <status value="generated"/><div xmlns="http://www.w3.org/1999/xhtml"><p>This code system http://www.nubc.org/point-of-origin-for-admission-or-visit defines many codes, but they are not represented here</p></div>
  </text>
  <url value="http://www.nubc.org/point-of-origin-for-admission-or-visit"/>
  <version value="0.4.1"/>
  <name value="AHANUBCPointOfOriginForAdmissionOrVisitCS"/>
  <title value="AHA NUBC Point Of Origin For Admission Or Visit"/>
  <status value="active"/>
  <date value="2020-08-26T15:41:48+00:00"/>
  <publisher value="HL7 Financial Management Working Group"/>
  <contact>
    <name value="HL7 Financial Management Working Group"/>
    <telecom>
      <system value="url"/>
      <value value="http://www.hl7.org/Special/committees/fm/index.cfm"/>
    </telecom>
    <telecom>
      <system value="email"/>
      <value value="fm@lists.HL7.org"/>
    </telecom>
  </contact>
  <description value="UB-04 Point of Origin for Admission or Visit (FL-15)"/>
  <jurisdiction>
    <coding>
      <system value="urn:iso:std:iso:3166"/>
      <code value="US"/>
    </coding>
  </jurisdiction>
  <copyright value="AHANUBCCopyright"/>
  <content value="not-present"/>
</CodeSystem>