<?xml version="1.0" encoding="UTF-8"?>

<CodeSystem xmlns="http://hl7.org/fhir">
  <id value="CMSHCPCSCodes"/>
  <text>
    <status value="generated"/><div xmlns="http://www.w3.org/1999/xhtml"><p>This code system http://www.cms.gov/Medicare/Coding/HCPCSReleaseCodeSets defines many codes, but they are not represented here</p></div>
  </text>
  <url value="http://www.cms.gov/Medicare/Coding/HCPCSReleaseCodeSets"/>
  <version value="0.1.10"/>
  <name value="CMSHCPCSCodes"/>
  <title value="Healthcare Common Procedure Coding System (HCPCS) level II alphanumeric codes"/>
  <status value="active"/>
  <date value="2020-11-12T01:33:42+00:00"/>
  <publisher value="HL7 Financial Management Working Group"/>
  <contact>
    <name value="HL7 Financial Management Working Group"/>
    <telecom>
      <system value="url"/>
      <value value="http://www.hl7.org/Special/committees/fm/index.cfm"/>
    </telecom>
    <telecom>
      <system value="email"/>
      <value value="fm@lists.HL7.org"/>
    </telecom>
  </contact>
  <description value="The Level II HCPCS codes, which are established by CMS&#39;s Alpha-Numeric Editorial Panel, primarily represent items and supplies and non-physician services not covered by the American Medical Association&#39;s Current Procedural Terminology-4 (CPT-4) codes; Medicare, Medicaid, and private health insurers use HCPCS procedure and modifier codes for claims processing.  Level II alphanumeric procedure and modifier codes comprise the A to V range.&#xA;&#xA;General information can be found here: [https://www.cms.gov/Medicare/Coding/MedHCPCSGenInfo](https://www.cms.gov/Medicare/Coding/MedHCPCSGenInfo)&#xA;&#xA;Releases can be found here: [https://www.cms.gov/Medicare/Coding/HCPCSReleaseCodeSets](https://www.cms.gov/Medicare/Coding/HCPCSReleaseCodeSets)&#xA;&#xA;These files contain the Level II alphanumeric HCPCS procedure and modifier codes, their long and short descriptions, and applicable Medicare administrative, coverage and pricing data."/>
  <jurisdiction>
    <coding>
      <system value="urn:iso:std:iso:3166"/>
      <code value="US"/>
    </coding>
  </jurisdiction>
  <copyright value="See information on the use of HCPCS Level I (proprietary and owned by American Medical Association) and Level II codes [here](https://www.cms.gov/Medicare/Coding/MedHCPCSGenInfo/HCPCS_Coding_Questions)"/>
  <content value="not-present"/>
</CodeSystem>