{
  "resourceType": "CodeSystem",
  "id": "THREEMAPDRG",
  "text": {
    "status": "generated",
    "div": "<div xmlns=\"http://www.w3.org/1999/xhtml\"><p>This code system http://www.3M.com/AP-DRG defines many codes, but they are not represented here</p></div>"
  },
  "url": "http://www.3M.com/AP-DRG",
  "version": "0.1.4",
  "name": "THREEMAPDRG",
  "title": "3M AP DRG",
  "status": "active",
  "date": "2020-10-06T16:36:53+00:00",
  "publisher": "HL7 Financial Management Working Group",
  "contact": [
    {
      "name": "HL7 Financial Management Working Group",
      "telecom": [
        {
          "system": "url",
          "value": "http://www.hl7.org/Special/committees/fm/index.cfm"
        },
        {
          "system": "email",
          "value": "fm@lists.HL7.org"
        }
      ]
    }
  ],
  "description": "AP-DRGs (All Patient Diagnosis Related Groups).  AP-DRGs are owned by 3M.  Assignment of a DRG is defined by a particular set of patient attributes, which include principal diagnosis, specific secondary diagnoses, procedures, sex and discharge status.  Identifying a DRG code requires a version.  ",
  "jurisdiction": [
    {
      "coding": [
        {
          "system": "urn:iso:std:iso:3166",
          "code": "US"
        }
      ]
    }
  ],
  "copyright": "Use of AP-DRGs require a license.  Reference https://www.3m.com/3M/en_US/health-information-systems-us/drive-value-based-care/patient-classification-methodologies/apr-drgs/.   As HL7 is working with the owning authorities to finalize the urls, the urls are subject to change.",
  "content": "not-present"
}