{
  "resourceType": "CodeSystem",
  "id": "PayerDiagnosisTypeCS",
  "text": {
    "status": "generated",
    "div": "<div xmlns=\"http://www.w3.org/1999/xhtml\"><p>This code system http://hl7.org/fhir/us/carin-bb/CodeSystem/PayerDiagnosisTypeCS defines the following codes:</p><table class=\"codes\"><tr><td style=\"white-space:nowrap\"><b>Code</b></td><td><b>Display</b></td><td><b>Definition</b></td></tr><tr><td style=\"white-space:nowrap\">principal<a name=\"PayerDiagnosisTypeCS-principal\"> </a></td><td>principal</td><td>principal</td></tr><tr><td style=\"white-space:nowrap\">secondary<a name=\"PayerDiagnosisTypeCS-secondary\"> </a></td><td>secondary</td><td>secondary</td></tr><tr><td style=\"white-space:nowrap\">external-cause-of-injury<a name=\"PayerDiagnosisTypeCS-external-cause-of-injury\"> </a></td><td>external-cause-of-injury</td><td>external-cause-of-injury</td></tr><tr><td style=\"white-space:nowrap\">patient-reason-for-visit<a name=\"PayerDiagnosisTypeCS-patient-reason-for-visit\"> </a></td><td>patient-reason-for-visit</td><td>patient-reason-for-visit</td></tr><tr><td style=\"white-space:nowrap\">first-listed<a name=\"PayerDiagnosisTypeCS-first-listed\"> </a></td><td>first-listed</td><td>first-listed</td></tr></table></div>"
  },
  "url": "http://hl7.org/fhir/us/carin-bb/CodeSystem/PayerDiagnosisTypeCS",
  "version": "0.1.0",
  "name": "PayerDiagnosisTypeCS",
  "title": "Payer Diagnosis Type",
  "status": "active",
  "date": "2020-07-13T21:47:27+00:00",
  "publisher": "HL7 Financial Management Working Group",
  "contact": [
    {
      "name": "HL7 Financial Management Working Group",
      "telecom": [
        {
          "system": "url",
          "value": "http://www.hl7.org/Special/committees/fm/index.cfm"
        },
        {
          "system": "email",
          "value": "fm@lists.HL7.org"
        }
      ]
    }
  ],
  "description": "Payer Diagnosis Type",
  "content": "complete",
  "concept": [
    {
      "code": "principal",
      "display": "principal",
      "definition": "principal"
    },
    {
      "code": "secondary",
      "display": "secondary",
      "definition": "secondary"
    },
    {
      "code": "external-cause-of-injury",
      "display": "external-cause-of-injury",
      "definition": "external-cause-of-injury"
    },
    {
      "code": "patient-reason-for-visit",
      "display": "patient-reason-for-visit",
      "definition": "patient-reason-for-visit"
    },
    {
      "code": "first-listed",
      "display": "first-listed",
      "definition": "first-listed"
    }
  ]
}