{
  "resourceType": "CodeSystem",
  "id": "CMSPlaceOfServiceCS",
  "text": {
    "status": "generated",
    "div": "<div xmlns=\"http://www.w3.org/1999/xhtml\"><p>This code system http://hl7.org/fhir/us/carin-bb/CodeSystem/CMSPlaceOfServiceCS defines the following codes:</p><table class=\"codes\"><tr><td style=\"white-space:nowrap\"><b>Code</b></td><td><b>Definition</b></td></tr></table></div>"
  },
  "url": "http://hl7.org/fhir/us/carin-bb/CodeSystem/CMSPlaceOfServiceCS",
  "version": "0.1.0",
  "name": "CMSPlaceOfServiceCS",
  "title": "CMS Place of Service",
  "status": "active",
  "date": "2020-07-16T02:41:43+00:00",
  "publisher": "HL7 Financial Management Working Group",
  "contact": [
    {
      "name": "HL7 Financial Management Working Group",
      "telecom": [
        {
          "system": "url",
          "value": "http://www.hl7.org/Special/committees/fm/index.cfm"
        },
        {
          "system": "email",
          "value": "fm@lists.HL7.org"
        }
      ]
    }
  ],
  "description": "https://www.cms.gov/Medicare/Coding/place-of-service-codes/Place_of_Service_Code_Set.html .   \nThe link takes one to the Place of Service list as an html document; it is not a file to which an IG can be bound.  \nThe code set is owned by CMS and is available for use.",
  "content": "complete"
}