{
  "resourceType": "CodeSystem",
  "id": "CareTeamRoleCS",
  "text": {
    "status": "generated",
    "div": "<div xmlns=\"http://www.w3.org/1999/xhtml\"><p>This code system http://hl7.org/fhir/us/carin-bb/CodeSystem/CareTeamRoleCS defines the following codes:</p><table class=\"codes\"><tr><td style=\"white-space:nowrap\"><b>Code</b></td><td><b>Display</b></td><td><b>Definition</b></td></tr><tr><td style=\"white-space:nowrap\">attending<a name=\"CareTeamRoleCS-attending\"> </a></td><td>attending</td><td>Attending Provider</td></tr><tr><td style=\"white-space:nowrap\">performing<a name=\"CareTeamRoleCS-performing\"> </a></td><td>performing</td><td>Performing Provider</td></tr><tr><td style=\"white-space:nowrap\">referring<a name=\"CareTeamRoleCS-referring\"> </a></td><td>referring</td><td>Referring Provider</td></tr><tr><td style=\"white-space:nowrap\">pcp<a name=\"CareTeamRoleCS-pcp\"> </a></td><td>pcp</td><td>Primary Care Provider</td></tr><tr><td style=\"white-space:nowrap\">site<a name=\"CareTeamRoleCS-site\"> </a></td><td>site</td><td>Site Provider</td></tr><tr><td style=\"white-space:nowrap\">prescribing<a name=\"CareTeamRoleCS-prescribing\"> </a></td><td>prescribing</td><td>Prescribing Provider</td></tr><tr><td style=\"white-space:nowrap\">supervising<a name=\"CareTeamRoleCS-supervising\"> </a></td><td>supervising</td><td>Supervising</td></tr></table></div>"
  },
  "url": "http://hl7.org/fhir/us/carin-bb/CodeSystem/CareTeamRoleCS",
  "version": "0.4.1",
  "name": "CareTeamRoleCS",
  "title": "Payer Provider Role",
  "status": "active",
  "date": "2020-08-25T20:58:20+00:00",
  "publisher": "HL7 Financial Management Working Group",
  "contact": [
    {
      "name": "HL7 Financial Management Working Group",
      "telecom": [
        {
          "system": "url",
          "value": "http://www.hl7.org/Special/committees/fm/index.cfm"
        },
        {
          "system": "email",
          "value": "fm@lists.HL7.org"
        }
      ]
    }
  ],
  "description": "Payer Provider Role",
  "jurisdiction": [
    {
      "coding": [
        {
          "system": "urn:iso:std:iso:3166",
          "code": "US"
        }
      ]
    }
  ],
  "content": "complete",
  "count": 7,
  "concept": [
    {
      "code": "attending",
      "display": "attending",
      "definition": "Attending Provider"
    },
    {
      "code": "performing",
      "display": "performing",
      "definition": "Performing Provider"
    },
    {
      "code": "referring",
      "display": "referring",
      "definition": "Referring Provider"
    },
    {
      "code": "pcp",
      "display": "pcp",
      "definition": "Primary Care Provider"
    },
    {
      "code": "site",
      "display": "site",
      "definition": "Site Provider"
    },
    {
      "code": "prescribing",
      "display": "prescribing",
      "definition": "Prescribing Provider"
    },
    {
      "code": "supervising",
      "display": "supervising",
      "definition": "Supervising"
    }
  ]
}