{
  "resourceType": "CodeSystem",
  "id": "ClaimInformationCategory",
  "text": {
    "status": "generated",
    "div": "<div xmlns=\"http://www.w3.org/1999/xhtml\"><p>This code system http://hl7.org/fhir/us/carin-bb/CodeSystem/ClaimInformationCategory defines the following codes:</p><table class=\"codes\"><tr><td style=\"white-space:nowrap\"><b>Code</b></td><td><b>Display</b></td><td><b>Definition</b></td></tr><tr><td style=\"white-space:nowrap\">admissionperiod<a name=\"ClaimInformationCategory-admissionperiod\"> </a></td><td>Admission Period</td><td>Admission Period</td></tr><tr><td style=\"white-space:nowrap\">admsrc<a name=\"ClaimInformationCategory-admsrc\"> </a></td><td>admsrc</td><td>Point Of Origin For Admission Or Visit.</td></tr><tr><td style=\"white-space:nowrap\">admtype<a name=\"ClaimInformationCategory-admtype\"> </a></td><td>admtype</td><td>Priority of the admission. Information located on (UB04 Form Locator 14). For example, an admission type of elective indicates that the patient's condition permitted time for medical services to be scheduled.</td></tr><tr><td style=\"white-space:nowrap\">billingnetworkcontractingstatus<a name=\"ClaimInformationCategory-billingnetworkcontractingstatus\"> </a></td><td>billingnetworkcontractingstatus</td><td>Indicates the network  status of the billing physician.</td></tr><tr><td style=\"white-space:nowrap\">brandgenericcode<a name=\"ClaimInformationCategory-brandgenericcode\"> </a></td><td>brandgenericcode</td><td>Whether the plan adjudicated the claim as a brand or generic drug.</td></tr><tr><td style=\"white-space:nowrap\">claimrecvddate<a name=\"ClaimInformationCategory-claimrecvddate\"> </a></td><td>claimmrecvddate</td><td>The date the claim was received by the payer.</td></tr><tr><td style=\"white-space:nowrap\">compoundcode<a name=\"ClaimInformationCategory-compoundcode\"> </a></td><td>compoundcode</td><td>NCPDP Compound code</td></tr><tr><td style=\"white-space:nowrap\">dawcode<a name=\"ClaimInformationCategory-dawcode\"> </a></td><td>dawcode</td><td>Prescriber's instruction regarding substitution of generic equivalents or order to dispense the specific prescribed medication.</td></tr><tr><td style=\"white-space:nowrap\">dayssupply<a name=\"ClaimInformationCategory-dayssupply\"> </a></td><td>dayssupply</td><td>Number of days supply of medication dispensed by the pharmacy.</td></tr><tr><td style=\"white-space:nowrap\">discharge-status<a name=\"ClaimInformationCategory-discharge-status\"> </a></td><td>discharge-status</td><td>Patient’s status as of the discharge date for a facility stay.</td></tr><tr><td style=\"white-space:nowrap\">drg<a name=\"ClaimInformationCategory-drg\"> </a></td><td>drg</td><td>Diagnosis Related Group</td></tr><tr><td style=\"white-space:nowrap\">performingnetworkcontractingstatus<a name=\"ClaimInformationCategory-performingnetworkcontractingstatus\"> </a></td><td>performingnetworkcontractingstatus</td><td>Indicates the network  status of the performing physician.</td></tr><tr><td style=\"white-space:nowrap\">placeofservice<a name=\"ClaimInformationCategory-placeofservice\"> </a></td><td>placeofservice</td><td>Code indicating the location, such as inpatient, outpatient facility, office, or home health agency, where this service was performed.</td></tr><tr><td style=\"white-space:nowrap\">refillnum<a name=\"ClaimInformationCategory-refillnum\"> </a></td><td>refillnum</td><td>The number fill of the current dispensed supply (0, 1, 2, etc.).</td></tr><tr><td style=\"white-space:nowrap\">rxorigincode<a name=\"ClaimInformationCategory-rxorigincode\"> </a></td><td>rxorigincode</td><td>Whether the prescription was transmitted as an electronic prescription, by phone, by fax, or as a written paper copy</td></tr><tr><td style=\"white-space:nowrap\">servicefacility<a name=\"ClaimInformationCategory-servicefacility\"> </a></td><td>Service Facility</td><td>Service Facility</td></tr><tr><td style=\"white-space:nowrap\">typeofbill<a name=\"ClaimInformationCategory-typeofbill\"> </a></td><td>Type of Bill</td><td>Type of Bill</td></tr></table></div>"
  },
  "url": "http://hl7.org/fhir/us/carin-bb/CodeSystem/ClaimInformationCategory",
  "version": "0.1.3",
  "name": "ClaimInformationCategory",
  "title": "Claim Information Category",
  "status": "active",
  "date": "2020-09-08T18:13:24+00:00",
  "publisher": "HL7 Financial Management Working Group",
  "contact": [
    {
      "name": "HL7 Financial Management Working Group",
      "telecom": [
        {
          "system": "url",
          "value": "http://www.hl7.org/Special/committees/fm/index.cfm"
        },
        {
          "system": "email",
          "value": "fm@lists.HL7.org"
        }
      ]
    }
  ],
  "description": "Claim Information Category - Used as the discriminator for supportingInfo",
  "jurisdiction": [
    {
      "coding": [
        {
          "system": "urn:iso:std:iso:3166",
          "code": "US"
        }
      ]
    }
  ],
  "copyright": "This CodeSystem is not copyrighted.",
  "content": "complete",
  "count": 17,
  "concept": [
    {
      "code": "admissionperiod",
      "display": "Admission Period",
      "definition": "Admission Period"
    },
    {
      "code": "admsrc",
      "display": "admsrc",
      "definition": "Point Of Origin For Admission Or Visit."
    },
    {
      "code": "admtype",
      "display": "admtype",
      "definition": "Priority of the admission. Information located on (UB04 Form Locator 14). For example, an admission type of elective indicates that the patient's condition permitted time for medical services to be scheduled."
    },
    {
      "code": "billingnetworkcontractingstatus",
      "display": "billingnetworkcontractingstatus",
      "definition": "Indicates the network  status of the billing physician."
    },
    {
      "code": "brandgenericcode",
      "display": "brandgenericcode",
      "definition": "Whether the plan adjudicated the claim as a brand or generic drug."
    },
    {
      "code": "claimrecvddate",
      "display": "claimmrecvddate",
      "definition": "The date the claim was received by the payer."
    },
    {
      "code": "compoundcode",
      "display": "compoundcode",
      "definition": "NCPDP Compound code"
    },
    {
      "code": "dawcode",
      "display": "dawcode",
      "definition": "Prescriber's instruction regarding substitution of generic equivalents or order to dispense the specific prescribed medication."
    },
    {
      "code": "dayssupply",
      "display": "dayssupply",
      "definition": "Number of days supply of medication dispensed by the pharmacy."
    },
    {
      "code": "discharge-status",
      "display": "discharge-status",
      "definition": "Patient’s status as of the discharge date for a facility stay."
    },
    {
      "code": "drg",
      "display": "drg",
      "definition": "Diagnosis Related Group"
    },
    {
      "code": "performingnetworkcontractingstatus",
      "display": "performingnetworkcontractingstatus",
      "definition": "Indicates the network  status of the performing physician."
    },
    {
      "code": "placeofservice",
      "display": "placeofservice",
      "definition": "Code indicating the location, such as inpatient, outpatient facility, office, or home health agency, where this service was performed."
    },
    {
      "code": "refillnum",
      "display": "refillnum",
      "definition": "The number fill of the current dispensed supply (0, 1, 2, etc.)."
    },
    {
      "code": "rxorigincode",
      "display": "rxorigincode",
      "definition": "Whether the prescription was transmitted as an electronic prescription, by phone, by fax, or as a written paper copy"
    },
    {
      "code": "servicefacility",
      "display": "Service Facility",
      "definition": "Service Facility"
    },
    {
      "code": "typeofbill",
      "display": "Type of Bill",
      "definition": "Type of Bill"
    }
  ]
}