{
  "resourceType": "Coverage",
  "id": "b19e0ac3-4cd1-46a6-aef7-d74f04f6b00d",
  "meta": {
    "versionId": "1",
    "lastUpdated": "2020-09-25T16:40:03.919+00:00"
  },
  "text": {
    "status": "generated",
    "div": "<div xmlns=\"http://www.w3.org/1999/xhtml\"><p><b>Generated Narrative</b></p><h3>Ids</h3><table class=\"grid\"><tr><td>-</td></tr><tr><td>*</td></tr></table><h3>Meta</h3><table class=\"grid\"><tr><td>-</td></tr><tr><td>*</td></tr></table><p><b>identifier</b>: coverageID: a646eee8-ecf7-45dd-b64d-e5e708876fc4 (OFFICIAL)</p><p><b>status</b>: active</p><p><b>type</b>: <span title=\"Codes: \">EPO</span></p><p><b>subscriber</b>: <a href=\"Patient/a4df23fe-217a-4c07-8649-4ddde01ba8ac\">Patient/a4df23fe-217a-4c07-8649-4ddde01ba8ac</a></p><p><b>subscriberId</b>: 92ad2a01-74ae-4ec3-8598-924df53e894c</p><p><b>beneficiary</b>: <a href=\"Patient/a4df23fe-217a-4c07-8649-4ddde01ba8ac\">Patient/a4df23fe-217a-4c07-8649-4ddde01ba8ac</a></p><p><b>relationship</b>: <span title=\"Codes: {http://terminology.hl7.org/CodeSystem/subscriber-relationship self}\">Self</span></p><p><b>period</b>: 2020-01-01 --&gt; 2020-12-31</p><p><b>payor</b>: <a href=\"Organization/7673087e-6c03-4d13-bf58-39e5ecd7aae8\">RUBY HEALTH</a></p><blockquote><p><b>class</b></p><p><b>type</b>: <span title=\"Codes: {http://terminology.hl7.org/CodeSystem/coverage-class group}\">group</span></p><p><b>value</b>: 11d8e7f2-34a1-4d45-860e-6915319d1668</p><p><b>name</b>: Draugr Expeditions</p></blockquote><blockquote><p><b>class</b></p><p><b>type</b>: <span title=\"Codes: {http://terminology.hl7.org/CodeSystem/coverage-class plan}\">plan</span></p><p><b>value</b>: 00000003</p><p><b>name</b>: Gold</p></blockquote></div>"
  },
  "identifier": [
    {
      "use": "official",
      "type": {
        "coding": [
          {
            "system": "http://terminology.hl7.org/CodeSystem/coverage-class",
            "code": "plan",
            "display": "Plan"
          }
        ],
        "text": "coverageID"
      },
      "value": "a646eee8-ecf7-45dd-b64d-e5e708876fc4"
    }
  ],
  "status": "active",
  "type": {
    "text": "EPO"
  },
  "subscriber": {
    "reference": "Patient/a4df23fe-217a-4c07-8649-4ddde01ba8ac"
  },
  "subscriberId": "92ad2a01-74ae-4ec3-8598-924df53e894c",
  "beneficiary": {
    "reference": "Patient/a4df23fe-217a-4c07-8649-4ddde01ba8ac"
  },
  "relationship": {
    "coding": [
      {
        "system": "http://terminology.hl7.org/CodeSystem/subscriber-relationship",
        "code": "self",
        "display": "Self"
      }
    ]
  },
  "period": {
    "start": "2020-01-01",
    "end": "2020-12-31"
  },
  "payor": [
    {
      "reference": "Organization/7673087e-6c03-4d13-bf58-39e5ecd7aae8",
      "identifier": {
        "system": "http://hl7.org/fhir/sid/us-npi",
        "value": "112864302278"
      },
      "display": "RUBY HEALTH"
    }
  ],
  "class": [
    {
      "type": {
        "coding": [
          {
            "system": "http://terminology.hl7.org/CodeSystem/coverage-class",
            "code": "group",
            "display": "Group"
          }
        ],
        "text": "group"
      },
      "value": "11d8e7f2-34a1-4d45-860e-6915319d1668",
      "name": "Draugr Expeditions"
    },
    {
      "type": {
        "coding": [
          {
            "system": "http://terminology.hl7.org/CodeSystem/coverage-class",
            "code": "plan",
            "display": "Plan"
          }
        ],
        "text": "plan"
      },
      "value": "00000003",
      "name": "Gold"
    }
  ]
}