{
  "resourceType": "Coverage",
  "id": "Coverage1",
  "meta": {
    "lastUpdated": "2020-07-07T13:26:22.0314215+00:00",
    "profile": [
      "http://hl7.org/fhir/us/carin-bb/StructureDefinition/C4BB-Coverage"
    ]
  },
  "language": "en-US",
  "text": {
    "status": "generated",
    "div": "<div xmlns=\"http://www.w3.org/1999/xhtml\" xml:lang=\"en-US\" lang=\"en-US\"><p><b>Generated Narrative</b></p><p><b>id</b>: Coverage1</p><p><b>meta</b>: </p><p><b>language</b>: en-US</p><p><b>identifier</b>: Member ID: 1234-234-1243-12345678901</p><p><b>status</b>: active</p><p><b>type</b>: <span title=\"Codes: {http://terminology.hl7.org/CodeSystem/v3-ActCode HIP}\">health insurance plan policy</span></p><p><b>policyHolder</b>: <a href=\"Patient-Patient1.html\">Generated Summary: id: Patient1; language: en-US; Member ID: 1234-234-1243-12345678901, Medical record number: 1234-234-1243-12345678901m, Unique Member ID: 1234-234-1243-12345678901u, Patient Account Number: 1234-234-1243-12345678901a; active; Johnny Example1 ; ph: (301)666-1212; gender: male; birthDate: 1986-01-01; <span title=\"Codes: {http://terminology.hl7.org/CodeSystem/v3-NullFlavor UNK}\">unknown</span></a></p><p><b>subscriber</b>: <a href=\"Patient-Patient1.html\">Generated Summary: id: Patient1; language: en-US; Member ID: 1234-234-1243-12345678901, Medical record number: 1234-234-1243-12345678901m, Unique Member ID: 1234-234-1243-12345678901u, Patient Account Number: 1234-234-1243-12345678901a; active; Johnny Example1 ; ph: (301)666-1212; gender: male; birthDate: 1986-01-01; <span title=\"Codes: {http://terminology.hl7.org/CodeSystem/v3-NullFlavor UNK}\">unknown</span></a></p><p><b>subscriberId</b>: 12345678901</p><p><b>beneficiary</b>: <a href=\"Patient-Patient1.html\">Generated Summary: id: Patient1; language: en-US; Member ID: 1234-234-1243-12345678901, Medical record number: 1234-234-1243-12345678901m, Unique Member ID: 1234-234-1243-12345678901u, Patient Account Number: 1234-234-1243-12345678901a; active; Johnny Example1 ; ph: (301)666-1212; gender: male; birthDate: 1986-01-01; <span title=\"Codes: {http://terminology.hl7.org/CodeSystem/v3-NullFlavor UNK}\">unknown</span></a></p><p><b>dependent</b>: 01</p><p><b>relationship</b>: <span title=\"Codes: {http://terminology.hl7.org/CodeSystem/subscriber-relationship self}\">Self</span></p><p><b>period</b>: Jan 1, 2019, 12:00:00 AM --&gt; Oct 31, 2019, 12:00:00 AM</p><p><b>payor</b>: <a href=\"Organization-OrganizationPayer1.html\">Generated Summary: id: OrganizationPayer1; language: en-US; National Provider Identifier: 345678, Payer ID: 901234; active; name: Payer 1</a></p><blockquote><p><b>class</b></p><p><b>type</b>: <span title=\"Codes: {http://terminology.hl7.org/CodeSystem/coverage-class group}\">An employee group</span></p><p><b>value</b>: 021890</p><p><b>name</b>: Acme Corporation</p></blockquote><blockquote><p><b>class</b></p><p><b>type</b>: <span title=\"Codes: {http://terminology.hl7.org/CodeSystem/coverage-class plan}\">Plan</span></p><p><b>value</b>: XYZ123</p><p><b>name</b>: XYZ123-UPMC CONSUMER ADVA</p></blockquote><blockquote><p><b>class</b></p><p><b>type</b>: <span title=\"Codes: {http://terminology.hl7.org/CodeSystem/coverage-class subgroup}\">A subgroup of an employee group</span></p><p><b>value</b>: 300</p><p><b>name</b>: ACME HSA PPO 1500</p></blockquote><p><b>network</b>: XYZ123-UPMC CONSUMER ADVA</p></div>"
  },
  "identifier": [
    {
      "type": {
        "coding": [
          {
            "system": "http://hl7.org/fhir/us/carin-bb/CodeSystem/IdentifierTypeCS",
            "code": "mb"
          }
        ]
      },
      "system": "https://www.xxxhealthplan.com/fhir/memberidentifier",
      "value": "1234-234-1243-12345678901"
    }
  ],
  "status": "active",
  "type": {
    "coding": [
      {
        "system": "http://terminology.hl7.org/CodeSystem/v3-ActCode",
        "code": "HIP"
      }
    ],
    "text": "health insurance plan policy"
  },
  "policyHolder": {
    "reference": "Patient/Patient1"
  },
  "subscriber": {
    "reference": "Patient/Patient1"
  },
  "subscriberId": "12345678901",
  "beneficiary": {
    "reference": "Patient/Patient1"
  },
  "dependent": "01",
  "relationship": {
    "coding": [
      {
        "system": "http://terminology.hl7.org/CodeSystem/subscriber-relationship",
        "code": "self"
      }
    ]
  },
  "period": {
    "start": "2019-01-01T00:00:00+00:00",
    "end": "2019-10-31T00:00:00+00:00"
  },
  "payor": [
    {
      "reference": "Organization/OrganizationPayer1"
    }
  ],
  "class": [
    {
      "type": {
        "coding": [
          {
            "system": "http://terminology.hl7.org/CodeSystem/coverage-class",
            "code": "group"
          }
        ],
        "text": "An employee group"
      },
      "value": "021890",
      "name": "Acme Corporation"
    },
    {
      "type": {
        "coding": [
          {
            "system": "http://terminology.hl7.org/CodeSystem/coverage-class",
            "code": "plan"
          }
        ],
        "text": "Plan"
      },
      "value": "XYZ123",
      "name": "XYZ123-UPMC CONSUMER ADVA"
    },
    {
      "type": {
        "coding": [
          {
            "system": "http://terminology.hl7.org/CodeSystem/coverage-class",
            "code": "subgroup"
          }
        ],
        "text": "A subgroup of an employee group"
      },
      "value": "300",
      "name": "ACME HSA PPO 1500"
    }
  ],
  "network": "XYZ123-UPMC CONSUMER ADVA"
}