{
  "resourceType": "ExplanationOfBenefit",
  "id": "EOBPharmacy1",
  "meta": {
    "lastUpdated": "2019-12-12T09:14:11+00:00",
    "profile": [
      "http://hl7.org/fhir/us/carin-bb/StructureDefinition/C4BB-ExplanationOfBenefit-Pharmacy"
    ]
  },
  "language": "en-US",
  "text": {
    "status": "generated",
    "div": "<div xmlns=\"http://www.w3.org/1999/xhtml\" xml:lang=\"en-US\" lang=\"en-US\"><p><b>Generated Narrative</b></p><h3>Ids</h3><table class=\"grid\"><tr><td>-</td></tr><tr><td>*</td></tr></table><h3>Meta</h3><table class=\"grid\"><tr><td>-</td></tr><tr><td>*</td></tr></table><p><b>language</b>: en-US</p><p><b>identifier</b>: cn: AW123412341234123412341234123412</p><p><b>status</b>: active</p><p><b>type</b>: <span title=\"Codes: {http://terminology.hl7.org/CodeSystem/claim-type pharmacy}\">Pharmacy</span></p><p><b>use</b>: claim</p><p><b>patient</b>: <a href=\"Patient-Patient1.html\">Generated Summary: language: en-US; mb: 1234-234-1243-12345678901, Medical record number: 1234-234-1243-12345678901m, Unique Member ID: 1234-234-1243-12345678901u, Patient Account Number: 1234-234-1243-12345678901a; active; Johnny Example1 ; Phone: (301)666-1212; gender: male; birthDate: 1986-01-01; <span title=\"Codes: {http://terminology.hl7.org/CodeSystem/v3-NullFlavor UNK}\">unknown</span></a></p><p><b>billablePeriod</b>: Jan 1, 2019, 12:00:00 AM --&gt; Oct 31, 2019, 12:00:00 AM</p><p><b>created</b>: Jul 2, 2019, 12:00:00 AM</p><p><b>insurer</b>: <a href=\"Organization-Payer1.html\">XXX Health Plan. Generated Summary: language: en-US; National Provider Identifier: 345678, Payer ID: 901234; active; name: Payer 1</a></p><p><b>provider</b>: <a href=\"Organization-OrganizationProvider1.html\">XXX Health Plan. Generated Summary: language: en-US; National Provider Identifier: 345678, Tax ID number: 123-45-6789; active; name: Provider 1</a></p><p><b>outcome</b>: partial</p><h3>Insurances</h3><table class=\"grid\"><tr><td>-</td><td><b>Focal</b></td><td><b>Coverage</b></td></tr><tr><td>*</td><td>true</td><td><a href=\"Coverage-Coverage1.html\">Generated Summary: language: en-US; Member Number: 1234-234-1243-12345678901; status: active; <span title=\"Codes: {http://terminology.hl7.org/CodeSystem/v3-ActCode HIP}\">health insurance plan policy</span>; subscriberId: 12345678901; dependent: 01; <span title=\"Codes: {http://terminology.hl7.org/CodeSystem/subscriber-relationship self}\">Self</span>; period: Jan 1, 2019, 12:00:00 AM --&gt; Oct 31, 2019, 12:00:00 AM; network: XYZ123-UPMC CONSUMER ADVA</a></td></tr></table><blockquote><p><b>item</b></p><p><b>sequence</b>: 1</p><p><b>productOrService</b>: <span title=\"Codes: {http://hl7.org/fhir/sid/ndc 0777-3105-02}\">100-count bottle of Prozac 20 mg</span></p><blockquote><p><b>adjudication</b></p><p><b>category</b>: <span title=\"Codes: {http://terminology.hl7.org/CodeSystem/adjudication submitted}\">Submitted Amount</span></p><h3>Amounts</h3><table class=\"grid\"><tr><td>-</td></tr><tr><td>*</td></tr></table></blockquote><blockquote><p><b>adjudication</b></p><p><b>category</b>: <span title=\"Codes: {http://terminology.hl7.org/CodeSystem/adjudication benefit}\">Benefit Amount</span></p><h3>Amounts</h3><table class=\"grid\"><tr><td>-</td></tr><tr><td>*</td></tr></table></blockquote><blockquote><p><b>adjudication</b></p><p><b>category</b>: <span title=\"Codes: {http://hl7.org/fhir/us/carin-bb/CodeSystem/C4BBAdjudication discount}\">Discount</span></p><h3>Amounts</h3><table class=\"grid\"><tr><td>-</td></tr><tr><td>*</td></tr></table></blockquote><blockquote><p><b>adjudication</b></p><p><b>category</b>: <span title=\"Codes: {http://hl7.org/fhir/us/carin-bb/CodeSystem/C4BBAdjudication memberliability}\">Member liability</span></p><h3>Amounts</h3><table class=\"grid\"><tr><td>-</td></tr><tr><td>*</td></tr></table></blockquote><blockquote><p><b>adjudication</b></p><p><b>category</b>: <span title=\"Codes: {http://hl7.org/fhir/us/carin-bb/CodeSystem/C4BBAdjudication paidtoprovider}\">Paid to provider</span></p><h3>Amounts</h3><table class=\"grid\"><tr><td>-</td></tr><tr><td>*</td></tr></table></blockquote></blockquote><blockquote><p><b>total</b></p><p><b>category</b>: <span title=\"Codes: {http://hl7.org/fhir/us/carin-bb/CodeSystem/C4BBAdjudication paidtoprovider}\">Payment Amount</span></p><h3>Amounts</h3><table class=\"grid\"><tr><td>-</td></tr><tr><td>*</td></tr></table></blockquote><blockquote><p><b>total</b></p><p><b>category</b>: <span title=\"Codes: {http://terminology.hl7.org/CodeSystem/adjudication submitted}\">Submitted Amount</span></p><h3>Amounts</h3><table class=\"grid\"><tr><td>-</td></tr><tr><td>*</td></tr></table></blockquote><blockquote><p><b>total</b></p><p><b>category</b>: <span title=\"Codes: {http://hl7.org/fhir/us/carin-bb/CodeSystem/C4BBAdjudication paidbypatient}\">Patient Pay Amount</span></p><h3>Amounts</h3><table class=\"grid\"><tr><td>-</td></tr><tr><td>*</td></tr></table></blockquote><blockquote><p><b>total</b></p><p><b>category</b>: <span title=\"Codes: {http://hl7.org/fhir/us/carin-bb/CodeSystem/C4BBPayerAdjudicationStatus innetwork}\">In Network</span></p><h3>Amounts</h3><table class=\"grid\"><tr><td>-</td></tr><tr><td>*</td></tr></table></blockquote></div>"
  },
  "identifier": [
    {
      "type": {
        "coding": [
          {
            "system": "http://hl7.org/fhir/us/carin-bb/CodeSystem/C4BBIdentifierType",
            "code": "cn"
          }
        ]
      },
      "system": "https://www.xxxplan.com/fhir/EOBIdentifier",
      "value": "AW123412341234123412341234123412"
    }
  ],
  "status": "active",
  "type": {
    "coding": [
      {
        "system": "http://terminology.hl7.org/CodeSystem/claim-type",
        "code": "pharmacy"
      }
    ],
    "text": "Pharmacy"
  },
  "use": "claim",
  "patient": {
    "reference": "Patient/Patient1"
  },
  "billablePeriod": {
    "start": "2019-01-01T00:00:00+00:00",
    "end": "2019-10-31T00:00:00+00:00"
  },
  "created": "2019-07-02T00:00:00+00:00",
  "insurer": {
    "reference": "Organization/Payer1",
    "display": "XXX Health Plan"
  },
  "provider": {
    "reference": "Organization/OrganizationProvider1",
    "display": "XXX Health Plan"
  },
  "outcome": "partial",
  "insurance": [
    {
      "focal": true,
      "coverage": {
        "reference": "Coverage/Coverage1"
      }
    }
  ],
  "item": [
    {
      "sequence": 1,
      "productOrService": {
        "coding": [
          {
            "system": "http://hl7.org/fhir/sid/ndc",
            "code": "0777-3105-02",
            "display": "100-count bottle of Prozac 20 mg"
          }
        ]
      },
      "adjudication": [
        {
          "category": {
            "coding": [
              {
                "system": "http://terminology.hl7.org/CodeSystem/adjudication",
                "code": "submitted"
              }
            ]
          },
          "amount": {
            "value": 1000,
            "currency": "USD"
          }
        },
        {
          "category": {
            "coding": [
              {
                "system": "http://terminology.hl7.org/CodeSystem/adjudication",
                "code": "benefit"
              }
            ]
          },
          "amount": {
            "value": 20,
            "currency": "USD"
          }
        },
        {
          "category": {
            "coding": [
              {
                "system": "http://hl7.org/fhir/us/carin-bb/CodeSystem/C4BBAdjudication",
                "code": "discount"
              }
            ]
          },
          "amount": {
            "value": 900,
            "currency": "USD"
          }
        },
        {
          "category": {
            "coding": [
              {
                "system": "http://hl7.org/fhir/us/carin-bb/CodeSystem/C4BBAdjudication",
                "code": "memberliability"
              }
            ]
          },
          "amount": {
            "value": 80,
            "currency": "USD"
          }
        },
        {
          "category": {
            "coding": [
              {
                "system": "http://hl7.org/fhir/us/carin-bb/CodeSystem/C4BBAdjudication",
                "code": "paidtoprovider"
              }
            ]
          },
          "amount": {
            "value": 20,
            "currency": "USD"
          }
        }
      ]
    }
  ],
  "total": [
    {
      "category": {
        "coding": [
          {
            "system": "http://hl7.org/fhir/us/carin-bb/CodeSystem/C4BBAdjudication",
            "code": "paidtoprovider"
          }
        ],
        "text": "Payment Amount"
      },
      "amount": {
        "value": 620,
        "currency": "USD"
      }
    },
    {
      "category": {
        "coding": [
          {
            "system": "http://terminology.hl7.org/CodeSystem/adjudication",
            "code": "submitted"
          }
        ],
        "text": "Submitted Amount"
      },
      "amount": {
        "value": 2650,
        "currency": "USD"
      }
    },
    {
      "category": {
        "coding": [
          {
            "system": "http://hl7.org/fhir/us/carin-bb/CodeSystem/C4BBAdjudication",
            "code": "paidbypatient"
          }
        ],
        "text": "Patient Pay Amount"
      },
      "amount": {
        "value": 0,
        "currency": "USD"
      }
    },
    {
      "category": {
        "coding": [
          {
            "system": "http://hl7.org/fhir/us/carin-bb/CodeSystem/C4BBPayerAdjudicationStatus",
            "code": "innetwork"
          }
        ]
      },
      "amount": {
        "value": 0,
        "currency": "USD"
      }
    }
  ]
}