{
  "resourceType": "ExplanationOfBenefit",
  "id": "EOBProfessional1UPMC",
  "meta": {
    "lastUpdated": "2020-08-25T19:07:14-04:00",
    "source": "Organization/Organization1UPMC",
    "profile": [
      "http://hl7.org/fhir/us/carin-bb/StructureDefinition/C4BB-ExplanationOfBenefit-Professional-NonClinician"
    ]
  },
  "text": {
    "status": "generated",
    "div": "<div xmlns=\"http://www.w3.org/1999/xhtml\"><p><b>Generated Narrative</b></p><h3>Ids</h3><table class=\"grid\"><tr><td>-</td></tr><tr><td>*</td></tr></table><h3>Meta</h3><table class=\"grid\"><tr><td>-</td></tr><tr><td>*</td></tr></table><p><b>identifier</b>: Claim Number: 01234567801-FR123E1230000010000010001</p><p><b>status</b>: active</p><p><b>type</b>: <span title=\"Codes: {http://terminology.hl7.org/CodeSystem/claim-type professional}\">Professional</span></p><p><b>use</b>: claim</p><p><b>patient</b>: <a href=\"Patient-Patient1UPMC.html\">Generated Summary: language: en-US; Member Number: 01234567801; active; Johnny Example1 ; Phone: (301)666-1212; gender: male; birthDate: 1990-01-01; <span title=\"Codes: {http://terminology.hl7.org/CodeSystem/v3-NullFlavor UNK}\">unknown</span></a></p><p><b>billablePeriod</b>: Nov 22, 2019, 5:00:00 AM --&gt; Nov 22, 2019, 5:00:00 AM</p><p><b>created</b>: Dec 6, 2019, 5:00:00 AM</p><p><b>insurer</b>: <a href=\"Organization-Organization1UPMC.html\">UPMC Health Plan. Generated Summary: id: 95216; active; <span title=\"Codes: {http://terminology.hl7.org/CodeSystem/organization-type pay}\">Payer</span>; name: UPMC Health Plan; Phone: 1-844-220-4785 TTY: 711, Phone: 1-866-406-8762</a></p><p><b>provider</b>: <a href=\"Practitioner-Practitioner1UPMC.html\">Generated Summary: language: en-US; id: 1234567890; John Smith </a></p><h3>Payees</h3><table class=\"grid\"><tr><td>-</td><td><b>Type</b></td><td><b>Party</b></td></tr><tr><td>*</td><td><span title=\"Codes: {http://terminology.hl7.org/CodeSystem/payeetype provider}\">Provider</span></td><td><a href=\"Organization-Organization3UPMC.html\">Generated Summary: Tax ID number: 123456789, Payer ID: 0000000UPP; name: UNIVERSITY OF PITTSBURGH PHYSICIANS</a></td></tr></table><p><b>outcome</b>: complete</p><h3>SupportingInfos</h3><table class=\"grid\"><tr><td>-</td><td><b>Sequence</b></td><td><b>Category</b></td><td><b>Code</b></td></tr><tr><td>*</td><td>1</td><td><span title=\"Codes: {http://hl7.org/fhir/us/carin-bb/CodeSystem/C4BBSupportingInfoType billingnetworkcontractingstatus}\">Billing Network Contracting Status</span></td><td><span title=\"Codes: {http://hl7.org/fhir/us/carin-bb/CodeSystem/C4BBPayerAdjudicationStatus contracted}\">Indicates the provider was contracted for the service</span></td></tr></table><h3>Diagnoses</h3><table class=\"grid\"><tr><td>-</td><td><b>Sequence</b></td><td><b>Diagnosis[x]</b></td><td><b>Type</b></td></tr><tr><td>*</td><td>1</td><td><span title=\"Codes: {http://hl7.org/fhir/sid/icd-10-cm EX11.1}\">Description for EX11.1</span></td><td><span title=\"Codes: {http://terminology.hl7.org/CodeSystem/ex-diagnosistype principal}\">principal</span></td></tr></table><blockquote><p><b>procedure</b></p><p><b>sequence</b>: 1</p><p><b>type</b>: <span title=\"Codes: {http://terminology.hl7.org/CodeSystem/ex-procedure-type primary}\">Primary procedure</span></p><p><b>date</b>: Nov 22, 2019, 5:00:00 AM</p><p><b>procedure</b>: <span title=\"Codes: {http://www.cms.gov/Medicare/Coding/ICD10 S1234}\">Description for S1234</span></p></blockquote><blockquote><p><b>procedure</b></p><p><b>sequence</b>: 2</p><p><b>type</b>: <span title=\"Codes: {http://terminology.hl7.org/CodeSystem/ex-procedure-type primary}\">Primary procedure</span></p><p><b>date</b>: Nov 22, 2019, 5:00:00 AM</p><p><b>procedure</b>: <span title=\"Codes: {http://www.cms.gov/Medicare/Coding/ICD10 99999}\">Description for 99999</span></p></blockquote><h3>Insurances</h3><table class=\"grid\"><tr><td>-</td><td><b>Focal</b></td><td><b>Coverage</b></td></tr><tr><td>*</td><td>true</td><td><a href=\"Coverage-Coverage1UPMC.html\">Generated Summary: language: en-US; Member Number: 01234567801; status: active; subscriberId: 012345678; dependent: 01; <span title=\"Codes: {http://terminology.hl7.org/CodeSystem/subscriber-relationship self}\">Self</span>; period: Aug 1, 2019, 4:00:00 AM --&gt; Dec 31, 2019, 5:00:00 AM; network: SEA17-Advantage HSA EPO</a></td></tr></table><blockquote><p><b>item</b></p><p><b>sequence</b>: 1</p><p><b>productOrService</b>: <span title=\"Codes: {http://www.ama-assn.org/go/cpt S1234}\">S1234</span></p><p><b>serviced</b>: Nov 22, 2019, 5:00:00 AM --&gt; Nov 22, 2019, 5:00:00 AM</p><p><b>location</b>: <span title=\"Codes: {https://www.cms.gov/Medicare/Coding/place-of-service-codes/Place_of_Service_Code_Set 20}\">URGENT CARE FACILITY</span></p><blockquote><p><b>adjudication</b></p><p><b>category</b>: <span title=\"Codes: {http://hl7.org/fhir/us/carin-bb/CodeSystem/C4BBAdjudication memberliability}\">The amount of the member's liability.</span></p><h3>Amounts</h3><table class=\"grid\"><tr><td>-</td></tr><tr><td>*</td></tr></table></blockquote><blockquote><p><b>adjudication</b></p><p><b>category</b>: <span title=\"Codes: {http://terminology.hl7.org/CodeSystem/adjudication submitted}\">The total submitted amount for the claim or group or line item.</span></p><h3>Amounts</h3><table class=\"grid\"><tr><td>-</td></tr><tr><td>*</td></tr></table></blockquote><blockquote><p><b>adjudication</b></p><p><b>category</b>: <span title=\"Codes: {http://terminology.hl7.org/CodeSystem/adjudication copay}\">Patient Co-Payment</span></p><h3>Amounts</h3><table class=\"grid\"><tr><td>-</td></tr><tr><td>*</td></tr></table></blockquote><blockquote><p><b>adjudication</b></p><p><b>category</b>: <span title=\"Codes: {http://terminology.hl7.org/CodeSystem/adjudication eligible}\">Amount of the change which is considered for adjudication.</span></p><h3>Amounts</h3><table class=\"grid\"><tr><td>-</td></tr><tr><td>*</td></tr></table></blockquote><blockquote><p><b>adjudication</b></p><p><b>category</b>: <span title=\"Codes: {http://terminology.hl7.org/CodeSystem/adjudication deductible}\">Amount deducted from the eligible amount prior to adjudication.</span></p><h3>Amounts</h3><table class=\"grid\"><tr><td>-</td></tr><tr><td>*</td></tr></table></blockquote><blockquote><p><b>adjudication</b></p><p><b>category</b>: <span title=\"Codes: {http://terminology.hl7.org/CodeSystem/adjudication benefit}\">Amount payable under the coverage</span></p><h3>Amounts</h3><table class=\"grid\"><tr><td>-</td></tr><tr><td>*</td></tr></table></blockquote><blockquote><p><b>adjudication</b></p><p><b>category</b>: <span title=\"Codes: {http://hl7.org/fhir/us/carin-bb/CodeSystem/C4BBAdjudication noncovered}\">The portion of the cost of this service that was deemed not eligible by the insurer because the service or member was not covered by the subscriber contract.</span></p><h3>Amounts</h3><table class=\"grid\"><tr><td>-</td></tr><tr><td>*</td></tr></table></blockquote><blockquote><p><b>adjudication</b></p><p><b>category</b>: <span title=\"Codes: {http://hl7.org/fhir/us/carin-bb/CodeSystem/C4BBPayerAdjudicationStatus outofnetwork}\">Out Of Network</span></p></blockquote></blockquote><blockquote><p><b>item</b></p><p><b>sequence</b>: 2</p><p><b>productOrService</b>: <span title=\"Codes: {http://www.ama-assn.org/go/cpt 99999}\">99999</span></p><p><b>serviced</b>: Nov 22, 2019, 5:00:00 AM --&gt; Nov 22, 2019, 5:00:00 AM</p><p><b>location</b>: <span title=\"Codes: {https://www.cms.gov/Medicare/Coding/place-of-service-codes/Place_of_Service_Code_Set 20}\">URGENT CARE FACILITY</span></p><blockquote><p><b>adjudication</b></p><p><b>category</b>: <span title=\"Codes: {http://hl7.org/fhir/us/carin-bb/CodeSystem/C4BBAdjudication memberliability}\">The amount of the member's liability.</span></p><h3>Amounts</h3><table class=\"grid\"><tr><td>-</td></tr><tr><td>*</td></tr></table></blockquote><blockquote><p><b>adjudication</b></p><p><b>category</b>: <span title=\"Codes: {http://terminology.hl7.org/CodeSystem/adjudication submitted}\">The total submitted amount for the claim or group or line item.</span></p><h3>Amounts</h3><table class=\"grid\"><tr><td>-</td></tr><tr><td>*</td></tr></table></blockquote><blockquote><p><b>adjudication</b></p><p><b>category</b>: <span title=\"Codes: {http://terminology.hl7.org/CodeSystem/adjudication copay}\">Patient Co-Payment</span></p><h3>Amounts</h3><table class=\"grid\"><tr><td>-</td></tr><tr><td>*</td></tr></table></blockquote><blockquote><p><b>adjudication</b></p><p><b>category</b>: <span title=\"Codes: {http://terminology.hl7.org/CodeSystem/adjudication eligible}\">Amount of the change which is considered for adjudication.</span></p><h3>Amounts</h3><table class=\"grid\"><tr><td>-</td></tr><tr><td>*</td></tr></table></blockquote><blockquote><p><b>adjudication</b></p><p><b>category</b>: <span title=\"Codes: {http://terminology.hl7.org/CodeSystem/adjudication deductible}\">Amount deducted from the eligible amount prior to adjudication.</span></p><h3>Amounts</h3><table class=\"grid\"><tr><td>-</td></tr><tr><td>*</td></tr></table></blockquote><blockquote><p><b>adjudication</b></p><p><b>category</b>: <span title=\"Codes: {http://terminology.hl7.org/CodeSystem/adjudication benefit}\">Amount payable under the coverage</span></p><h3>Amounts</h3><table class=\"grid\"><tr><td>-</td></tr><tr><td>*</td></tr></table></blockquote><blockquote><p><b>adjudication</b></p><p><b>category</b>: <span title=\"Codes: \">The portion of the cost of this service that was deemed not eligible by the insurer because the service or member was not covered by the subscriber contract.</span></p><h3>Amounts</h3><table class=\"grid\"><tr><td>-</td></tr><tr><td>*</td></tr></table></blockquote><blockquote><p><b>adjudication</b></p><p><b>category</b>: <span title=\"Codes: {http://hl7.org/fhir/us/carin-bb/CodeSystem/C4BBPayerAdjudicationStatus innetwork}\">In Network</span></p></blockquote></blockquote><blockquote><p><b>total</b></p><p><b>category</b>: <span title=\"Codes: {http://terminology.hl7.org/CodeSystem/adjudication submitted}\">The total submitted amount for the claim or group or line item.</span></p><h3>Amounts</h3><table class=\"grid\"><tr><td>-</td></tr><tr><td>*</td></tr></table></blockquote><blockquote><p><b>total</b></p><p><b>category</b>: <span title=\"Codes: {http://terminology.hl7.org/CodeSystem/adjudication eligible}\">Amount of the change which is considered for adjudication.</span></p><h3>Amounts</h3><table class=\"grid\"><tr><td>-</td></tr><tr><td>*</td></tr></table></blockquote><blockquote><p><b>total</b></p><p><b>category</b>: <span title=\"Codes: {http://terminology.hl7.org/CodeSystem/adjudication deductible}\">Amount deducted from the eligible amount prior to adjudication.</span></p><h3>Amounts</h3><table class=\"grid\"><tr><td>-</td></tr><tr><td>*</td></tr></table></blockquote><blockquote><p><b>total</b></p><p><b>category</b>: <span title=\"Codes: {http://terminology.hl7.org/CodeSystem/adjudication copay}\">Patient Co-Payment</span></p><h3>Amounts</h3><table class=\"grid\"><tr><td>-</td></tr><tr><td>*</td></tr></table></blockquote><blockquote><p><b>total</b></p><p><b>category</b>: <span title=\"Codes: \">The portion of the cost of this service that was deemed not eligible by the insurer because the service or member was not covered by the subscriber contract.</span></p><h3>Amounts</h3><table class=\"grid\"><tr><td>-</td></tr><tr><td>*</td></tr></table></blockquote><blockquote><p><b>total</b></p><p><b>category</b>: <span title=\"Codes: {http://terminology.hl7.org/CodeSystem/adjudication benefit}\">Amount payable under the coverage</span></p><h3>Amounts</h3><table class=\"grid\"><tr><td>-</td></tr><tr><td>*</td></tr></table></blockquote><blockquote><p><b>total</b></p><p><b>category</b>: <span title=\"Codes: {http://hl7.org/fhir/us/carin-bb/CodeSystem/C4BBAdjudication memberliability}\">The amount of the member's liability.</span></p><h3>Amounts</h3><table class=\"grid\"><tr><td>-</td></tr><tr><td>*</td></tr></table></blockquote></div>"
  },
  "identifier": [
    {
      "type": {
        "coding": [
          {
            "system": "http://hl7.org/fhir/us/carin-bb/CodeSystem/C4BBIdentifierType",
            "code": "uc"
          }
        ],
        "text": "Claim Number"
      },
      "system": "https://www.upmchealthplan.com/fhir/EOBIdentifier",
      "value": "01234567801-FR123E1230000010000010001"
    }
  ],
  "status": "active",
  "type": {
    "coding": [
      {
        "system": "http://terminology.hl7.org/CodeSystem/claim-type",
        "code": "professional"
      }
    ],
    "text": "Professional"
  },
  "use": "claim",
  "patient": {
    "reference": "Patient/Patient1UPMC"
  },
  "billablePeriod": {
    "start": "2019-11-22T00:00:00-05:00",
    "end": "2019-11-22T00:00:00-05:00"
  },
  "created": "2019-12-06T00:00:00-05:00",
  "insurer": {
    "reference": "Organization/Organization1UPMC",
    "display": "UPMC Health Plan"
  },
  "provider": {
    "reference": "Practitioner/Practitioner1UPMC"
  },
  "payee": {
    "type": {
      "coding": [
        {
          "system": "http://terminology.hl7.org/CodeSystem/payeetype",
          "code": "provider"
        }
      ],
      "text": "Provider"
    },
    "party": {
      "reference": "Organization/Organization3UPMC"
    }
  },
  "outcome": "complete",
  "supportingInfo": [
    {
      "sequence": 1,
      "category": {
        "coding": [
          {
            "system": "http://hl7.org/fhir/us/carin-bb/CodeSystem/C4BBSupportingInfoType",
            "code": "billingnetworkcontractingstatus"
          }
        ]
      },
      "code": {
        "coding": [
          {
            "system": "http://hl7.org/fhir/us/carin-bb/CodeSystem/C4BBPayerAdjudicationStatus",
            "code": "contracted",
            "display": "Contracted"
          }
        ],
        "text": "Indicates the provider was contracted for the service"
      }
    }
  ],
  "diagnosis": [
    {
      "sequence": 1,
      "diagnosisCodeableConcept": {
        "coding": [
          {
            "system": "http://hl7.org/fhir/sid/icd-10-cm",
            "code": "EX11.1"
          }
        ],
        "text": "Description for EX11.1"
      },
      "type": [
        {
          "coding": [
            {
              "system": "http://terminology.hl7.org/CodeSystem/ex-diagnosistype",
              "code": "principal"
            }
          ],
          "text": "principal"
        }
      ]
    }
  ],
  "procedure": [
    {
      "sequence": 1,
      "type": [
        {
          "coding": [
            {
              "system": "http://terminology.hl7.org/CodeSystem/ex-procedure-type",
              "code": "primary"
            }
          ],
          "text": "Primary procedure"
        }
      ],
      "date": "2019-11-22T00:00:00-05:00",
      "procedureCodeableConcept": {
        "coding": [
          {
            "system": "http://www.cms.gov/Medicare/Coding/ICD10",
            "code": "S1234"
          }
        ],
        "text": "Description for S1234"
      }
    },
    {
      "sequence": 2,
      "type": [
        {
          "coding": [
            {
              "system": "http://terminology.hl7.org/CodeSystem/ex-procedure-type",
              "code": "primary"
            }
          ],
          "text": "Primary procedure"
        }
      ],
      "date": "2019-11-22T00:00:00-05:00",
      "procedureCodeableConcept": {
        "coding": [
          {
            "system": "http://www.cms.gov/Medicare/Coding/ICD10",
            "code": "99999"
          }
        ],
        "text": "Description for 99999"
      }
    }
  ],
  "insurance": [
    {
      "focal": true,
      "coverage": {
        "reference": "Coverage/Coverage1UPMC"
      }
    }
  ],
  "item": [
    {
      "sequence": 1,
      "productOrService": {
        "coding": [
          {
            "system": "http://www.ama-assn.org/go/cpt",
            "code": "S1234"
          }
        ]
      },
      "servicedPeriod": {
        "start": "2019-11-22T00:00:00-05:00",
        "end": "2019-11-22T00:00:00-05:00"
      },
      "locationCodeableConcept": {
        "coding": [
          {
            "system": "https://www.cms.gov/Medicare/Coding/place-of-service-codes/Place_of_Service_Code_Set",
            "code": "20"
          }
        ],
        "text": "URGENT CARE FACILITY"
      },
      "adjudication": [
        {
          "category": {
            "coding": [
              {
                "system": "http://hl7.org/fhir/us/carin-bb/CodeSystem/C4BBAdjudication",
                "code": "memberliability",
                "display": "Member liability"
              }
            ],
            "text": "The amount of the member's liability."
          },
          "amount": {
            "value": 35,
            "currency": "USD"
          }
        },
        {
          "category": {
            "coding": [
              {
                "system": "http://terminology.hl7.org/CodeSystem/adjudication",
                "code": "submitted",
                "display": "Submitted Amount"
              }
            ],
            "text": "The total submitted amount for the claim or group or line item."
          },
          "amount": {
            "value": 40,
            "currency": "USD"
          }
        },
        {
          "category": {
            "coding": [
              {
                "system": "http://terminology.hl7.org/CodeSystem/adjudication",
                "code": "copay",
                "display": "CoPay"
              }
            ],
            "text": "Patient Co-Payment"
          },
          "amount": {
            "value": 0,
            "currency": "USD"
          }
        },
        {
          "category": {
            "coding": [
              {
                "system": "http://terminology.hl7.org/CodeSystem/adjudication",
                "code": "eligible",
                "display": "Eligible Amount"
              }
            ],
            "text": "Amount of the change which is considered for adjudication."
          },
          "amount": {
            "value": 35,
            "currency": "USD"
          }
        },
        {
          "category": {
            "coding": [
              {
                "system": "http://terminology.hl7.org/CodeSystem/adjudication",
                "code": "deductible",
                "display": "Deductible"
              }
            ],
            "text": "Amount deducted from the eligible amount prior to adjudication."
          },
          "amount": {
            "value": 35,
            "currency": "USD"
          }
        },
        {
          "category": {
            "coding": [
              {
                "system": "http://terminology.hl7.org/CodeSystem/adjudication",
                "code": "benefit",
                "display": "Benefit Amount"
              }
            ],
            "text": "Amount payable under the coverage"
          },
          "amount": {
            "value": 0,
            "currency": "USD"
          }
        },
        {
          "category": {
            "coding": [
              {
                "system": "http://hl7.org/fhir/us/carin-bb/CodeSystem/C4BBAdjudication",
                "code": "noncovered",
                "display": "Noncovered"
              }
            ],
            "text": "The portion of the cost of this service that was deemed not eligible by the insurer because the service or member was not covered by the subscriber contract."
          },
          "amount": {
            "value": 0,
            "currency": "USD"
          }
        },
        {
          "category": {
            "coding": [
              {
                "system": "http://hl7.org/fhir/us/carin-bb/CodeSystem/C4BBPayerAdjudicationStatus",
                "code": "outofnetwork"
              }
            ]
          }
        }
      ]
    },
    {
      "sequence": 2,
      "productOrService": {
        "coding": [
          {
            "system": "http://www.ama-assn.org/go/cpt",
            "code": "99999"
          }
        ]
      },
      "servicedPeriod": {
        "start": "2019-11-22T00:00:00-05:00",
        "end": "2019-11-22T00:00:00-05:00"
      },
      "locationCodeableConcept": {
        "coding": [
          {
            "system": "https://www.cms.gov/Medicare/Coding/place-of-service-codes/Place_of_Service_Code_Set",
            "code": "20"
          }
        ],
        "text": "URGENT CARE FACILITY"
      },
      "adjudication": [
        {
          "category": {
            "coding": [
              {
                "system": "http://hl7.org/fhir/us/carin-bb/CodeSystem/C4BBAdjudication",
                "code": "memberliability",
                "display": "Member liability"
              }
            ],
            "text": "The amount of the member's liability."
          },
          "amount": {
            "value": 104.86,
            "currency": "USD"
          }
        },
        {
          "category": {
            "coding": [
              {
                "system": "http://terminology.hl7.org/CodeSystem/adjudication",
                "code": "submitted",
                "display": "Submitted Amount"
              }
            ],
            "text": "The total submitted amount for the claim or group or line item."
          },
          "amount": {
            "value": 220,
            "currency": "USD"
          }
        },
        {
          "category": {
            "coding": [
              {
                "system": "http://terminology.hl7.org/CodeSystem/adjudication",
                "code": "copay",
                "display": "CoPay"
              }
            ],
            "text": "Patient Co-Payment"
          },
          "amount": {
            "value": 0,
            "currency": "USD"
          }
        },
        {
          "category": {
            "coding": [
              {
                "system": "http://terminology.hl7.org/CodeSystem/adjudication",
                "code": "eligible",
                "display": "Eligible Amount"
              }
            ],
            "text": "Amount of the change which is considered for adjudication."
          },
          "amount": {
            "value": 104.86,
            "currency": "USD"
          }
        },
        {
          "category": {
            "coding": [
              {
                "system": "http://terminology.hl7.org/CodeSystem/adjudication",
                "code": "deductible",
                "display": "Deductible"
              }
            ],
            "text": "Amount deducted from the eligible amount prior to adjudication."
          },
          "amount": {
            "value": 104.86,
            "currency": "USD"
          }
        },
        {
          "category": {
            "coding": [
              {
                "system": "http://terminology.hl7.org/CodeSystem/adjudication",
                "code": "benefit",
                "display": "Benefit Amount"
              }
            ],
            "text": "Amount payable under the coverage"
          },
          "amount": {
            "value": 0,
            "currency": "USD"
          }
        },
        {
          "category": {
            "coding": [
              {
                "system": "noncovered",
                "display": "Noncovered"
              }
            ],
            "text": "The portion of the cost of this service that was deemed not eligible by the insurer because the service or member was not covered by the subscriber contract."
          },
          "amount": {
            "value": 0,
            "currency": "USD"
          }
        },
        {
          "category": {
            "coding": [
              {
                "system": "http://hl7.org/fhir/us/carin-bb/CodeSystem/C4BBPayerAdjudicationStatus",
                "code": "innetwork"
              }
            ]
          }
        }
      ]
    }
  ],
  "total": [
    {
      "category": {
        "coding": [
          {
            "system": "http://terminology.hl7.org/CodeSystem/adjudication",
            "code": "submitted",
            "display": "Submitted Amount"
          }
        ],
        "text": "The total submitted amount for the claim or group or line item."
      },
      "amount": {
        "value": 260,
        "currency": "USD"
      }
    },
    {
      "category": {
        "coding": [
          {
            "system": "http://terminology.hl7.org/CodeSystem/adjudication",
            "code": "eligible",
            "display": "Eligible Amount"
          }
        ],
        "text": "Amount of the change which is considered for adjudication."
      },
      "amount": {
        "value": 139.86,
        "currency": "USD"
      }
    },
    {
      "category": {
        "coding": [
          {
            "system": "http://terminology.hl7.org/CodeSystem/adjudication",
            "code": "deductible",
            "display": "Deductible"
          }
        ],
        "text": "Amount deducted from the eligible amount prior to adjudication."
      },
      "amount": {
        "value": 139.86,
        "currency": "USD"
      }
    },
    {
      "category": {
        "coding": [
          {
            "system": "http://terminology.hl7.org/CodeSystem/adjudication",
            "code": "copay",
            "display": "CoPay"
          }
        ],
        "text": "Patient Co-Payment"
      },
      "amount": {
        "value": 0,
        "currency": "USD"
      }
    },
    {
      "category": {
        "coding": [
          {
            "system": "noncovered",
            "display": "Noncovered"
          }
        ],
        "text": "The portion of the cost of this service that was deemed not eligible by the insurer because the service or member was not covered by the subscriber contract."
      },
      "amount": {
        "value": 0,
        "currency": "USD"
      }
    },
    {
      "category": {
        "coding": [
          {
            "system": "http://terminology.hl7.org/CodeSystem/adjudication",
            "code": "benefit",
            "display": "Benefit Amount"
          }
        ],
        "text": "Amount payable under the coverage"
      },
      "amount": {
        "value": 0,
        "currency": "USD"
      }
    },
    {
      "category": {
        "coding": [
          {
            "system": "http://hl7.org/fhir/us/carin-bb/CodeSystem/C4BBAdjudication",
            "code": "memberliability",
            "display": "Member liability"
          }
        ],
        "text": "The amount of the member's liability."
      },
      "amount": {
        "value": 139.86,
        "currency": "USD"
      }
    }
  ]
}