{
  "resourceType": "ExplanationOfBenefit",
  "id": "30736584-f300-4c1b-8207-aff424a0c1ea",
  "meta": {
    "versionId": "1",
    "lastUpdated": "2020-09-17T15:27:54.435+00:00",
    "tag": [
      {
        "code": "Professional"
      }
    ]
  },
  "text": {
    "status": "generated",
    "div": "<div xmlns=\"http://www.w3.org/1999/xhtml\"><p><b>Generated Narrative</b></p><h3>Ids</h3><table class=\"grid\"><tr><td>-</td></tr><tr><td>*</td></tr></table><h3>Meta</h3><table class=\"grid\"><tr><td>-</td></tr><tr><td>*</td></tr></table><p><b>identifier</b>: Claim unique identifier: 447dacd3-18f5-4f3a-a13a-1da8fd668085</p><p><b>status</b>: active</p><p><b>type</b>: <span title=\"Codes: {http://hl7.org/fhir/us/carin/CodeSystem/carin-bb-claim-type professional-nonclinician}\">professional-nonclinician</span></p><p><b>use</b>: claim</p><p><b>patient</b>: <a href=\"Patient/d35f4225-9a71-4a17-a0da-9dcfde338cf2\">Patient/d35f4225-9a71-4a17-a0da-9dcfde338cf2</a></p><p><b>billablePeriod</b>: 2020-02-26 --&gt; 2020-02-26</p><p><b>created</b>: 2020-09-17</p><p><b>insurer</b>: <span>Not Found-44bf5cef-7c6f-43ec-8d40-4fbef025bb21</span></p><p><b>provider</b>: <a href=\"Practitioner/3b28f70f-8b25-412c-bf96-d95bc35b3387\">654646460331</a></p><h3>Payees</h3><table class=\"grid\"><tr><td>-</td><td><b>Type</b></td><td><b>Party</b></td></tr><tr><td>*</td><td><span title=\"Codes: {http://terminology.hl7.org/CodeSystem/payeetype practitioner}\">practitioner</span></td><td><span>654646460331</span></td></tr></table><p><b>outcome</b>: complete</p><blockquote><p><b>supportingInfo</b></p><p><b>sequence</b>: 1</p><p><b>category</b>: <span title=\"Codes: {http://terminology.hl7.org/CodeSystem/claiminformationcategory info}\">billingnetworkcontractingstatus</span></p><p><b>code</b>: <span title=\"Codes: \">out</span></p></blockquote><blockquote><p><b>supportingInfo</b></p><p><b>sequence</b>: 2</p><p><b>category</b>: <span title=\"Codes: {http://terminology.hl7.org/CodeSystem/claiminformationcategory info}\">clmrecvddate</span></p><p><b>code</b>: <span title=\"Codes: \">2020-02-26</span></p></blockquote><blockquote><p><b>supportingInfo</b></p><p><b>sequence</b>: 3</p><p><b>category</b>: <span title=\"Codes: {http://terminology.hl7.org/CodeSystem/claiminformationcategory info}\">referringnetworkcontractingstatus</span></p><p><b>code</b>: <span title=\"Codes: \">out</span></p></blockquote><blockquote><p><b>supportingInfo</b></p><p><b>sequence</b>: 4</p><p><b>category</b>: <span title=\"Codes: {http://terminology.hl7.org/CodeSystem/claiminformationcategory info}\">sitenetworkcontractingstatus</span></p><p><b>code</b>: <span title=\"Codes: \">out</span></p></blockquote><blockquote><p><b>diagnosis</b></p><p><b>sequence</b>: 1</p><p><b>diagnosis</b>: <span title=\"Codes: {http://snomed.info/sct 49727002}\">Cough (finding)</span></p><p><b>type</b>: <span title=\"Codes: {http://terminology.hl7.org/CodeSystem/ex-diagnosistype principal}\">Principal Diagnosis</span></p></blockquote><blockquote><p><b>diagnosis</b></p><p><b>sequence</b>: 2</p><p><b>diagnosis</b>: <span title=\"Codes: {http://snomed.info/sct 267102003}\">Sore throat symptom (finding)</span></p><p><b>type</b>: <span title=\"Codes: {http://terminology.hl7.org/CodeSystem/ex-diagnosistype clinical}\">Clinical Diagnosis</span></p></blockquote><blockquote><p><b>diagnosis</b></p><p><b>sequence</b>: 3</p><p><b>diagnosis</b>: <span title=\"Codes: {http://snomed.info/sct 248595008}\">Sputum finding (finding)</span></p><p><b>type</b>: <span title=\"Codes: {http://terminology.hl7.org/CodeSystem/ex-diagnosistype clinical}\">Clinical Diagnosis</span></p></blockquote><blockquote><p><b>diagnosis</b></p><p><b>sequence</b>: 4</p><p><b>diagnosis</b>: <span title=\"Codes: {http://snomed.info/sct 84229001}\">Fatigue (finding)</span></p><p><b>type</b>: <span title=\"Codes: {http://terminology.hl7.org/CodeSystem/ex-diagnosistype clinical}\">Clinical Diagnosis</span></p></blockquote><blockquote><p><b>diagnosis</b></p><p><b>sequence</b>: 5</p><p><b>diagnosis</b>: <span title=\"Codes: {http://snomed.info/sct 386661006}\">Fever (finding)</span></p><p><b>type</b>: <span title=\"Codes: {http://terminology.hl7.org/CodeSystem/ex-diagnosistype clinical}\">Clinical Diagnosis</span></p></blockquote><h3>Procedures</h3><table class=\"grid\"><tr><td>-</td><td><b>Sequence</b></td><td><b>Type</b></td><td><b>Date</b></td><td><b>Procedure[x]</b></td></tr><tr><td>*</td><td>1</td><td><span title=\"Codes: {http://terminology.hl7.org/CodeSystem/ex-procedure-type primary}\">Primary procedure</span></td><td>2020-02-26</td><td><span title=\"Codes: {http://snomed.info/sct 261352009}\">Face mask (physical object)</span></td></tr></table><h3>Insurances</h3><table class=\"grid\"><tr><td>-</td><td><b>Focal</b></td><td><b>Coverage</b></td></tr><tr><td>*</td><td>false</td><td><span>Not Found-ecb4787c-6ce1-49d9-b209-b8c56d2a6d1b</span></td></tr></table><h3>Items</h3><table class=\"grid\"><tr><td>-</td><td><b>Sequence</b></td><td><b>Category</b></td><td><b>ProductOrService</b></td><td><b>Serviced[x]</b></td><td><b>Location[x]</b></td></tr><tr><td>*</td><td>1</td><td><span title=\"Codes: {http://terminology.hl7.org/CodeSystem/ex-benefitcategory 11}\">11</span></td><td><span title=\"Codes: {http://snomed.info/sct 261352009}\">Face mask (physical object)</span></td><td>2020-02-26 --&gt; 2020-02-26</td><td><span title=\"Codes: {http://terminology.hl7.org/CodeSystem/ex-serviceplace 19}\">Off Campus-Outpatient Hospital</span></td></tr></table><blockquote><p><b>total</b></p><p><b>category</b>: <span title=\"Codes: {http://terminology.hl7.org/CodeSystem/adjudication submitted}\">Submitted Amount</span></p><h3>Amounts</h3><table class=\"grid\"><tr><td>-</td></tr><tr><td>*</td></tr></table></blockquote><blockquote><p><b>total</b></p><p><b>category</b>: <span title=\"Codes: {http://terminology.hl7.org/CodeSystem/adjudication allowed}\">allowed</span></p><h3>Amounts</h3><table class=\"grid\"><tr><td>-</td></tr><tr><td>*</td></tr></table></blockquote><blockquote><p><b>total</b></p><p><b>category</b>: <span title=\"Codes: {http://terminology.hl7.org/CodeSystem/adjudication paidbypatient}\">paidbypatient</span></p><h3>Amounts</h3><table class=\"grid\"><tr><td>-</td></tr><tr><td>*</td></tr></table></blockquote><blockquote><p><b>total</b></p><p><b>category</b>: <span title=\"Codes: {http://terminology.hl7.org/CodeSystem/adjudication paidtoprovider}\">paidtoprovider</span></p><h3>Amounts</h3><table class=\"grid\"><tr><td>-</td></tr><tr><td>*</td></tr></table></blockquote><blockquote><p><b>total</b></p><p><b>category</b>: <span title=\"Codes: {http://terminology.hl7.org/CodeSystem/adjudication paidtopatient}\">paidtopatient</span></p><h3>Amounts</h3><table class=\"grid\"><tr><td>-</td></tr><tr><td>*</td></tr></table></blockquote><blockquote><p><b>total</b></p><p><b>category</b>: <span title=\"Codes: {http://terminology.hl7.org/CodeSystem/adjudication payment}\">payment</span></p><h3>Amounts</h3><table class=\"grid\"><tr><td>-</td></tr><tr><td>*</td></tr></table></blockquote><blockquote><p><b>total</b></p><p><b>category</b>: <span title=\"Codes: {http://terminology.hl7.org/CodeSystem/adjudication disallowed}\">disallowed</span></p><h3>Amounts</h3><table class=\"grid\"><tr><td>-</td></tr><tr><td>*</td></tr></table></blockquote><blockquote><p><b>total</b></p><p><b>category</b>: <span title=\"Codes: {http://terminology.hl7.org/CodeSystem/adjudication deductible}\">Deductible</span></p><h3>Amounts</h3><table class=\"grid\"><tr><td>-</td></tr><tr><td>*</td></tr></table></blockquote><blockquote><p><b>total</b></p><p><b>category</b>: <span title=\"Codes: {http://terminology.hl7.org/CodeSystem/adjudication coins}\">coins</span></p><h3>Amounts</h3><table class=\"grid\"><tr><td>-</td></tr><tr><td>*</td></tr></table></blockquote><blockquote><p><b>total</b></p><p><b>category</b>: <span title=\"Codes: {http://terminology.hl7.org/CodeSystem/adjudication copay}\">CoPay</span></p><h3>Amounts</h3><table class=\"grid\"><tr><td>-</td></tr><tr><td>*</td></tr></table></blockquote><blockquote><p><b>total</b></p><p><b>category</b>: <span title=\"Codes: {http://terminology.hl7.org/CodeSystem/adjudication memberliability}\">memberliability</span></p><h3>Amounts</h3><table class=\"grid\"><tr><td>-</td></tr><tr><td>*</td></tr></table></blockquote><blockquote><p><b>total</b></p><p><b>category</b>: <span title=\"Codes: {http://terminology.hl7.org/CodeSystem/adjudication priorpayerpaid}\">priorpayerpaid</span></p><h3>Amounts</h3><table class=\"grid\"><tr><td>-</td></tr><tr><td>*</td></tr></table></blockquote><blockquote><p><b>total</b></p><p><b>category</b>: <span title=\"Codes: {http://terminology.hl7.org/CodeSystem/adjudication discount}\">discount</span></p><h3>Amounts</h3><table class=\"grid\"><tr><td>-</td></tr><tr><td>*</td></tr></table></blockquote><h3>Payments</h3><table class=\"grid\"><tr><td>-</td><td><b>Type</b></td><td><b>Date</b></td></tr><tr><td>*</td><td><span title=\"Codes: {http://terminology.hl7.org/CodeSystem/paymentstatus complete}\">complete</span></td><td>2020-02-26</td></tr></table></div>"
  },
  "identifier": [
    {
      "type": {
        "coding": [
          {
            "system": "http://terminology.hl7.org/CodeSystem/claim-type",
            "code": "professional",
            "display": "Professional"
          }
        ],
        "text": "Claim unique identifier"
      },
      "value": "447dacd3-18f5-4f3a-a13a-1da8fd668085"
    }
  ],
  "status": "active",
  "type": {
    "coding": [
      {
        "system": "http://hl7.org/fhir/us/carin/CodeSystem/carin-bb-claim-type",
        "code": "professional-nonclinician"
      }
    ]
  },
  "use": "claim",
  "patient": {
    "reference": "Patient/d35f4225-9a71-4a17-a0da-9dcfde338cf2"
  },
  "billablePeriod": {
    "start": "2020-02-26",
    "end": "2020-02-26"
  },
  "created": "2020-09-17",
  "insurer": {
    "display": "Not Found-44bf5cef-7c6f-43ec-8d40-4fbef025bb21"
  },
  "provider": {
    "reference": "Practitioner/3b28f70f-8b25-412c-bf96-d95bc35b3387",
    "identifier": {
      "system": "http://hl7.org/fhir/sid/us-npi",
      "value": "3b28f70f-8b25-412c-bf96-d95bc35b3387"
    },
    "display": "654646460331"
  },
  "payee": {
    "type": {
      "coding": [
        {
          "system": "http://terminology.hl7.org/CodeSystem/payeetype",
          "code": "practitioner"
        }
      ]
    },
    "party": {
      "display": "654646460331"
    }
  },
  "outcome": "complete",
  "supportingInfo": [
    {
      "sequence": 1,
      "category": {
        "coding": [
          {
            "system": "http://terminology.hl7.org/CodeSystem/claiminformationcategory",
            "code": "info"
          }
        ],
        "text": "billingnetworkcontractingstatus"
      },
      "code": {
        "coding": [
          {
            "code": "out"
          }
        ]
      }
    },
    {
      "sequence": 2,
      "category": {
        "coding": [
          {
            "system": "http://terminology.hl7.org/CodeSystem/claiminformationcategory",
            "code": "info"
          }
        ],
        "text": "clmrecvddate"
      },
      "code": {
        "coding": [
          {
            "code": "2020-02-26"
          }
        ]
      }
    },
    {
      "sequence": 3,
      "category": {
        "coding": [
          {
            "system": "http://terminology.hl7.org/CodeSystem/claiminformationcategory",
            "code": "info"
          }
        ],
        "text": "referringnetworkcontractingstatus"
      },
      "code": {
        "coding": [
          {
            "code": "out"
          }
        ]
      }
    },
    {
      "sequence": 4,
      "category": {
        "coding": [
          {
            "system": "http://terminology.hl7.org/CodeSystem/claiminformationcategory",
            "code": "info"
          }
        ],
        "text": "sitenetworkcontractingstatus"
      },
      "code": {
        "coding": [
          {
            "code": "out"
          }
        ]
      }
    }
  ],
  "diagnosis": [
    {
      "sequence": 1,
      "diagnosisCodeableConcept": {
        "coding": [
          {
            "system": "http://snomed.info/sct",
            "code": "49727002",
            "display": "Cough (finding)"
          }
        ]
      },
      "type": [
        {
          "coding": [
            {
              "system": "http://terminology.hl7.org/CodeSystem/ex-diagnosistype",
              "code": "principal"
            }
          ]
        }
      ]
    },
    {
      "sequence": 2,
      "diagnosisCodeableConcept": {
        "coding": [
          {
            "system": "http://snomed.info/sct",
            "code": "267102003",
            "display": "Sore throat symptom (finding)"
          }
        ]
      },
      "type": [
        {
          "coding": [
            {
              "system": "http://terminology.hl7.org/CodeSystem/ex-diagnosistype",
              "code": "clinical"
            }
          ]
        }
      ]
    },
    {
      "sequence": 3,
      "diagnosisCodeableConcept": {
        "coding": [
          {
            "system": "http://snomed.info/sct",
            "code": "248595008",
            "display": "Sputum finding (finding)"
          }
        ]
      },
      "type": [
        {
          "coding": [
            {
              "system": "http://terminology.hl7.org/CodeSystem/ex-diagnosistype",
              "code": "clinical"
            }
          ]
        }
      ]
    },
    {
      "sequence": 4,
      "diagnosisCodeableConcept": {
        "coding": [
          {
            "system": "http://snomed.info/sct",
            "code": "84229001",
            "display": "Fatigue (finding)"
          }
        ]
      },
      "type": [
        {
          "coding": [
            {
              "system": "http://terminology.hl7.org/CodeSystem/ex-diagnosistype",
              "code": "clinical"
            }
          ]
        }
      ]
    },
    {
      "sequence": 5,
      "diagnosisCodeableConcept": {
        "coding": [
          {
            "system": "http://snomed.info/sct",
            "code": "386661006",
            "display": "Fever (finding)"
          }
        ]
      },
      "type": [
        {
          "coding": [
            {
              "system": "http://terminology.hl7.org/CodeSystem/ex-diagnosistype",
              "code": "clinical"
            }
          ]
        }
      ]
    }
  ],
  "procedure": [
    {
      "sequence": 1,
      "type": [
        {
          "coding": [
            {
              "system": "http://terminology.hl7.org/CodeSystem/ex-procedure-type",
              "code": "primary"
            }
          ]
        }
      ],
      "date": "2020-02-26",
      "procedureCodeableConcept": {
        "coding": [
          {
            "system": "http://snomed.info/sct",
            "code": "261352009",
            "display": "Face mask (physical object)"
          }
        ]
      }
    }
  ],
  "insurance": [
    {
      "focal": false,
      "coverage": {
        "display": "Not Found-ecb4787c-6ce1-49d9-b209-b8c56d2a6d1b"
      }
    }
  ],
  "item": [
    {
      "sequence": 1,
      "category": {
        "coding": [
          {
            "system": "http://terminology.hl7.org/CodeSystem/ex-benefitcategory",
            "code": "11",
            "display": "11"
          }
        ]
      },
      "productOrService": {
        "coding": [
          {
            "system": "http://snomed.info/sct",
            "code": "261352009",
            "display": "Face mask (physical object)"
          }
        ]
      },
      "servicedPeriod": {
        "start": "2020-02-26",
        "end": "2020-02-26"
      },
      "locationCodeableConcept": {
        "coding": [
          {
            "system": "http://terminology.hl7.org/CodeSystem/ex-serviceplace",
            "code": "19",
            "display": "Off Campus-Outpatient Hospital"
          }
        ]
      }
    }
  ],
  "total": [
    {
      "category": {
        "coding": [
          {
            "system": "http://terminology.hl7.org/CodeSystem/adjudication",
            "code": "submitted"
          }
        ]
      },
      "amount": {
        "value": 465.95,
        "currency": "USD"
      }
    },
    {
      "category": {
        "coding": [
          {
            "system": "http://terminology.hl7.org/CodeSystem/adjudication",
            "code": "allowed"
          }
        ]
      },
      "amount": {
        "value": 465.95,
        "currency": "USD"
      }
    },
    {
      "category": {
        "coding": [
          {
            "system": "http://terminology.hl7.org/CodeSystem/adjudication",
            "code": "paidbypatient"
          }
        ]
      },
      "amount": {
        "value": 389.47,
        "currency": "USD"
      }
    },
    {
      "category": {
        "coding": [
          {
            "system": "http://terminology.hl7.org/CodeSystem/adjudication",
            "code": "paidtoprovider"
          }
        ]
      },
      "amount": {
        "value": 465.95,
        "currency": "USD"
      }
    },
    {
      "category": {
        "coding": [
          {
            "system": "http://terminology.hl7.org/CodeSystem/adjudication",
            "code": "paidtopatient"
          }
        ]
      },
      "amount": {
        "value": 0.0,
        "currency": "USD"
      }
    },
    {
      "category": {
        "coding": [
          {
            "system": "http://terminology.hl7.org/CodeSystem/adjudication",
            "code": "payment"
          }
        ]
      },
      "amount": {
        "value": 465.95,
        "currency": "USD"
      }
    },
    {
      "category": {
        "coding": [
          {
            "system": "http://terminology.hl7.org/CodeSystem/adjudication",
            "code": "disallowed"
          }
        ]
      },
      "amount": {
        "value": 389.47,
        "currency": "USD"
      }
    },
    {
      "category": {
        "coding": [
          {
            "system": "http://terminology.hl7.org/CodeSystem/adjudication",
            "code": "deductible"
          }
        ]
      },
      "amount": {
        "value": 0.0,
        "currency": "USD"
      }
    },
    {
      "category": {
        "coding": [
          {
            "system": "http://terminology.hl7.org/CodeSystem/adjudication",
            "code": "coins"
          }
        ]
      },
      "amount": {
        "value": 0.0,
        "currency": "USD"
      }
    },
    {
      "category": {
        "coding": [
          {
            "system": "http://terminology.hl7.org/CodeSystem/adjudication",
            "code": "copay"
          }
        ]
      },
      "amount": {
        "value": 360.0,
        "currency": "USD"
      }
    },
    {
      "category": {
        "coding": [
          {
            "system": "http://terminology.hl7.org/CodeSystem/adjudication",
            "code": "memberliability"
          }
        ]
      },
      "amount": {
        "value": 0.0,
        "currency": "USD"
      }
    },
    {
      "category": {
        "coding": [
          {
            "system": "http://terminology.hl7.org/CodeSystem/adjudication",
            "code": "priorpayerpaid"
          }
        ]
      },
      "amount": {
        "value": 76.48,
        "currency": "USD"
      }
    },
    {
      "category": {
        "coding": [
          {
            "system": "http://terminology.hl7.org/CodeSystem/adjudication",
            "code": "discount"
          }
        ]
      },
      "amount": {
        "value": 0.0,
        "currency": "USD"
      }
    }
  ],
  "payment": {
    "type": {
      "coding": [
        {
          "system": "http://terminology.hl7.org/CodeSystem/paymentstatus",
          "code": "complete"
        }
      ]
    },
    "date": "2020-02-26"
  }
}