<?xml version="1.0" encoding="UTF-8"?>

<ImplementationGuide xmlns="http://hl7.org/fhir">
  <id value="hl7.fhir.us.carin-bb"/>
  <text>
    <status value="extensions"/><div xmlns="http://www.w3.org/1999/xhtml"><h2>CARINConsumerDirectedPayerDataExchange</h2><p>The official URL for this implementation guide is: </p><pre>http://hl7.org/fhir/us/carin-bb/ImplementationGuide/hl7.fhir.us.carin-bb</pre><div><p>CARIN Consumer Directed Payer Data Exchange</p>
</div></div>
  </text>
  <url value="http://hl7.org/fhir/us/carin-bb/ImplementationGuide/hl7.fhir.us.carin-bb"/>
  <version value="0.4.1"/>
  <name value="CARINConsumerDirectedPayerDataExchange"/>
  <title value="CARIN Consumer Directed Payer Data Exchange"/>
  <status value="active"/>
  <date value="2020-08-27T22:52:20+00:00"/>
  <publisher value="HL7 Financial Management Working Group"/>
  <contact>
    <name value="HL7 Financial Management Working Group"/>
    <telecom>
      <system value="url"/>
      <value value="http://www.hl7.org/Special/committees/fm/index.cfm"/>
    </telecom>
    <telecom>
      <system value="email"/>
      <value value="fm@lists.HL7.org"/>
    </telecom>
  </contact>
  <description value="CARIN Consumer Directed Payer Data Exchange"/>
  <jurisdiction>
    <coding>
      <system value="urn:iso:std:iso:3166"/>
      <code value="US"/>
    </coding>
  </jurisdiction>
  <packageId value="hl7.fhir.us.carin-bb"/>
  <license value="CC0-1.0"/>
  <fhirVersion value="4.0.1"/>
  <dependsOn id="hl7_fhir_us_core">
    <uri value="http://hl7.org/fhir/us/core/ImplementationGuide/hl7.fhir.us.core"/>
    <packageId value="hl7.fhir.us.core"/>
    <version value="3.1.0"/>
  </dependsOn>
  <definition>
    <extension url="http://hl7.org/fhir/tools/StructureDefinition/ig-parameter">
      <extension url="code">
        <valueString value="copyrightyear"/>
      </extension>
      <extension url="value">
        <valueString value="2020+"/>
      </extension>
    </extension>
    <extension url="http://hl7.org/fhir/tools/StructureDefinition/ig-parameter">
      <extension url="code">
        <valueString value="releaselabel"/>
      </extension>
      <extension url="value">
        <valueString value="STU1"/>
      </extension>
    </extension>
    <extension url="http://hl7.org/fhir/tools/StructureDefinition/ig-parameter">
      <extension url="code">
        <valueString value="show-inherited-invariants"/>
      </extension>
      <extension url="value">
        <valueString value="false"/>
      </extension>
    </extension>
    <extension url="http://hl7.org/fhir/tools/StructureDefinition/ig-parameter">
      <extension url="code">
        <valueString value="apply-jurisdiction"/>
      </extension>
      <extension url="value">
        <valueString value="true"/>
      </extension>
    </extension>
    <extension url="http://hl7.org/fhir/tools/StructureDefinition/ig-parameter">
      <extension url="code">
        <valueString value="apply-publisher"/>
      </extension>
      <extension url="value">
        <valueString value="true"/>
      </extension>
    </extension>
    <extension url="http://hl7.org/fhir/tools/StructureDefinition/ig-parameter">
      <extension url="code">
        <valueString value="path-history"/>
      </extension>
      <extension url="value">
        <valueString value="http://hl7.org/fhir/us/carin-bb/history.html"/>
      </extension>
    </extension>
    <extension url="http://hl7.org/fhir/tools/StructureDefinition/ig-parameter">
      <extension url="code">
        <valueString value="autoload-resources"/>
      </extension>
      <extension url="value">
        <valueString value="true"/>
      </extension>
    </extension>
    <extension url="http://hl7.org/fhir/tools/StructureDefinition/ig-parameter">
      <extension url="code">
        <valueString value="path-liquid"/>
      </extension>
      <extension url="value">
        <valueString value="template/liquid"/>
      </extension>
    </extension>
    <extension url="http://hl7.org/fhir/tools/StructureDefinition/ig-parameter">
      <extension url="code">
        <valueString value="path-liquid"/>
      </extension>
      <extension url="value">
        <valueString value="input/liquid"/>
      </extension>
    </extension>
    <extension url="http://hl7.org/fhir/tools/StructureDefinition/ig-parameter">
      <extension url="code">
        <valueString value="path-qa"/>
      </extension>
      <extension url="value">
        <valueString value="temp/qa"/>
      </extension>
    </extension>
    <extension url="http://hl7.org/fhir/tools/StructureDefinition/ig-parameter">
      <extension url="code">
        <valueString value="path-temp"/>
      </extension>
      <extension url="value">
        <valueString value="temp/pages"/>
      </extension>
    </extension>
    <extension url="http://hl7.org/fhir/tools/StructureDefinition/ig-parameter">
      <extension url="code">
        <valueString value="path-output"/>
      </extension>
      <extension url="value">
        <valueString value="output"/>
      </extension>
    </extension>
    <extension url="http://hl7.org/fhir/tools/StructureDefinition/ig-parameter">
      <extension url="code">
        <valueString value="path-suppressed-warnings"/>
      </extension>
      <extension url="value">
        <valueString value="input/ignoreWarnings.txt"/>
      </extension>
    </extension>
    <extension url="http://hl7.org/fhir/tools/StructureDefinition/ig-parameter">
      <extension url="code">
        <valueString value="template-html"/>
      </extension>
      <extension url="value">
        <valueString value="template-page.html"/>
      </extension>
    </extension>
    <extension url="http://hl7.org/fhir/tools/StructureDefinition/ig-parameter">
      <extension url="code">
        <valueString value="template-md"/>
      </extension>
      <extension url="value">
        <valueString value="template-page-md.html"/>
      </extension>
    </extension>
    <extension url="http://hl7.org/fhir/tools/StructureDefinition/ig-parameter">
      <extension url="code">
        <valueString value="apply-contact"/>
      </extension>
      <extension url="value">
        <valueString value="true"/>
      </extension>
    </extension>
    <extension url="http://hl7.org/fhir/tools/StructureDefinition/ig-parameter">
      <extension url="code">
        <valueString value="apply-context"/>
      </extension>
      <extension url="value">
        <valueString value="true"/>
      </extension>
    </extension>
    <extension url="http://hl7.org/fhir/tools/StructureDefinition/ig-parameter">
      <extension url="code">
        <valueString value="apply-copyright"/>
      </extension>
      <extension url="value">
        <valueString value="true"/>
      </extension>
    </extension>
    <extension url="http://hl7.org/fhir/tools/StructureDefinition/ig-parameter">
      <extension url="code">
        <valueString value="apply-license"/>
      </extension>
      <extension url="value">
        <valueString value="true"/>
      </extension>
    </extension>
    <extension url="http://hl7.org/fhir/tools/StructureDefinition/ig-parameter">
      <extension url="code">
        <valueString value="apply-version"/>
      </extension>
      <extension url="value">
        <valueString value="true"/>
      </extension>
    </extension>
    <extension url="http://hl7.org/fhir/tools/StructureDefinition/ig-parameter">
      <extension url="code">
        <valueString value="active-tables"/>
      </extension>
      <extension url="value">
        <valueString value="true"/>
      </extension>
    </extension>
    <resource>
      <extension url="http://hl7.org/fhir/tools/StructureDefinition/resource-information">
        <valueString value="StructureDefinition:resource"/>
      </extension>
      <extension url="http://hl7.org/fhir/StructureDefinition/implementationguide-page">
        <valueUri value="StructureDefinition-CARIN-BB-Coverage.html"/>
      </extension>
      <reference>
        <reference value="StructureDefinition/CARIN-BB-Coverage"/>
      </reference>
      <name value="CARIN BB Coverage"/>
      <description value="Data that reflect a payer&#39;s coverage that was effective as of the date of service  or the date of admission of the claim will be added to the Coverage Profile overview."/>
      <exampleBoolean value="false"/>
    </resource>
    <resource>
      <extension url="http://hl7.org/fhir/tools/StructureDefinition/resource-information">
        <valueString value="StructureDefinition:resource:abstract"/>
      </extension>
      <extension url="http://hl7.org/fhir/StructureDefinition/implementationguide-page">
        <valueUri value="StructureDefinition-CARIN-BB-ExplanationOfBenefit.html"/>
      </extension>
      <reference>
        <reference value="StructureDefinition/CARIN-BB-ExplanationOfBenefit"/>
      </reference>
      <name value="CARIN BB Explanation Of Benefit"/>
      <description value="Abstract parent profile that includes constraints that are common to the four specific ExplanationOfBenefit (EOB) profiles defined in this Implementation Guide.&#xA;All EOB instances should be from one of the four non-abstract EOB profiles defined in this Implementation Guide:  Inpatient, Outpatient, Pharmacy, and Professional/NonClinician"/>
      <exampleBoolean value="false"/>
    </resource>
    <resource>
      <extension url="http://hl7.org/fhir/tools/StructureDefinition/resource-information">
        <valueString value="StructureDefinition:resource"/>
      </extension>
      <extension url="http://hl7.org/fhir/StructureDefinition/implementationguide-page">
        <valueUri value="StructureDefinition-CARIN-BB-ExplanationOfBenefit-Inpatient-Facility.html"/>
      </extension>
      <reference>
        <reference value="StructureDefinition/CARIN-BB-ExplanationOfBenefit-Inpatient-Facility"/>
      </reference>
      <name value="CARIN BB ExplanationOfBenefit Inpatient Facility"/>
      <description value="The profile is used for Explanation of Benefits (EOBs) based on claims submitted by clinics, hospitals, skilled nursing facilities and other institutions for inpatient services, which may include the use of equipment and supplies, laboratory services, radiology services and other charges. Inpatient claims are submitted for services rendered at a facility as part of an overnight stay. &#xA;The claims data is based on the institutional claim format UB-04, submission standards adopted by the Department of Health and Human Services as form CMS-1450."/>
      <exampleBoolean value="false"/>
    </resource>
    <resource>
      <extension url="http://hl7.org/fhir/tools/StructureDefinition/resource-information">
        <valueString value="StructureDefinition:resource"/>
      </extension>
      <extension url="http://hl7.org/fhir/StructureDefinition/implementationguide-page">
        <valueUri value="StructureDefinition-CARIN-BB-ExplanationOfBenefit-Outpatient-Facility.html"/>
      </extension>
      <reference>
        <reference value="StructureDefinition/CARIN-BB-ExplanationOfBenefit-Outpatient-Facility"/>
      </reference>
      <name value="CARIN BB ExplanationOfBenefit Outpatient Facility"/>
      <description value="This profile is used for Explanation of Benefits (EOBs) based on claims submitted by clinics, hospitals, skilled nursing facilities and other institutions for outpatient services, which may include including the use of equipment and supplies, laboratory services, radiology services and other charges. Outpatient claims are submitted for services rendered at a facility that are not part of an overnight stay. &#xA;The claims data is based on the institutional claim form UB-04, submission standards adopted by the Department of Health and Human Services as form CMS-1450."/>
      <exampleBoolean value="false"/>
    </resource>
    <resource>
      <extension url="http://hl7.org/fhir/tools/StructureDefinition/resource-information">
        <valueString value="StructureDefinition:resource"/>
      </extension>
      <extension url="http://hl7.org/fhir/StructureDefinition/implementationguide-page">
        <valueUri value="StructureDefinition-CARIN-BB-ExplanationOfBenefit-Pharmacy.html"/>
      </extension>
      <reference>
        <reference value="StructureDefinition/CARIN-BB-ExplanationOfBenefit-Pharmacy"/>
      </reference>
      <name value="CARIN BB ExplanationOfBenefit Pharmacy"/>
      <description value="This profile is used for Explanation of Benefits (EOBs) based on claims submitted by retail pharmacies. &#xA;The claims data is based on submission standards adopted by the Department of Health and Human Services defined by NCPDP (National Council for Prescription Drug Program)"/>
      <exampleBoolean value="false"/>
    </resource>
    <resource>
      <extension url="http://hl7.org/fhir/tools/StructureDefinition/resource-information">
        <valueString value="StructureDefinition:resource"/>
      </extension>
      <extension url="http://hl7.org/fhir/StructureDefinition/implementationguide-page">
        <valueUri value="StructureDefinition-CARIN-BB-ExplanationOfBenefit-Professional-NonClinician.html"/>
      </extension>
      <reference>
        <reference value="StructureDefinition/CARIN-BB-ExplanationOfBenefit-Professional-NonClinician"/>
      </reference>
      <name value="CARIN BB ExplanationOfBenefit Professional NonClinician"/>
      <description value="This profile is used for Explanation of Benefits (EOBs) based on claims submitted by physicians, suppliers and other non-institutional providers for professional services. These services may be rendered in inpatient or outpatient, including office locations. &#xA;The claims data is based on the professional claim form 1500, submission standards adopted by the Department of Health and Human Services as form CMS-1500."/>
      <exampleBoolean value="false"/>
    </resource>
    <resource>
      <extension url="http://hl7.org/fhir/tools/StructureDefinition/resource-information">
        <valueString value="StructureDefinition:resource"/>
      </extension>
      <extension url="http://hl7.org/fhir/StructureDefinition/implementationguide-page">
        <valueUri value="StructureDefinition-CARIN-BB-Organization.html"/>
      </extension>
      <reference>
        <reference value="StructureDefinition/CARIN-BB-Organization"/>
      </reference>
      <name value="CARIN BB Organization"/>
      <description value="This profile builds upon the US Core Organization profile. It is used to convey a payer or provider organization may be updated to include service facility pending resolution of FHIR-26705.&#xA;."/>
      <exampleBoolean value="false"/>
    </resource>
    <resource>
      <extension url="http://hl7.org/fhir/tools/StructureDefinition/resource-information">
        <valueString value="StructureDefinition:resource"/>
      </extension>
      <extension url="http://hl7.org/fhir/StructureDefinition/implementationguide-page">
        <valueUri value="StructureDefinition-CARIN-BB-Patient.html"/>
      </extension>
      <reference>
        <reference value="StructureDefinition/CARIN-BB-Patient"/>
      </reference>
      <name value="CARIN BB Patient"/>
      <description value="This profile builds upon the US Core Organization profile. It is used to convey patient information about the patient who received the services described on the claim."/>
      <exampleBoolean value="false"/>
    </resource>
    <resource>
      <extension url="http://hl7.org/fhir/tools/StructureDefinition/resource-information">
        <valueString value="StructureDefinition:resource"/>
      </extension>
      <extension url="http://hl7.org/fhir/StructureDefinition/implementationguide-page">
        <valueUri value="StructureDefinition-CARIN-BB-Practitioner.html"/>
      </extension>
      <reference>
        <reference value="StructureDefinition/CARIN-BB-Practitioner"/>
      </reference>
      <name value="CARIN BB Practitioner"/>
      <description value="This profile builds upon the US Core Organization profile. It is used to convey patient information about the patient who received the services described on the claim."/>
      <exampleBoolean value="false"/>
    </resource>
    <resource>
      <extension url="http://hl7.org/fhir/tools/StructureDefinition/resource-information">
        <valueString value="ValueSet"/>
      </extension>
      <extension url="http://hl7.org/fhir/StructureDefinition/implementationguide-page">
        <valueUri value="ValueSet-AHANUBCPatientDischargeStatus.html"/>
      </extension>
      <reference>
        <reference value="ValueSet/AHANUBCPatientDischargeStatus"/>
      </reference>
      <name value="AHA NUBC Patient Discharge Status"/>
      <description value="UB-04 Patient Discharge Status (FL-17)"/>
      <exampleBoolean value="false"/>
    </resource>
    <resource>
      <extension url="http://hl7.org/fhir/tools/StructureDefinition/resource-information">
        <valueString value="ValueSet"/>
      </extension>
      <extension url="http://hl7.org/fhir/StructureDefinition/implementationguide-page">
        <valueUri value="ValueSet-AHANUBCPointOfOriginForAdmissionOrVisit.html"/>
      </extension>
      <reference>
        <reference value="ValueSet/AHANUBCPointOfOriginForAdmissionOrVisit"/>
      </reference>
      <name value="UB-04 Point of Origin for Admission or Visit (FL-15)"/>
      <description value="NUBC Point of Origin for Admission or Visit."/>
      <exampleBoolean value="false"/>
    </resource>
    <resource>
      <extension url="http://hl7.org/fhir/tools/StructureDefinition/resource-information">
        <valueString value="ValueSet"/>
      </extension>
      <extension url="http://hl7.org/fhir/StructureDefinition/implementationguide-page">
        <valueUri value="ValueSet-AHANUBCPresentOnAdmission.html"/>
      </extension>
      <reference>
        <reference value="ValueSet/AHANUBCPresentOnAdmission"/>
      </reference>
      <name value="AHA NUBC Present On Admission"/>
      <description value="UB-04 Present on Admission (FL-67)"/>
      <exampleBoolean value="false"/>
    </resource>
    <resource>
      <extension url="http://hl7.org/fhir/tools/StructureDefinition/resource-information">
        <valueString value="ValueSet"/>
      </extension>
      <extension url="http://hl7.org/fhir/StructureDefinition/implementationguide-page">
        <valueUri value="ValueSet-AHANUBCPriorityTypeOfAdmissionOrVisit.html"/>
      </extension>
      <reference>
        <reference value="ValueSet/AHANUBCPriorityTypeOfAdmissionOrVisit"/>
      </reference>
      <name value="AHA NUBC Priority Type Of Admission Or Visit"/>
      <description value="AHA NUBC Priority Type Of Admission Or Visit"/>
      <exampleBoolean value="false"/>
    </resource>
    <resource>
      <extension url="http://hl7.org/fhir/tools/StructureDefinition/resource-information">
        <valueString value="ValueSet"/>
      </extension>
      <extension url="http://hl7.org/fhir/StructureDefinition/implementationguide-page">
        <valueUri value="ValueSet-AHANUBCRevenueCodes.html"/>
      </extension>
      <reference>
        <reference value="ValueSet/AHANUBCRevenueCodes"/>
      </reference>
      <name value="UB-04 Revenue Code (FL-42)."/>
      <description value="NUBC Revenue codes are used to convey specific accomodation, ancillary service or unique billing calculations or arrangements. They are listed within the UB-04 Data Specifications Manual and maintained by the National Uniform Billing Committee (NUBC)"/>
      <exampleBoolean value="false"/>
    </resource>
    <resource>
      <extension url="http://hl7.org/fhir/tools/StructureDefinition/resource-information">
        <valueString value="ValueSet"/>
      </extension>
      <extension url="http://hl7.org/fhir/StructureDefinition/implementationguide-page">
        <valueUri value="ValueSet-AHANUBCTypeOfBill.html"/>
      </extension>
      <reference>
        <reference value="ValueSet/AHANUBCTypeOfBill"/>
      </reference>
      <name value="UB-04 Type of Bill (FL-4)"/>
      <description value="AHA NUBC Type of Bill codes."/>
      <exampleBoolean value="false"/>
    </resource>
    <resource>
      <extension url="http://hl7.org/fhir/tools/StructureDefinition/resource-information">
        <valueString value="ValueSet"/>
      </extension>
      <extension url="http://hl7.org/fhir/StructureDefinition/implementationguide-page">
        <valueUri value="ValueSet-AMACPTCMSHCPCSProcedureCodes.html"/>
      </extension>
      <reference>
        <reference value="ValueSet/AMACPTCMSHCPCSProcedureCodes"/>
      </reference>
      <name value="AMA CPT and CMS HCPCS Procedure Codes"/>
      <description value="AMA CPT and CMS HCPCS Procedure Codes. The Value Set is a combination of two Code Systems: CPT (HCPCS I) and HCPCS II procedure codes. They are submitted by providers to payers to convey the specific procedure performed.&#xA;AMA CPT CMS HCPCS Procedure Codes leverage US Core Procedure Codes composition.CPT codes are available by subscription from the AMA at http://www.ama-assn.org/go/cpt.  HCPCS codes are available at https://www.cms.gov/Medicare/Coding/HCPCSReleaseCodeSets/Alpha-Numeric-HCPCS.html. &#xA;The link takes one to a list of files. The HCPCS ANWEB files include modifier and procedure codes. The target set for this Code System is the procedure codes from this file. The code set is owned by CMS and is available for use."/>
      <exampleBoolean value="false"/>
    </resource>
    <resource>
      <extension url="http://hl7.org/fhir/tools/StructureDefinition/resource-information">
        <valueString value="ValueSet"/>
      </extension>
      <extension url="http://hl7.org/fhir/StructureDefinition/implementationguide-page">
        <valueUri value="ValueSet-AMACPTCMSHCPCSProcedureModifiers.html"/>
      </extension>
      <reference>
        <reference value="ValueSet/AMACPTCMSHCPCSProcedureModifiers"/>
      </reference>
      <name value="AMA CPT and CMS HCPCS Modifier Codes"/>
      <description value="AMA CPT and CMS HCPCS Modifier Codes. The Value Set is a combination of two Code Systems: CPT (HCPCS I) and HCPCS II procedure code modifiers. Modifiers help further describe a procedure code without changing its definition. &#xA;CPT modifiers are available by subscription from the AMA at http://www.ama-assn.org/go/cpt. HCPCS modifiers are available at https://www.cms.gov/Medicare/Coding/HCPCSReleaseCodeSets/Alpha-Numeric-HCPCS.html. The link takes one to a list of files. The HCPCS ANWEB files include modifier and procedure codes. &#xA;The target set for this Code System is the procedure code modifiers from this file. The code set is owned by CMS and is available for use."/>
      <exampleBoolean value="false"/>
    </resource>
    <resource>
      <extension url="http://hl7.org/fhir/tools/StructureDefinition/resource-information">
        <valueString value="ValueSet"/>
      </extension>
      <extension url="http://hl7.org/fhir/StructureDefinition/implementationguide-page">
        <valueUri value="ValueSet-AdjudicationCarinBBValueCodes.html"/>
      </extension>
      <reference>
        <reference value="ValueSet/AdjudicationCarinBBValueCodes"/>
      </reference>
      <name value="Adjudication CARINBB Value Codes"/>
      <description value="As per Jira FHIR-26992... HL7 Requested to fix HL7 Adjudication codesystem"/>
      <exampleBoolean value="false"/>
    </resource>
    <resource>
      <extension url="http://hl7.org/fhir/tools/StructureDefinition/resource-information">
        <valueString value="ValueSet"/>
      </extension>
      <extension url="http://hl7.org/fhir/StructureDefinition/implementationguide-page">
        <valueUri value="ValueSet-AdjudicationValueCodes.html"/>
      </extension>
      <reference>
        <reference value="ValueSet/AdjudicationValueCodes"/>
      </reference>
      <name value="Benefit Payment Status Category"/>
      <description value="Benefit Payment Status Category"/>
      <exampleBoolean value="false"/>
    </resource>
    <resource>
      <extension url="http://hl7.org/fhir/tools/StructureDefinition/resource-information">
        <valueString value="ValueSet"/>
      </extension>
      <extension url="http://hl7.org/fhir/StructureDefinition/implementationguide-page">
        <valueUri value="ValueSet-BenefitPaymentStatus.html"/>
      </extension>
      <reference>
        <reference value="ValueSet/BenefitPaymentStatus"/>
      </reference>
      <name value="Benefit Payment Status"/>
      <description value="Indicates the in network or out of network payment status of the claim."/>
      <exampleBoolean value="false"/>
    </resource>
    <resource>
      <extension url="http://hl7.org/fhir/tools/StructureDefinition/resource-information">
        <valueString value="ValueSet"/>
      </extension>
      <extension url="http://hl7.org/fhir/StructureDefinition/implementationguide-page">
        <valueUri value="ValueSet-CARINBBInstitutionalClaimCareTeamRoleCodes.html"/>
      </extension>
      <reference>
        <reference value="ValueSet/CARINBBInstitutionalClaimCareTeamRoleCodes"/>
      </reference>
      <name value="CARINBB Institutional Claim Care Team Roles"/>
      <description value="Indicates the role of the provider providing the care."/>
      <exampleBoolean value="false"/>
    </resource>
    <resource>
      <extension url="http://hl7.org/fhir/tools/StructureDefinition/resource-information">
        <valueString value="ValueSet"/>
      </extension>
      <extension url="http://hl7.org/fhir/StructureDefinition/implementationguide-page">
        <valueUri value="ValueSet-CARINBBPharmacyClaimCareTeamRoleCodes.html"/>
      </extension>
      <reference>
        <reference value="ValueSet/CARINBBPharmacyClaimCareTeamRoleCodes"/>
      </reference>
      <name value="CARINBB Pharmacy CareTeam Roles"/>
      <description value="Indicates the role of the provider providing the care."/>
      <exampleBoolean value="false"/>
    </resource>
    <resource>
      <extension url="http://hl7.org/fhir/tools/StructureDefinition/resource-information">
        <valueString value="ValueSet"/>
      </extension>
      <extension url="http://hl7.org/fhir/StructureDefinition/implementationguide-page">
        <valueUri value="ValueSet-CARINBBProfessionalAndNonclinicanClaimCareTeamRoleCodes.html"/>
      </extension>
      <reference>
        <reference value="ValueSet/CARINBBProfessionalAndNonclinicanClaimCareTeamRoleCodes"/>
      </reference>
      <name value="CARINBB Professional and Non-Clinician CareTeam Roles"/>
      <description value="Indicates the role of the provider providing the care."/>
      <exampleBoolean value="false"/>
    </resource>
    <resource>
      <extension url="http://hl7.org/fhir/tools/StructureDefinition/resource-information">
        <valueString value="ValueSet"/>
      </extension>
      <extension url="http://hl7.org/fhir/StructureDefinition/implementationguide-page">
        <valueUri value="ValueSet-CMSDRG.html"/>
      </extension>
      <reference>
        <reference value="ValueSet/CMSDRG"/>
      </reference>
      <name value="CMS-DRG"/>
      <description value="Diagnosis Related Group - any of the payment categories that are used to classify patients and especially Medicare patients for the purpose of reimbursing hospitals for each case in a &#xA;given category with a fixed fee regardless of the actual costs incurred (Other DRGs, such as AP-DRGs, requires defining their specific Value Sets and Code Systems.) &#xA;https://www.cms.gov/Medicare/Medicare-Fee-for-Service-Payment/AcuteInpatientPPS/MS-DRG-Classifications-and-Software.html This link takes one to a list of files. The code set is owned by CMS and is available for use."/>
      <exampleBoolean value="false"/>
    </resource>
    <resource>
      <extension url="http://hl7.org/fhir/tools/StructureDefinition/resource-information">
        <valueString value="ValueSet"/>
      </extension>
      <extension url="http://hl7.org/fhir/StructureDefinition/implementationguide-page">
        <valueUri value="ValueSet-CMSPlaceOfService.html"/>
      </extension>
      <reference>
        <reference value="ValueSet/CMSPlaceOfService"/>
      </reference>
      <name value="CMS Place of Service"/>
      <description value="Place of Service codes are placed on health care professional claims to indicate the setting in which a service was provided. https://www.cms.gov/Medicare/Coding/place-of-service-codes/Place_of_Service_Code_Set.html. The link takes one to the Place of Service list as an html document; it is not a file to which an IG can be bound."/>
      <exampleBoolean value="false"/>
    </resource>
    <resource>
      <extension url="http://hl7.org/fhir/tools/StructureDefinition/resource-information">
        <valueString value="ValueSet"/>
      </extension>
      <extension url="http://hl7.org/fhir/StructureDefinition/implementationguide-page">
        <valueUri value="ValueSet-ClaimAdjudicationCategory.html"/>
      </extension>
      <reference>
        <reference value="ValueSet/ClaimAdjudicationCategory"/>
      </reference>
      <name value="Claim Adjudication Category"/>
      <description value="Values for EOB.item.adjudication.category"/>
      <exampleBoolean value="false"/>
    </resource>
    <resource>
      <extension url="http://hl7.org/fhir/tools/StructureDefinition/resource-information">
        <valueString value="ValueSet"/>
      </extension>
      <extension url="http://hl7.org/fhir/StructureDefinition/implementationguide-page">
        <valueUri value="ValueSet-ClaimInformationCategory.html"/>
      </extension>
      <reference>
        <reference value="ValueSet/ClaimInformationCategory"/>
      </reference>
      <name value="Claim Information Category"/>
      <description value="Claim Information Category - Used as the discriminator for supportingInfo"/>
      <exampleBoolean value="false"/>
    </resource>
    <resource>
      <extension url="http://hl7.org/fhir/tools/StructureDefinition/resource-information">
        <valueString value="ValueSet"/>
      </extension>
      <extension url="http://hl7.org/fhir/StructureDefinition/implementationguide-page">
        <valueUri value="ValueSet-ClaimPaymentStatusCode.html"/>
      </extension>
      <reference>
        <reference value="ValueSet/ClaimPaymentStatusCode"/>
      </reference>
      <name value="Claim Payment Status Code"/>
      <description value="Indicates whether the claim / item was paid or denied."/>
      <exampleBoolean value="false"/>
    </resource>
    <resource>
      <extension url="http://hl7.org/fhir/tools/StructureDefinition/resource-information">
        <valueString value="ValueSet"/>
      </extension>
      <extension url="http://hl7.org/fhir/StructureDefinition/implementationguide-page">
        <valueUri value="ValueSet-FDANDCNCPDPCompoundCode.html"/>
      </extension>
      <reference>
        <reference value="ValueSet/FDANDCNCPDPCompoundCode"/>
      </reference>
      <name value="FDA NDC NCPDP Compound Code"/>
      <description value="NCPDP field # 407-D7 (National Drug Code (NDC)) or NCPDP field # 406-D6 (Compound Code)"/>
      <exampleBoolean value="false"/>
    </resource>
    <resource>
      <extension url="http://hl7.org/fhir/tools/StructureDefinition/resource-information">
        <valueString value="ValueSet"/>
      </extension>
      <extension url="http://hl7.org/fhir/StructureDefinition/implementationguide-page">
        <valueUri value="ValueSet-FDANationalDrugCode.html"/>
      </extension>
      <reference>
        <reference value="ValueSet/FDANationalDrugCode"/>
      </reference>
      <name value="FDA National Drug Code (NDC)"/>
      <description value="FDA National Drug Code (NDC)"/>
      <exampleBoolean value="false"/>
    </resource>
    <resource>
      <extension url="http://hl7.org/fhir/tools/StructureDefinition/resource-information">
        <valueString value="ValueSet"/>
      </extension>
      <extension url="http://hl7.org/fhir/StructureDefinition/implementationguide-page">
        <valueUri value="ValueSet-ICD10CM.html"/>
      </extension>
      <reference>
        <reference value="ValueSet/ICD10CM"/>
      </reference>
      <name value="ICD-10-CM Diagnosis Codes"/>
      <description value="ICD-10-CM Diagnosis Codes."/>
      <exampleBoolean value="false"/>
    </resource>
    <resource>
      <extension url="http://hl7.org/fhir/tools/StructureDefinition/resource-information">
        <valueString value="ValueSet"/>
      </extension>
      <extension url="http://hl7.org/fhir/StructureDefinition/implementationguide-page">
        <valueUri value="ValueSet-ICD10PCS.html"/>
      </extension>
      <reference>
        <reference value="ValueSet/ICD10PCS"/>
      </reference>
      <name value="ICD-10-PCS"/>
      <description value="ICD-10-PCS"/>
      <exampleBoolean value="false"/>
    </resource>
    <resource>
      <extension url="http://hl7.org/fhir/tools/StructureDefinition/resource-information">
        <valueString value="ValueSet"/>
      </extension>
      <extension url="http://hl7.org/fhir/StructureDefinition/implementationguide-page">
        <valueUri value="ValueSet-NCPDPBrandGenericCode.html"/>
      </extension>
      <reference>
        <reference value="ValueSet/NCPDPBrandGenericCode"/>
      </reference>
      <name value="NCPDP Brand Generic Code"/>
      <description value="Indicates whether the plan adjudicated the claim as a brand or generic drug. NCPDP field # 686."/>
      <exampleBoolean value="false"/>
    </resource>
    <resource>
      <extension url="http://hl7.org/fhir/tools/StructureDefinition/resource-information">
        <valueString value="ValueSet"/>
      </extension>
      <extension url="http://hl7.org/fhir/StructureDefinition/implementationguide-page">
        <valueUri value="ValueSet-NCPDPCompoundCode.html"/>
      </extension>
      <reference>
        <reference value="ValueSet/NCPDPCompoundCode"/>
      </reference>
      <name value="NCPDP Compound Code"/>
      <description value="Indicates whether or not the prescription is a compound NCPDP field # 406-D6."/>
      <exampleBoolean value="false"/>
    </resource>
    <resource>
      <extension url="http://hl7.org/fhir/tools/StructureDefinition/resource-information">
        <valueString value="ValueSet"/>
      </extension>
      <extension url="http://hl7.org/fhir/StructureDefinition/implementationguide-page">
        <valueUri value="ValueSet-NCPDPDispensedAsWritten.html"/>
      </extension>
      <reference>
        <reference value="ValueSet/NCPDPDispensedAsWritten"/>
      </reference>
      <name value="NCPDP Dispensed As Written Or Product Selection Code"/>
      <description value="Prescriber&#39;s instruction regarding substitution of generic equivalents or order to dispense the specific prescribed medication. NCPDP field # 408-D8."/>
      <exampleBoolean value="false"/>
    </resource>
    <resource>
      <extension url="http://hl7.org/fhir/tools/StructureDefinition/resource-information">
        <valueString value="ValueSet"/>
      </extension>
      <extension url="http://hl7.org/fhir/StructureDefinition/implementationguide-page">
        <valueUri value="ValueSet-NCPDPPrescriptionOriginCode.html"/>
      </extension>
      <reference>
        <reference value="ValueSet/NCPDPPrescriptionOriginCode"/>
      </reference>
      <name value="NCPDP Prescription Origin Code"/>
      <description value="Indicates whether the prescription was transmitted as an electronic prescription, by phone, by fax, or as a written paper copy. NCPDP field # 419-DJ."/>
      <exampleBoolean value="false"/>
    </resource>
    <resource>
      <extension url="http://hl7.org/fhir/tools/StructureDefinition/resource-information">
        <valueString value="ValueSet"/>
      </extension>
      <extension url="http://hl7.org/fhir/StructureDefinition/implementationguide-page">
        <valueUri value="ValueSet-PatientIdentifierType.html"/>
      </extension>
      <reference>
        <reference value="ValueSet/PatientIdentifierType"/>
      </reference>
      <name value="Patient Identifier Type"/>
      <description value="Patient Identifier Type"/>
      <exampleBoolean value="false"/>
    </resource>
    <resource>
      <extension url="http://hl7.org/fhir/tools/StructureDefinition/resource-information">
        <valueString value="ValueSet"/>
      </extension>
      <extension url="http://hl7.org/fhir/StructureDefinition/implementationguide-page">
        <valueUri value="ValueSet-PayerAdjudicationAmountCategory.html"/>
      </extension>
      <reference>
        <reference value="ValueSet/PayerAdjudicationAmountCategory"/>
      </reference>
      <name value="Payer Adjudication Amount Category"/>
      <description value="This describes the various amount fields used when payers receive and adjudicate a claim."/>
      <exampleBoolean value="false"/>
    </resource>
    <resource>
      <extension url="http://hl7.org/fhir/tools/StructureDefinition/resource-information">
        <valueString value="ValueSet"/>
      </extension>
      <extension url="http://hl7.org/fhir/StructureDefinition/implementationguide-page">
        <valueUri value="ValueSet-PayerDiagnosisPresentOnAdmissionDiagnosisType.html"/>
      </extension>
      <reference>
        <reference value="ValueSet/PayerDiagnosisPresentOnAdmissionDiagnosisType"/>
      </reference>
      <name value="Payer Diagnosis Present On Admission Diagnosis Type"/>
      <description value="Payer Diagnosis Present On Admission Diagnosis Type"/>
      <exampleBoolean value="false"/>
    </resource>
    <resource>
      <extension url="http://hl7.org/fhir/tools/StructureDefinition/resource-information">
        <valueString value="ValueSet"/>
      </extension>
      <extension url="http://hl7.org/fhir/StructureDefinition/implementationguide-page">
        <valueUri value="ValueSet-PayerInpatientinstitutionaldiagnosistype.html"/>
      </extension>
      <reference>
        <reference value="ValueSet/PayerInpatientinstitutionaldiagnosistype"/>
      </reference>
      <name value="Diagnosis Type -- Inpatient Facility"/>
      <description value="Payer Inpatient Facility Diagnosis Type"/>
      <exampleBoolean value="false"/>
    </resource>
    <resource>
      <extension url="http://hl7.org/fhir/tools/StructureDefinition/resource-information">
        <valueString value="ValueSet"/>
      </extension>
      <extension url="http://hl7.org/fhir/StructureDefinition/implementationguide-page">
        <valueUri value="ValueSet-PayerOutpatientinstitutionaldiagnosistype.html"/>
      </extension>
      <reference>
        <reference value="ValueSet/PayerOutpatientinstitutionaldiagnosistype"/>
      </reference>
      <name value="Diagnosis Type -- Outpatient Facility"/>
      <description value="Payer Outpatient Facility Diagnosis Type"/>
      <exampleBoolean value="false"/>
    </resource>
    <resource>
      <extension url="http://hl7.org/fhir/tools/StructureDefinition/resource-information">
        <valueString value="ValueSet"/>
      </extension>
      <extension url="http://hl7.org/fhir/StructureDefinition/implementationguide-page">
        <valueUri value="ValueSet-PayerProfessionalandnoncliniciandiagnosistype.html"/>
      </extension>
      <reference>
        <reference value="ValueSet/PayerProfessionalandnoncliniciandiagnosistype"/>
      </reference>
      <name value="Diagnosis Type -- Professional and Non-Clinician"/>
      <description value="Payer Professional and Non-Clinician Diagnosis Type"/>
      <exampleBoolean value="false"/>
    </resource>
    <resource>
      <extension url="http://hl7.org/fhir/tools/StructureDefinition/resource-information">
        <valueString value="ValueSet"/>
      </extension>
      <extension url="http://hl7.org/fhir/StructureDefinition/implementationguide-page">
        <valueUri value="ValueSet-PayerProviderContractingStatus.html"/>
      </extension>
      <reference>
        <reference value="ValueSet/PayerProviderContractingStatus"/>
      </reference>
      <name value="Provider Provider Contracting Status"/>
      <description value="Indicates that the Provider has a contract with the Plan (regardless of the network) as of the effective date of service or admission."/>
      <exampleBoolean value="false"/>
    </resource>
    <resource>
      <extension url="http://hl7.org/fhir/tools/StructureDefinition/resource-information">
        <valueString value="ValueSet"/>
      </extension>
      <extension url="http://hl7.org/fhir/StructureDefinition/implementationguide-page">
        <valueUri value="ValueSet-X12CARCCMSRARC.html"/>
      </extension>
      <reference>
        <reference value="ValueSet/X12CARCCMSRARC"/>
      </reference>
      <name value=" X12 Claim Adjustment Reason Codes (CARC) and CMS Remittance Advice Remark Codes (RARC)"/>
      <description value="Reason codes used to interpret the adjudication denial reason.  RARC codes are available at http://www.wpc-edi.com/reference/codelists/healthcare/remittance-advice-remark-codes."/>
      <exampleBoolean value="false"/>
    </resource>
    <resource>
      <extension url="http://hl7.org/fhir/tools/StructureDefinition/resource-information">
        <valueString value="CodeSystem"/>
      </extension>
      <extension url="http://hl7.org/fhir/StructureDefinition/implementationguide-page">
        <valueUri value="CodeSystem-AHANUBCPatientDischargeStatusCS.html"/>
      </extension>
      <reference>
        <reference value="CodeSystem/AHANUBCPatientDischargeStatusCS"/>
      </reference>
      <name value="AHA NUBC Discharge Status"/>
      <description value="UB-04 Patient Discharge Status (FL-17)"/>
      <exampleBoolean value="false"/>
    </resource>
    <resource>
      <extension url="http://hl7.org/fhir/tools/StructureDefinition/resource-information">
        <valueString value="CodeSystem"/>
      </extension>
      <extension url="http://hl7.org/fhir/StructureDefinition/implementationguide-page">
        <valueUri value="CodeSystem-AHANUBCPointOfOriginForAdmissionOrVisitCS.html"/>
      </extension>
      <reference>
        <reference value="CodeSystem/AHANUBCPointOfOriginForAdmissionOrVisitCS"/>
      </reference>
      <name value="AHA NUBC Point Of Origin For Admission Or Visit"/>
      <description value="UB-04 Point of Origin for Admission or Visit (FL-15)"/>
      <exampleBoolean value="false"/>
    </resource>
    <resource>
      <extension url="http://hl7.org/fhir/tools/StructureDefinition/resource-information">
        <valueString value="CodeSystem"/>
      </extension>
      <extension url="http://hl7.org/fhir/StructureDefinition/implementationguide-page">
        <valueUri value="CodeSystem-AHANUBCPresentOnAdmissionCS.html"/>
      </extension>
      <reference>
        <reference value="CodeSystem/AHANUBCPresentOnAdmissionCS"/>
      </reference>
      <name value="AHA NUBC PresentOn Admission"/>
      <description value="UB-04 Present on Admission (FL-67)."/>
      <exampleBoolean value="false"/>
    </resource>
    <resource>
      <extension url="http://hl7.org/fhir/tools/StructureDefinition/resource-information">
        <valueString value="CodeSystem"/>
      </extension>
      <extension url="http://hl7.org/fhir/StructureDefinition/implementationguide-page">
        <valueUri value="CodeSystem-AHANUBCPriorityTypeOfAdmissionOrVisitCS.html"/>
      </extension>
      <reference>
        <reference value="CodeSystem/AHANUBCPriorityTypeOfAdmissionOrVisitCS"/>
      </reference>
      <name value="AHA NUBC Priority Type Of Admission Or Visit"/>
      <description value="UB-04 Priority (Type) of Admission or Visit (FL-14)."/>
      <exampleBoolean value="false"/>
    </resource>
    <resource>
      <extension url="http://hl7.org/fhir/tools/StructureDefinition/resource-information">
        <valueString value="CodeSystem"/>
      </extension>
      <extension url="http://hl7.org/fhir/StructureDefinition/implementationguide-page">
        <valueUri value="CodeSystem-AHANUBCRevenueCodesCS.html"/>
      </extension>
      <reference>
        <reference value="CodeSystem/AHANUBCRevenueCodesCS"/>
      </reference>
      <name value="AHA NUBC Revenue Codes"/>
      <description value="UB-04 Revenue Code (FL-42)."/>
      <exampleBoolean value="false"/>
    </resource>
    <resource>
      <extension url="http://hl7.org/fhir/tools/StructureDefinition/resource-information">
        <valueString value="CodeSystem"/>
      </extension>
      <extension url="http://hl7.org/fhir/StructureDefinition/implementationguide-page">
        <valueUri value="CodeSystem-AHANUBCTypeOfBillCS.html"/>
      </extension>
      <reference>
        <reference value="CodeSystem/AHANUBCTypeOfBillCS"/>
      </reference>
      <name value="AHA NUBC Type of Bill"/>
      <description value="AHA NUBC Type of Bill codes."/>
      <exampleBoolean value="false"/>
    </resource>
    <resource>
      <extension url="http://hl7.org/fhir/tools/StructureDefinition/resource-information">
        <valueString value="CodeSystem"/>
      </extension>
      <extension url="http://hl7.org/fhir/StructureDefinition/implementationguide-page">
        <valueUri value="CodeSystem-AMACPTCS.html"/>
      </extension>
      <reference>
        <reference value="CodeSystem/AMACPTCS"/>
      </reference>
      <name value="AMA CPT"/>
      <description value="American Medical Association (AMA) Current Procedural Codes (CPT)"/>
      <exampleBoolean value="false"/>
    </resource>
    <resource>
      <extension url="http://hl7.org/fhir/tools/StructureDefinition/resource-information">
        <valueString value="CodeSystem"/>
      </extension>
      <extension url="http://hl7.org/fhir/StructureDefinition/implementationguide-page">
        <valueUri value="CodeSystem-AMACPTModifiersCS.html"/>
      </extension>
      <reference>
        <reference value="CodeSystem/AMACPTModifiersCS"/>
      </reference>
      <name value="AMA CPT Modifiers"/>
      <description value="American Medical Association (AMA) Current Procedural Codes (CPT) Modifiers"/>
      <exampleBoolean value="false"/>
    </resource>
    <resource>
      <extension url="http://hl7.org/fhir/tools/StructureDefinition/resource-information">
        <valueString value="CodeSystem"/>
      </extension>
      <extension url="http://hl7.org/fhir/StructureDefinition/implementationguide-page">
        <valueUri value="CodeSystem-CMSDRGCS.html"/>
      </extension>
      <reference>
        <reference value="CodeSystem/CMSDRGCS"/>
      </reference>
      <name value="CMS Diagnosis Related Group (DRG)"/>
      <description value="Diagnosis Related Group - any of the payment categories that are used to classify patients and especially Medicare patients for the purpose of reimbursing hospitals for each case in a given &#xA;category with a fixed fee regardless of the actual costs incurred (Other DRGs, such as AP-DRGs, requires defining their specific Value Sets and Code Systems.)"/>
      <exampleBoolean value="false"/>
    </resource>
    <resource>
      <extension url="http://hl7.org/fhir/tools/StructureDefinition/resource-information">
        <valueString value="CodeSystem"/>
      </extension>
      <extension url="http://hl7.org/fhir/StructureDefinition/implementationguide-page">
        <valueUri value="CodeSystem-CMSPlaceOfServiceCS.html"/>
      </extension>
      <reference>
        <reference value="CodeSystem/CMSPlaceOfServiceCS"/>
      </reference>
      <name value="CMS Place of Service"/>
      <description value="Place of Service codes are placed on health care professional claims to indicate the setting in which a service was provided"/>
      <exampleBoolean value="false"/>
    </resource>
    <resource>
      <extension url="http://hl7.org/fhir/tools/StructureDefinition/resource-information">
        <valueString value="CodeSystem"/>
      </extension>
      <extension url="http://hl7.org/fhir/StructureDefinition/implementationguide-page">
        <valueUri value="CodeSystem-CMSRARCCS.html"/>
      </extension>
      <reference>
        <reference value="CodeSystem/CMSRARCCS"/>
      </reference>
      <name value="CMS Remittance Advice Remark Codes (RARC)"/>
      <description value="Denial Reasons - Reason codes used to interpret the adjudication denial reason"/>
      <exampleBoolean value="false"/>
    </resource>
    <resource>
      <extension url="http://hl7.org/fhir/tools/StructureDefinition/resource-information">
        <valueString value="CodeSystem"/>
      </extension>
      <extension url="http://hl7.org/fhir/StructureDefinition/implementationguide-page">
        <valueUri value="CodeSystem-CareTeamRoleCS.html"/>
      </extension>
      <reference>
        <reference value="CodeSystem/CareTeamRoleCS"/>
      </reference>
      <name value="Payer Provider Role"/>
      <description value="Payer Provider Role"/>
      <exampleBoolean value="false"/>
    </resource>
    <resource>
      <extension url="http://hl7.org/fhir/tools/StructureDefinition/resource-information">
        <valueString value="CodeSystem"/>
      </extension>
      <extension url="http://hl7.org/fhir/StructureDefinition/implementationguide-page">
        <valueUri value="CodeSystem-ClaimAdjudicationCategoryCS.html"/>
      </extension>
      <reference>
        <reference value="CodeSystem/ClaimAdjudicationCategoryCS"/>
      </reference>
      <name value="Claim Adjudication Category"/>
      <description value="Values for EOB.item.adjudication.category and total.category"/>
      <exampleBoolean value="false"/>
    </resource>
    <resource>
      <extension url="http://hl7.org/fhir/tools/StructureDefinition/resource-information">
        <valueString value="CodeSystem"/>
      </extension>
      <extension url="http://hl7.org/fhir/StructureDefinition/implementationguide-page">
        <valueUri value="CodeSystem-ClaimInformationCategoryCS.html"/>
      </extension>
      <reference>
        <reference value="CodeSystem/ClaimInformationCategoryCS"/>
      </reference>
      <name value="Claim Information Category"/>
      <description value="Claim Information Category - Used as the discriminator for supportingInfo"/>
      <exampleBoolean value="false"/>
    </resource>
    <resource>
      <extension url="http://hl7.org/fhir/tools/StructureDefinition/resource-information">
        <valueString value="CodeSystem"/>
      </extension>
      <extension url="http://hl7.org/fhir/StructureDefinition/implementationguide-page">
        <valueUri value="CodeSystem-FDANationalDrugCodeCS.html"/>
      </extension>
      <reference>
        <reference value="CodeSystem/FDANationalDrugCodeCS"/>
      </reference>
      <name value="FDA National Drug Code (NDC)"/>
      <description value="NCPDP field # 407-D7 National Drug Code (NDC)"/>
      <exampleBoolean value="false"/>
    </resource>
    <resource>
      <extension url="http://hl7.org/fhir/tools/StructureDefinition/resource-information">
        <valueString value="CodeSystem"/>
      </extension>
      <extension url="http://hl7.org/fhir/StructureDefinition/implementationguide-page">
        <valueUri value="CodeSystem-HCPCSModifiersCS.html"/>
      </extension>
      <reference>
        <reference value="CodeSystem/HCPCSModifiersCS"/>
      </reference>
      <name value="AMA CPT Modifiers"/>
      <description value="Healthcare Common Procedure Coding System (HCPCS) Procedure Code Modifiers"/>
      <exampleBoolean value="false"/>
    </resource>
    <resource>
      <extension url="http://hl7.org/fhir/tools/StructureDefinition/resource-information">
        <valueString value="CodeSystem"/>
      </extension>
      <extension url="http://hl7.org/fhir/StructureDefinition/implementationguide-page">
        <valueUri value="CodeSystem-HCPCSProcedureCodesCS.html"/>
      </extension>
      <reference>
        <reference value="CodeSystem/HCPCSProcedureCodesCS"/>
      </reference>
      <name value="HCPCS Procedure Codes"/>
      <description value="Healthcare Common Procedure Coding System (HCPCS) Procedure Codes"/>
      <exampleBoolean value="false"/>
    </resource>
    <resource>
      <extension url="http://hl7.org/fhir/tools/StructureDefinition/resource-information">
        <valueString value="CodeSystem"/>
      </extension>
      <extension url="http://hl7.org/fhir/StructureDefinition/implementationguide-page">
        <valueUri value="CodeSystem-ICD10CMCS.html"/>
      </extension>
      <reference>
        <reference value="CodeSystem/ICD10CMCS"/>
      </reference>
      <name value="ICD-10-CM"/>
      <description value="International Classification of Diseases, Tenth Revision, Clinical Modification)"/>
      <exampleBoolean value="false"/>
    </resource>
    <resource>
      <extension url="http://hl7.org/fhir/tools/StructureDefinition/resource-information">
        <valueString value="CodeSystem"/>
      </extension>
      <extension url="http://hl7.org/fhir/StructureDefinition/implementationguide-page">
        <valueUri value="CodeSystem-ICD10PCSCS.html"/>
      </extension>
      <reference>
        <reference value="CodeSystem/ICD10PCSCS"/>
      </reference>
      <name value="ICD-10-PCS"/>
      <description value="International Classification of Diseases Surgical Procedures (ICD-10)."/>
      <exampleBoolean value="false"/>
    </resource>
    <resource>
      <extension url="http://hl7.org/fhir/tools/StructureDefinition/resource-information">
        <valueString value="CodeSystem"/>
      </extension>
      <extension url="http://hl7.org/fhir/StructureDefinition/implementationguide-page">
        <valueUri value="CodeSystem-IdentifierTypeCS.html"/>
      </extension>
      <reference>
        <reference value="CodeSystem/IdentifierTypeCS"/>
      </reference>
      <name value="Identifier Type"/>
      <description value="Identifier Type codes that extend those defined in http://terminology.hl7.org/CodeSystem/v2-0203"/>
      <exampleBoolean value="false"/>
    </resource>
    <resource>
      <extension url="http://hl7.org/fhir/tools/StructureDefinition/resource-information">
        <valueString value="CodeSystem"/>
      </extension>
      <extension url="http://hl7.org/fhir/StructureDefinition/implementationguide-page">
        <valueUri value="CodeSystem-NCPDPBrandGenericCodeCS.html"/>
      </extension>
      <reference>
        <reference value="CodeSystem/NCPDPBrandGenericCodeCS"/>
      </reference>
      <name value="NCPDP Brand Generic Code"/>
      <description value="Indicates whether the plan adjudicated the claim as a brand or generic drug. NCPDP field # 686."/>
      <exampleBoolean value="false"/>
    </resource>
    <resource>
      <extension url="http://hl7.org/fhir/tools/StructureDefinition/resource-information">
        <valueString value="CodeSystem"/>
      </extension>
      <extension url="http://hl7.org/fhir/StructureDefinition/implementationguide-page">
        <valueUri value="CodeSystem-NCPDPCompoundCodeCS.html"/>
      </extension>
      <reference>
        <reference value="CodeSystem/NCPDPCompoundCodeCS"/>
      </reference>
      <name value="NCPDP Compound Code"/>
      <description value="Indicates whether or not the prescription is a compound NCPDP field # 406-D6."/>
      <exampleBoolean value="false"/>
    </resource>
    <resource>
      <extension url="http://hl7.org/fhir/tools/StructureDefinition/resource-information">
        <valueString value="CodeSystem"/>
      </extension>
      <extension url="http://hl7.org/fhir/StructureDefinition/implementationguide-page">
        <valueUri value="CodeSystem-NCPDPDispensedAsWrittenCS.html"/>
      </extension>
      <reference>
        <reference value="CodeSystem/NCPDPDispensedAsWrittenCS"/>
      </reference>
      <name value="NCPDP Dispensed As Written Or Product Selection Code"/>
      <description value="Prescriber&#39;s instruction regarding substitution of generic equivalents or order to dispense the specific prescribed medication. NCPDP field # 408-D8."/>
      <exampleBoolean value="false"/>
    </resource>
    <resource>
      <extension url="http://hl7.org/fhir/tools/StructureDefinition/resource-information">
        <valueString value="CodeSystem"/>
      </extension>
      <extension url="http://hl7.org/fhir/StructureDefinition/implementationguide-page">
        <valueUri value="CodeSystem-NCPDPPrescriptionOriginCodeCS.html"/>
      </extension>
      <reference>
        <reference value="CodeSystem/NCPDPPrescriptionOriginCodeCS"/>
      </reference>
      <name value="NCPDP Prescription Origin Code"/>
      <description value="Indicates whether the prescription was transmitted as an electronic prescription, by phone, by fax, or as a written paper copy. NCPDP field # 419-DJ."/>
      <exampleBoolean value="false"/>
    </resource>
    <resource>
      <extension url="http://hl7.org/fhir/tools/StructureDefinition/resource-information">
        <valueString value="CodeSystem"/>
      </extension>
      <extension url="http://hl7.org/fhir/StructureDefinition/implementationguide-page">
        <valueUri value="CodeSystem-PayerAdjudicationCategoryCS.html"/>
      </extension>
      <reference>
        <reference value="CodeSystem/PayerAdjudicationCategoryCS"/>
      </reference>
      <name value="Payer Adjudication Category"/>
      <description value="Payer Adjudication Category"/>
      <exampleBoolean value="false"/>
    </resource>
    <resource>
      <extension url="http://hl7.org/fhir/tools/StructureDefinition/resource-information">
        <valueString value="CodeSystem"/>
      </extension>
      <extension url="http://hl7.org/fhir/StructureDefinition/implementationguide-page">
        <valueUri value="CodeSystem-PayerDiagnosisTypeCS.html"/>
      </extension>
      <reference>
        <reference value="CodeSystem/PayerDiagnosisTypeCS"/>
      </reference>
      <name value="Payer Diagnosis Type"/>
      <description value="Payer Diagnosis Type"/>
      <exampleBoolean value="false"/>
    </resource>
    <resource>
      <extension url="http://hl7.org/fhir/tools/StructureDefinition/resource-information">
        <valueString value="CodeSystem"/>
      </extension>
      <extension url="http://hl7.org/fhir/StructureDefinition/implementationguide-page">
        <valueUri value="CodeSystem-X12CARCCS.html"/>
      </extension>
      <reference>
        <reference value="CodeSystem/X12CARCCS"/>
      </reference>
      <name value="X12 Claim Adjustment Reason Codes (CARC)"/>
      <description value="Denial Reasons - Reason codes used to interpret the adjudication denial reason"/>
      <exampleBoolean value="false"/>
    </resource>
    <resource>
      <extension url="http://hl7.org/fhir/tools/StructureDefinition/resource-information">
        <valueString value="ExplanationOfBenefit"/>
      </extension>
      <extension url="http://hl7.org/fhir/StructureDefinition/implementationguide-page">
        <valueUri value="ExplanationOfBenefit-BBEobOutpatientFacility.html"/>
      </extension>
      <reference>
        <reference value="ExplanationOfBenefit/BBEobOutpatientFacility"/>
      </reference>
      <name value="BBEobOutpatientFacility"/>
      <description value="BBEoB from Jeff"/>
      <exampleCanonical value="http://hl7.org/fhir/us/carin-bb/StructureDefinition/CARIN-BB-ExplanationOfBenefit-Outpatient-Facility"/>
    </resource>
    <resource>
      <extension url="http://hl7.org/fhir/tools/StructureDefinition/resource-information">
        <valueString value="ExplanationOfBenefit"/>
      </extension>
      <extension url="http://hl7.org/fhir/StructureDefinition/implementationguide-page">
        <valueUri value="ExplanationOfBenefit-BBEobPharmacy.html"/>
      </extension>
      <reference>
        <reference value="ExplanationOfBenefit/BBEobPharmacy"/>
      </reference>
      <name value="BBEobPharmacy"/>
      <description value="BBEoB from Jeff"/>
      <exampleCanonical value="http://hl7.org/fhir/us/carin-bb/StructureDefinition/CARIN-BB-ExplanationOfBenefit-Pharmacy"/>
    </resource>
    <resource>
      <extension url="http://hl7.org/fhir/tools/StructureDefinition/resource-information">
        <valueString value="Coverage"/>
      </extension>
      <extension url="http://hl7.org/fhir/StructureDefinition/implementationguide-page">
        <valueUri value="Coverage-Coverage1.html"/>
      </extension>
      <reference>
        <reference value="Coverage/Coverage1"/>
      </reference>
      <name value="Coverage1"/>
      <description value="Coverage Example1"/>
      <exampleCanonical value="http://hl7.org/fhir/us/carin-bb/StructureDefinition/CARIN-BB-Coverage"/>
    </resource>
    <resource>
      <extension url="http://hl7.org/fhir/tools/StructureDefinition/resource-information">
        <valueString value="ExplanationOfBenefit"/>
      </extension>
      <extension url="http://hl7.org/fhir/StructureDefinition/implementationguide-page">
        <valueUri value="ExplanationOfBenefit-EOBInpatient1.html"/>
      </extension>
      <reference>
        <reference value="ExplanationOfBenefit/EOBInpatient1"/>
      </reference>
      <name value="EOBInpatient1"/>
      <description value="EOB Inpatient Example1"/>
      <exampleCanonical value="http://hl7.org/fhir/us/carin-bb/StructureDefinition/CARIN-BB-ExplanationOfBenefit-Inpatient-Facility"/>
    </resource>
    <resource>
      <extension url="http://hl7.org/fhir/tools/StructureDefinition/resource-information">
        <valueString value="ExplanationOfBenefit"/>
      </extension>
      <extension url="http://hl7.org/fhir/StructureDefinition/implementationguide-page">
        <valueUri value="ExplanationOfBenefit-EOBOutpatientFacility1.html"/>
      </extension>
      <reference>
        <reference value="ExplanationOfBenefit/EOBOutpatientFacility1"/>
      </reference>
      <name value="EOBOutpatientFacility1"/>
      <description value="EOB Outpatient Example1"/>
      <exampleCanonical value="http://hl7.org/fhir/us/carin-bb/StructureDefinition/CARIN-BB-ExplanationOfBenefit-Outpatient-Facility"/>
    </resource>
    <resource>
      <extension url="http://hl7.org/fhir/tools/StructureDefinition/resource-information">
        <valueString value="ExplanationOfBenefit"/>
      </extension>
      <extension url="http://hl7.org/fhir/StructureDefinition/implementationguide-page">
        <valueUri value="ExplanationOfBenefit-EOBPharmacy1.html"/>
      </extension>
      <reference>
        <reference value="ExplanationOfBenefit/EOBPharmacy1"/>
      </reference>
      <name value="EOBPharmacy1"/>
      <description value="EOB PHarmacy Example1"/>
      <exampleCanonical value="http://hl7.org/fhir/us/carin-bb/StructureDefinition/CARIN-BB-ExplanationOfBenefit-Pharmacy"/>
    </resource>
    <resource>
      <extension url="http://hl7.org/fhir/tools/StructureDefinition/resource-information">
        <valueString value="ExplanationOfBenefit"/>
      </extension>
      <extension url="http://hl7.org/fhir/StructureDefinition/implementationguide-page">
        <valueUri value="ExplanationOfBenefit-EOBProfessional1.html"/>
      </extension>
      <reference>
        <reference value="ExplanationOfBenefit/EOBProfessional1"/>
      </reference>
      <name value="EOBProfessional1"/>
      <description value="EOB Professional  Example1"/>
      <exampleCanonical value="http://hl7.org/fhir/us/carin-bb/StructureDefinition/CARIN-BB-ExplanationOfBenefit-Professional-NonClinician"/>
    </resource>
    <resource>
      <extension url="http://hl7.org/fhir/tools/StructureDefinition/resource-information">
        <valueString value="Organization"/>
      </extension>
      <extension url="http://hl7.org/fhir/StructureDefinition/implementationguide-page">
        <valueUri value="Organization-OrganizationPayer1.html"/>
      </extension>
      <reference>
        <reference value="Organization/OrganizationPayer1"/>
      </reference>
      <name value="OrganizationPayer1"/>
      <description value="Payer1"/>
      <exampleCanonical value="http://hl7.org/fhir/us/carin-bb/StructureDefinition/CARIN-BB-Organization"/>
    </resource>
    <resource>
      <extension url="http://hl7.org/fhir/tools/StructureDefinition/resource-information">
        <valueString value="Organization"/>
      </extension>
      <extension url="http://hl7.org/fhir/StructureDefinition/implementationguide-page">
        <valueUri value="Organization-OrganizationProvider1.html"/>
      </extension>
      <reference>
        <reference value="Organization/OrganizationProvider1"/>
      </reference>
      <name value="OrganizationProvider1"/>
      <description value="Provider 1"/>
      <exampleCanonical value="http://hl7.org/fhir/us/carin-bb/StructureDefinition/CARIN-BB-Organization"/>
    </resource>
    <resource>
      <extension url="http://hl7.org/fhir/tools/StructureDefinition/resource-information">
        <valueString value="Patient"/>
      </extension>
      <extension url="http://hl7.org/fhir/StructureDefinition/implementationguide-page">
        <valueUri value="Patient-Patient1.html"/>
      </extension>
      <reference>
        <reference value="Patient/Patient1"/>
      </reference>
      <name value="Patient1"/>
      <description value="Patient Example1"/>
      <exampleCanonical value="http://hl7.org/fhir/us/carin-bb/StructureDefinition/CARIN-BB-Patient"/>
    </resource>
    <resource>
      <extension url="http://hl7.org/fhir/tools/StructureDefinition/resource-information">
        <valueString value="SearchParameter"/>
      </extension>
      <extension url="http://hl7.org/fhir/StructureDefinition/implementationguide-page">
        <valueUri value="SearchParameter-coverage-payor.html"/>
      </extension>
      <reference>
        <reference value="SearchParameter/coverage-payor"/>
      </reference>
      <name value="Coverage_Payor"/>
      <description value="The identity of the insurer or party paying for services"/>
      <exampleBoolean value="false"/>
    </resource>
    <resource>
      <extension url="http://hl7.org/fhir/tools/StructureDefinition/resource-information">
        <valueString value="SearchParameter"/>
      </extension>
      <extension url="http://hl7.org/fhir/StructureDefinition/implementationguide-page">
        <valueUri value="SearchParameter-explanationofbenefit-care-team.html"/>
      </extension>
      <reference>
        <reference value="SearchParameter/explanationofbenefit-care-team"/>
      </reference>
      <name value="ExplanationOfBenefit_Careteam"/>
      <description value="Member of the CareTeam"/>
      <exampleBoolean value="false"/>
    </resource>
    <resource>
      <extension url="http://hl7.org/fhir/tools/StructureDefinition/resource-information">
        <valueString value="SearchParameter"/>
      </extension>
      <extension url="http://hl7.org/fhir/StructureDefinition/implementationguide-page">
        <valueUri value="SearchParameter-explanationofbenefit-coverage.html"/>
      </extension>
      <reference>
        <reference value="SearchParameter/explanationofbenefit-coverage"/>
      </reference>
      <name value="ExplanationOfBenefit_Coverage"/>
      <description value="The plan under which the claim was adjudicated"/>
      <exampleBoolean value="false"/>
    </resource>
    <resource>
      <extension url="http://hl7.org/fhir/tools/StructureDefinition/resource-information">
        <valueString value="SearchParameter"/>
      </extension>
      <extension url="http://hl7.org/fhir/StructureDefinition/implementationguide-page">
        <valueUri value="SearchParameter-explanationofbenefit-identifier.html"/>
      </extension>
      <reference>
        <reference value="SearchParameter/explanationofbenefit-identifier"/>
      </reference>
      <name value="ExplanationOfBenefit_Identifier"/>
      <description value="The business/claim identifier of the Explanation of Benefit"/>
      <exampleBoolean value="false"/>
    </resource>
    <resource>
      <extension url="http://hl7.org/fhir/tools/StructureDefinition/resource-information">
        <valueString value="SearchParameter"/>
      </extension>
      <extension url="http://hl7.org/fhir/StructureDefinition/implementationguide-page">
        <valueUri value="SearchParameter-explanationofbenefit-insurer.html"/>
      </extension>
      <reference>
        <reference value="SearchParameter/explanationofbenefit-insurer"/>
      </reference>
      <name value="ExplanationOfBenefit_Insurer"/>
      <description value="The party responsible for the claim"/>
      <exampleBoolean value="false"/>
    </resource>
    <resource>
      <extension url="http://hl7.org/fhir/tools/StructureDefinition/resource-information">
        <valueString value="SearchParameter"/>
      </extension>
      <extension url="http://hl7.org/fhir/StructureDefinition/implementationguide-page">
        <valueUri value="SearchParameter-explanationofbenefit-patient.html"/>
      </extension>
      <reference>
        <reference value="SearchParameter/explanationofbenefit-patient"/>
      </reference>
      <name value="ExplanationOfBenefit_Patient"/>
      <description value="The reference to the patient"/>
      <exampleBoolean value="false"/>
    </resource>
    <resource>
      <extension url="http://hl7.org/fhir/tools/StructureDefinition/resource-information">
        <valueString value="SearchParameter"/>
      </extension>
      <extension url="http://hl7.org/fhir/StructureDefinition/implementationguide-page">
        <valueUri value="SearchParameter-explanationofbenefit-provider.html"/>
      </extension>
      <reference>
        <reference value="SearchParameter/explanationofbenefit-provider"/>
      </reference>
      <name value="ExplanationOfBenefit_Provider"/>
      <description value="The reference to the provider"/>
      <exampleBoolean value="false"/>
    </resource>
    <resource>
      <extension url="http://hl7.org/fhir/tools/StructureDefinition/resource-information">
        <valueString value="SearchParameter"/>
      </extension>
      <extension url="http://hl7.org/fhir/StructureDefinition/implementationguide-page">
        <valueUri value="SearchParameter-explanationofbenefit-service-date.html"/>
      </extension>
      <reference>
        <reference value="SearchParameter/explanationofbenefit-service-date"/>
      </reference>
      <name value="ExplanationOfBenefit_ServiceDate"/>
      <description value="Date of the service for the EOB"/>
      <exampleBoolean value="false"/>
    </resource>
    <resource>
      <extension url="http://hl7.org/fhir/tools/StructureDefinition/resource-information">
        <valueString value="SearchParameter"/>
      </extension>
      <extension url="http://hl7.org/fhir/StructureDefinition/implementationguide-page">
        <valueUri value="SearchParameter-explanationofbenefit-type.html"/>
      </extension>
      <reference>
        <reference value="SearchParameter/explanationofbenefit-type"/>
      </reference>
      <name value="ExplanationOfBenefit_Type"/>
      <description value="The type of the ExplanationOfBenefit"/>
      <exampleBoolean value="false"/>
    </resource>
    <resource>
      <extension url="http://hl7.org/fhir/tools/StructureDefinition/resource-information">
        <valueString value="SearchParameter"/>
      </extension>
      <extension url="http://hl7.org/fhir/StructureDefinition/implementationguide-page">
        <valueUri value="SearchParameter-practitionerrole-organization.html"/>
      </extension>
      <reference>
        <reference value="SearchParameter/practitionerrole-organization"/>
      </reference>
      <name value="ExplanationOfBenefit_Organization"/>
      <description value="The identity of the organization the practitioner represents / acts on behalf of"/>
      <exampleBoolean value="false"/>
    </resource>
    <resource>
      <extension url="http://hl7.org/fhir/tools/StructureDefinition/resource-information">
        <valueString value="SearchParameter"/>
      </extension>
      <extension url="http://hl7.org/fhir/StructureDefinition/implementationguide-page">
        <valueUri value="SearchParameter-practitionerrole-practitioner.html"/>
      </extension>
      <reference>
        <reference value="SearchParameter/practitionerrole-practitioner"/>
      </reference>
      <name value="ExplanationOfBenefit_Practitioner"/>
      <description value="Practitioner that is able to provide the defined services for the organization"/>
      <exampleBoolean value="false"/>
    </resource>
    <resource>
      <extension url="http://hl7.org/fhir/tools/StructureDefinition/resource-information">
        <valueString value="CapabilityStatement"/>
      </extension>
      <extension url="http://hl7.org/fhir/StructureDefinition/implementationguide-page">
        <valueUri value="CapabilityStatement-carin-bb.html"/>
      </extension>
      <reference>
        <reference value="CapabilityStatement/carin-bb"/>
      </reference>
      <name value="Carin Bb CapabilityStatement"/>
      <description value="This Section describes the expected capabilities of the CARIN-BB Server actor which is responsible for providing responses to the queries submitted by the CARIN-BB Requestors. "/>
      <exampleBoolean value="false"/>
    </resource>
    <page>
      <nameUrl value="toc.html"/>
      <title value="Table of Contents"/>
      <generation value="html"/>
      <page>
        <nameUrl value="index.html"/>
        <title value="Home"/>
        <generation value="markdown"/>
      </page>
      <page>
        <nameUrl value="Background.html"/>
        <title value="Background"/>
        <generation value="markdown"/>
      </page>
      <page>
        <nameUrl value="Use_Case.html"/>
        <title value="Use Case"/>
        <generation value="markdown"/>
      </page>
      <page>
        <nameUrl value="profiles.html"/>
        <title value="Profiles"/>
        <generation value="markdown"/>
      </page>
      <page>
        <nameUrl value="Authorization_Authentication_and_Registration.html"/>
        <title value="Authorization Authentication and Registration"/>
        <generation value="markdown"/>
      </page>
      <page>
        <nameUrl value="Common_Payer_Consumer_Data_Set.html"/>
        <title value="Common Payer Consumer Data Set"/>
        <generation value="markdown"/>
      </page>
      <page>
        <nameUrl value="downloads.html"/>
        <title value="Downloads"/>
        <generation value="markdown"/>
      </page>
      <page>
        <nameUrl value="search.html"/>
        <title value="Search"/>
        <generation value="markdown"/>
      </page>
      <page>
        <nameUrl value="Guidance.html"/>
        <title value="Guidance"/>
        <generation value="markdown"/>
      </page>
      <page>
        <nameUrl value="Notes_To_Developers.html"/>
        <title value="Notes To Developers"/>
        <generation value="markdown"/>
      </page>
      <page>
        <nameUrl value="Terminology.html"/>
        <title value="Terminology"/>
        <generation value="markdown"/>
      </page>
      <page>
        <nameUrl value="Examples.html"/>
        <title value="Examples"/>
        <generation value="markdown"/>
      </page>
    </page>
    <parameter>
      <code value="path-resource"/>
      <value value="input/capabilities"/>
    </parameter>
    <parameter>
      <code value="path-resource"/>
      <value value="input/examples"/>
    </parameter>
    <parameter>
      <code value="path-resource"/>
      <value value="input/extensions"/>
    </parameter>
    <parameter>
      <code value="path-resource"/>
      <value value="input/models"/>
    </parameter>
    <parameter>
      <code value="path-resource"/>
      <value value="input/operations"/>
    </parameter>
    <parameter>
      <code value="path-resource"/>
      <value value="input/profiles"/>
    </parameter>
    <parameter>
      <code value="path-resource"/>
      <value value="input/resources"/>
    </parameter>
    <parameter>
      <code value="path-resource"/>
      <value value="input/vocabulary"/>
    </parameter>
    <parameter>
      <code value="path-resource"/>
      <value value="input/maps"/>
    </parameter>
    <parameter>
      <code value="path-resource"/>
      <value value="input/testing"/>
    </parameter>
    <parameter>
      <code value="path-resource"/>
      <value value="input/history"/>
    </parameter>
    <parameter>
      <code value="path-pages"/>
      <value value="template/config"/>
    </parameter>
    <parameter>
      <code value="path-pages"/>
      <value value="input/images"/>
    </parameter>
    <parameter>
      <code value="path-tx-cache"/>
      <value value="input-cache/txcache"/>
    </parameter>
  </definition>
</ImplementationGuide>