{
  "resourceType": "OperationDefinition",
  "id": "Assemble-ExplanationOfBenefit",
  "text": {
    "status": "extensions",
    "div": "<div xmlns=\"http://www.w3.org/1999/xhtml\"><h2>AssembleExplanationOfBenefit</h2><p>OPERATION: AssembleExplanationOfBenefit</p><p>The official URL for this operation definition is: </p><pre>http://hl7.org/fhir/us/carin-bb/OperationDefinition/assemble-eob</pre><div><p>This operation is used to return ExplanationOfBenefit resources related to a patient along with all the reference resources.</p>\n<p>The operation takes the optional input parameters:</p>\n<ul>\n<li>patient id</li>\n<li>start date</li>\n<li>end date</li>\n<li>document type</li>\n</ul>\n<p>and returns a <a href=\"http://hl7.org/fhir/bundle.html\">Bundle</a> of type &quot;searchset&quot; containing <a href=\"https://build.fhir.org/ig/HL7/carin-bb/profiles.html\">CARIN BB ExplanationOfBenefit and reference resources</a> for the patient. The principle intended use for this operation is to provide a patient with access to their available ExplanationOfBenefit information.</p>\n</div><p>URL: [base]/ExplanationOfBenefit/$assemble-eob</p><p>Parameters</p><table class=\"grid\"><tr><td><b>Use</b></td><td><b>Name</b></td><td><b>Cardinality</b></td><td><b>Type</b></td><td><b>Binding</b></td><td><b>Documentation</b></td></tr><tr><td>IN</td><td>patient</td><td>1..1</td><td><a href=\"http://hl7.org/fhir/R4/datatypes.html#id\">id</a></td><td/><td><div><p>The id of the patient resource located on the server on which this operation is executed.  If there is no match, an empty Bundle is returned</p>\n</div></td></tr><tr><td>IN</td><td>_since</td><td>0..1</td><td><a href=\"http://hl7.org/fhir/R4/datatypes.html#instant\">instant</a></td><td/><td><div><p>ExplanationOfBenefit resources updated after this period will be included in the response. The intent of this parameter is to allow a client to request only records that have changed since the last request.</p>\n</div></td></tr><tr><td>IN</td><td>type</td><td>0..1</td><td><a href=\"http://hl7.org/fhir/R4/datatypes.html#CodeableConcept\">CodeableConcept</a></td><td><a href=\"http://hl7.org/fhir/R4/valueset-claim-type.html\">http://hl7.org/fhir/ValueSet/claim-type</a> (Required)</td><td><div><p>The type of the ExplanationOfBenefit, e.g. instituional, professional,  pharmacy, etc.</p>\n</div></td></tr><tr><td>IN</td><td>service-date</td><td>0..1</td><td><a href=\"http://hl7.org/fhir/R4/datatypes.html#date\">date</a></td><td/><td><div><p>Date of the service for the ExplanationOfBenefit.</p>\n</div></td></tr><tr><td>IN</td><td>identifier</td><td>0..1</td><td><a href=\"http://hl7.org/fhir/R4/datatypes.html#Identifier\">Identifier</a></td><td/><td><div><p>Claim Number / Business Identifier of the ExplanationOfBenefit resource.</p>\n</div></td></tr><tr><td>IN</td><td>_id</td><td>0..1</td><td><a href=\"http://hl7.org/fhir/R4/datatypes.html#id\">id</a></td><td/><td><div><p>Logical id for the ExplanationOfBenefit resource.</p>\n</div></td></tr><tr><td>OUT</td><td>return</td><td>1..1</td><td><a href=\"http://hl7.org/fhir/R4/bundle.html\">Bundle</a></td><td/><td><div><p>The bundle type is &quot;searchset&quot;containing <a href=\"https://build.fhir.org/ig/HL7/carin-bb/profiles.html\">CARIN BB ExplanationOfBenefit and reference resources</a></p>\n</div></td></tr></table><div><ul>\n<li>The server is responsible for determining the reference resources to return as <a href=\"http://hl7.org/fhir/R4/search.html#revinclude\">included</a> resources rather than the client specifying which ones. This frees the client from needing to determine what it could or should ask for. Rhe server SHALL return all the reference resources within the return bundle along with the ExplanationOfBenefitn resources. The server's CapabilityStatement should document this behavior.</li>\n</ul>\n</div></div>"
  },
  "url": "http://hl7.org/fhir/us/carin-bb/OperationDefinition/assemble-eob",
  "version": "0.1.0",
  "name": "AssembleExplanationOfBenefit",
  "title": "Assemble ExplanationOfBenefit",
  "status": "active",
  "kind": "operation",
  "date": "2020-06-24T00:00:00+00:00",
  "publisher": "HL7 Financial Management Working Group",
  "contact": [
    {
      "name": "HL7 Financial Management Working Group",
      "telecom": [
        {
          "system": "url",
          "value": "http://www.hl7.org/Special/committees/fm/index.cfm"
        },
        {
          "system": "email",
          "value": "fm@lists.HL7.org"
        }
      ]
    }
  ],
  "description": "This operation is used to return ExplanationOfBenefit resources related to a patient along with all the reference resources. \n\n The operation takes the optional input parameters: \n  - patient id\n  - start date\n  - end date\n  - document type \n\n and returns a [Bundle](http://hl7.org/fhir/bundle.html) of type \"searchset\" containing [CARIN BB ExplanationOfBenefit and reference resources](https://build.fhir.org/ig/HL7/carin-bb/profiles.html) for the patient. The principle intended use for this operation is to provide a patient with access to their available ExplanationOfBenefit information.",
  "jurisdiction": [
    {
      "coding": [
        {
          "system": "urn:iso:std:iso:3166",
          "code": "US",
          "display": "United States of America"
        }
      ]
    }
  ],
  "code": "assemble-eob",
  "comment": " - The server is responsible for determining the reference resources to return as [included](http://hl7.org/fhir/R4/search.html#revinclude) resources rather than the client specifying which ones. This frees the client from needing to determine what it could or should ask for. Rhe server SHALL return all the reference resources within the return bundle along with the ExplanationOfBenefitn resources. The server's CapabilityStatement should document this behavior.",
  "resource": [
    "ExplanationOfBenefit"
  ],
  "system": false,
  "type": true,
  "instance": false,
  "parameter": [
    {
      "name": "patient",
      "use": "in",
      "min": 1,
      "max": "1",
      "documentation": "The id of the patient resource located on the server on which this operation is executed.  If there is no match, an empty Bundle is returned",
      "type": "id"
    },
    {
      "name": "_since",
      "use": "in",
      "min": 0,
      "max": "1",
      "documentation": "ExplanationOfBenefit resources updated after this period will be included in the response. The intent of this parameter is to allow a client to request only records that have changed since the last request.",
      "type": "instant"
    },
    {
      "name": "type",
      "use": "in",
      "min": 0,
      "max": "1",
      "documentation": "The type of the ExplanationOfBenefit, e.g. instituional, professional,  pharmacy, etc.",
      "type": "CodeableConcept",
      "binding": {
        "strength": "required",
        "valueSet": "http://hl7.org/fhir/ValueSet/claim-type"
      }
    },
    {
      "name": "service-date",
      "use": "in",
      "min": 0,
      "max": "1",
      "documentation": "Date of the service for the ExplanationOfBenefit.",
      "type": "date"
    },
    {
      "name": "identifier",
      "use": "in",
      "min": 0,
      "max": "1",
      "documentation": "Claim Number / Business Identifier of the ExplanationOfBenefit resource.",
      "type": "Identifier"
    },
    {
      "name": "_id",
      "use": "in",
      "min": 0,
      "max": "1",
      "documentation": "Logical id for the ExplanationOfBenefit resource.",
      "type": "id"
    },
    {
      "name": "return",
      "use": "out",
      "min": 1,
      "max": "1",
      "documentation": "The bundle type is \"searchset\"containing [CARIN BB ExplanationOfBenefit and reference resources](https://build.fhir.org/ig/HL7/carin-bb/profiles.html)",
      "type": "Bundle"
    }
  ]
}