<?xml version="1.0" encoding="UTF-8"?>

<OperationDefinition xmlns="http://hl7.org/fhir">
  <id value="Assemble-ExplanationOfBenefit"/>
  <text>
    <status value="extensions"/><div xmlns="http://www.w3.org/1999/xhtml"><h2>AssembleExplanationOfBenefit</h2><p>OPERATION: AssembleExplanationOfBenefit</p><p>The official URL for this operation definition is: </p><pre>http://hl7.org/fhir/us/carin-bb/OperationDefinition/assemble-eob</pre><div><p>This operation is used to return ExplanationOfBenefit resources related to a patient along with all the reference resources.</p>
<p>The operation takes the optional input parameters:</p>
<ul>
<li>patient id</li>
<li>start date</li>
<li>end date</li>
<li>document type</li>
</ul>
<p>and returns a <a href="http://hl7.org/fhir/bundle.html">Bundle</a> of type &quot;searchset&quot; containing <a href="https://build.fhir.org/ig/HL7/carin-bb/profiles.html">CARIN BB ExplanationOfBenefit and reference resources</a> for the patient. The principle intended use for this operation is to provide a patient with access to their available ExplanationOfBenefit information.</p>
</div><p>URL: [base]/ExplanationOfBenefit/$assemble-eob</p><p>Parameters</p><table class="grid"><tr><td><b>Use</b></td><td><b>Name</b></td><td><b>Cardinality</b></td><td><b>Type</b></td><td><b>Binding</b></td><td><b>Documentation</b></td></tr><tr><td>IN</td><td>patient</td><td>1..1</td><td><a href="http://hl7.org/fhir/R4/datatypes.html#id">id</a></td><td/><td><div><p>The id of the patient resource located on the server on which this operation is executed.  If there is no match, an empty Bundle is returned</p>
</div></td></tr><tr><td>IN</td><td>_since</td><td>0..1</td><td><a href="http://hl7.org/fhir/R4/datatypes.html#instant">instant</a></td><td/><td><div><p>ExplanationOfBenefit resources updated after this period will be included in the response. The intent of this parameter is to allow a client to request only records that have changed since the last request.</p>
</div></td></tr><tr><td>IN</td><td>type</td><td>0..1</td><td><a href="http://hl7.org/fhir/R4/datatypes.html#CodeableConcept">CodeableConcept</a></td><td><a href="http://hl7.org/fhir/R4/valueset-claim-type.html">http://hl7.org/fhir/ValueSet/claim-type</a> (Required)</td><td><div><p>The type of the ExplanationOfBenefit, e.g. instituional, professional,  pharmacy, etc.</p>
</div></td></tr><tr><td>IN</td><td>service-date</td><td>0..1</td><td><a href="http://hl7.org/fhir/R4/datatypes.html#date">date</a></td><td/><td><div><p>Date of the service for the ExplanationOfBenefit.</p>
</div></td></tr><tr><td>IN</td><td>identifier</td><td>0..1</td><td><a href="http://hl7.org/fhir/R4/datatypes.html#Identifier">Identifier</a></td><td/><td><div><p>Payer Claim Number / Business Identifier of the ExplanationOfBenefit resource.</p>
</div></td></tr><tr><td>IN</td><td>_id</td><td>0..1</td><td><a href="http://hl7.org/fhir/R4/datatypes.html#id">id</a></td><td/><td><div><p>Logical id for the ExplanationOfBenefit resource.</p>
</div></td></tr><tr><td>OUT</td><td>return</td><td>1..1</td><td><a href="http://hl7.org/fhir/R4/bundle.html">Bundle</a></td><td/><td><div><p>The bundle type is &quot;searchset&quot;containing <a href="https://build.fhir.org/ig/HL7/carin-bb/profiles.html">CARIN BB ExplanationOfBenefit and reference resources</a>. The bundle total will reflect the number of ExplanationOfBenefit instances returned.</p>
</div></td></tr></table><div><ul>
<li>The server is responsible for determining the reference resources to return as <a href="http://hl7.org/fhir/R4/search.html#revinclude">included</a> resources rather than the client specifying which ones. This frees the client from needing to determine what it could or should ask for. The server SHALL return all the reference resources within the return bundle along with the ExplanationOfBenefit resources. The server's CapabilityStatement should document this behavior.</li>
</ul>
</div></div>
  </text>
  <url value="http://hl7.org/fhir/us/carin-bb/OperationDefinition/assemble-eob"/>
  <version value="0.1.0"/>
  <name value="AssembleExplanationOfBenefit"/>
  <title value="Assemble ExplanationOfBenefit"/>
  <status value="active"/>
  <kind value="operation"/>
  <date value="2020-06-24T00:00:00+00:00"/>
  <publisher value="HL7 Financial Management Working Group"/>
  <contact>
    <name value="HL7 Financial Management Working Group"/>
    <telecom>
      <system value="url"/>
      <value value="http://www.hl7.org/Special/committees/fm/index.cfm"/>
    </telecom>
    <telecom>
      <system value="email"/>
      <value value="fm@lists.HL7.org"/>
    </telecom>
  </contact>
  <description value="This operation is used to return ExplanationOfBenefit resources related to a patient along with all the reference resources. &#xA;&#xA; The operation takes the optional input parameters: &#xA;  - patient id&#xA;  - start date&#xA;  - end date&#xA;  - document type &#xA;&#xA; and returns a [Bundle](http://hl7.org/fhir/bundle.html) of type &quot;searchset&quot; containing [CARIN BB ExplanationOfBenefit and reference resources](https://build.fhir.org/ig/HL7/carin-bb/profiles.html) for the patient. The principle intended use for this operation is to provide a patient with access to their available ExplanationOfBenefit information."/>
  <jurisdiction>
    <coding>
      <system value="urn:iso:std:iso:3166"/>
      <code value="US"/>
      <display value="United States of America"/>
    </coding>
  </jurisdiction>
  <code value="assemble-eob"/>
  <comment value=" - The server is responsible for determining the reference resources to return as [included](http://hl7.org/fhir/R4/search.html#revinclude) resources rather than the client specifying which ones. This frees the client from needing to determine what it could or should ask for. The server SHALL return all the reference resources within the return bundle along with the ExplanationOfBenefit resources. The server&#39;s CapabilityStatement should document this behavior."/>
  <resource value="ExplanationOfBenefit"/>
  <system value="false"/>
  <type value="true"/>
  <instance value="false"/>
  <parameter>
    <name value="patient"/>
    <use value="in"/>
    <min value="1"/>
    <max value="1"/>
    <documentation value="The id of the patient resource located on the server on which this operation is executed.  If there is no match, an empty Bundle is returned"/>
    <type value="id"/>
  </parameter>
  <parameter>
    <name value="_since"/>
    <use value="in"/>
    <min value="0"/>
    <max value="1"/>
    <documentation value="ExplanationOfBenefit resources updated after this period will be included in the response. The intent of this parameter is to allow a client to request only records that have changed since the last request."/>
    <type value="instant"/>
  </parameter>
  <parameter>
    <name value="type"/>
    <use value="in"/>
    <min value="0"/>
    <max value="1"/>
    <documentation value="The type of the ExplanationOfBenefit, e.g. instituional, professional,  pharmacy, etc."/>
    <type value="CodeableConcept"/>
    <binding>
      <strength value="required"/>
      <valueSet value="http://hl7.org/fhir/ValueSet/claim-type"/>
    </binding>
  </parameter>
  <parameter>
    <name value="service-date"/>
    <use value="in"/>
    <min value="0"/>
    <max value="1"/>
    <documentation value="Date of the service for the ExplanationOfBenefit."/>
    <type value="date"/>
  </parameter>
  <parameter>
    <name value="identifier"/>
    <use value="in"/>
    <min value="0"/>
    <max value="1"/>
    <documentation value="Payer Claim Number / Business Identifier of the ExplanationOfBenefit resource."/>
    <type value="Identifier"/>
  </parameter>
  <parameter>
    <name value="_id"/>
    <use value="in"/>
    <min value="0"/>
    <max value="1"/>
    <documentation value="Logical id for the ExplanationOfBenefit resource."/>
    <type value="id"/>
  </parameter>
  <parameter>
    <name value="return"/>
    <use value="out"/>
    <min value="1"/>
    <max value="1"/>
    <documentation value="The bundle type is &quot;searchset&quot;containing [CARIN BB ExplanationOfBenefit and reference resources](https://build.fhir.org/ig/HL7/carin-bb/profiles.html). The bundle total will reflect the number of ExplanationOfBenefit instances returned."/>
    <type value="Bundle"/>
  </parameter>
</OperationDefinition>