<?xml version="1.0" encoding="UTF-8"?>

<Organization xmlns="http://hl7.org/fhir">
  <id value="PAT-V-FR0000010000010001-0000000UPP"/>
  <meta>
    <lastUpdated value="2020-09-17T15:34:39.0216454-04:00"/>
    <profile value="http://hl7.org/fhir/us/carin-bb/StructureDefinition/C4BB-Organization"/>
  </meta>
  <text>
    <status value="generated"/><div xmlns="http://www.w3.org/1999/xhtml"><p><b>Generated Narrative</b></p><h3>Ids</h3><table class="grid"><tr><td>-</td></tr><tr><td>*</td></tr></table><h3>Meta</h3><table class="grid"><tr><td>-</td></tr><tr><td>*</td></tr></table><p><b>identifier</b>: Tax ID number: 987654321, payerid: 0000000UPP</p><p><b>active</b>: false</p><p><b>name</b>: UNIVERSITY OF PITTSBURGH PHYSICIANS</p><p><b>address</b>: PO BOX 67890 Pittsburgh PA 15222 USA </p></div>
  </text>
  <identifier>
    <type>
      <coding>
        <system value="http://terminology.hl7.org/CodeSystem/v2-0203"/>
        <code value="TAX"/>
      </coding>
    </type>
    <system value="urn:oid:2.16.840.1.113883.4.4"/>
    <value value="987654321"/>
  </identifier>
  <identifier>
    <type>
      <coding>
        <system value="http://hl7.org/fhir/us/carin-bb/CodeSystem/IdentifierTypeCS"/>
        <code value="payerid"/>
      </coding>
    </type>
    <system value="https://www.upmchealthplan.com/VendorId"/>
    <value value="0000000UPP"/>
  </identifier>
  <active value="false"/>
  <name value="UNIVERSITY OF PITTSBURGH PHYSICIANS"/>
  <address>
    <line value="PO BOX 67890"/>
    <city value="Pittsburgh"/>
    <state value="PA"/>
    <postalCode value="15222"/>
    <country value="USA"/>
  </address>
</Organization>