{
  "resourceType": "Patient",
  "id": "Patient1",
  "meta": {
    "lastUpdated": "2020-07-07T13:26:22.0314215+00:00",
    "profile": [
      "http://hl7.org/fhir/us/carin-bb/StructureDefinition/C4BB-Patient"
    ]
  },
  "language": "en-US",
  "text": {
    "status": "generated",
    "div": "<div xmlns=\"http://www.w3.org/1999/xhtml\" xml:lang=\"en-US\" lang=\"en-US\"><p><b>Generated Narrative</b></p><h3>Ids</h3><table class=\"grid\"><tr><td>-</td></tr><tr><td>*</td></tr></table><h3>Meta</h3><table class=\"grid\"><tr><td>-</td></tr><tr><td>*</td></tr></table><p><b>language</b>: en-US</p><p><b>identifier</b>: Member ID: 1234-234-1243-12345678901, Medical record number: 1234-234-1243-12345678901m, Unique Member ID: 1234-234-1243-12345678901u, Patient Account Number: 1234-234-1243-12345678901a</p><p><b>active</b>: true</p><p><b>name</b>: Johnny Example1 </p><p><b>telecom</b>: ph: (301)666-1212</p><p><b>gender</b>: male</p><p><b>birthDate</b>: 1986-01-01</p><p><b>address</b>: 123 Main Street Pittsburgh PA 12519 </p><p><b>maritalStatus</b>: <span title=\"Codes: {http://terminology.hl7.org/CodeSystem/v3-NullFlavor UNK}\">unknown</span></p></div>"
  },
  "identifier": [
    {
      "type": {
        "coding": [
          {
            "system": "http://hl7.org/fhir/us/carin-bb/CodeSystem/C4BBIdentifierType",
            "code": "mb"
          }
        ]
      },
      "system": "https://www.xxxhealthplan.com/fhir/memberidentifier",
      "value": "1234-234-1243-12345678901"
    },
    {
      "type": {
        "coding": [
          {
            "system": "http://terminology.hl7.org/CodeSystem/v2-0203",
            "code": "MR"
          }
        ]
      },
      "system": "https://www.xxxhealthplan.com/fhir/medicalrecordnumber",
      "value": "1234-234-1243-12345678901m"
    },
    {
      "type": {
        "coding": [
          {
            "system": "http://hl7.org/fhir/us/carin-bb/CodeSystem/C4BBIdentifierType",
            "code": "um"
          }
        ]
      },
      "system": "https://www.xxxhealthplan.com/fhir/iniquememberidentifier",
      "value": "1234-234-1243-12345678901u"
    },
    {
      "type": {
        "coding": [
          {
            "system": "http://hl7.org/fhir/us/carin-bb/CodeSystem/C4BBIdentifierType",
            "code": "pt"
          }
        ]
      },
      "system": "https://www.xxxhealthplan.com/fhir/patacctnum",
      "value": "1234-234-1243-12345678901a"
    }
  ],
  "active": true,
  "name": [
    {
      "family": "Example1",
      "given": [
        "Johnny"
      ]
    }
  ],
  "telecom": [
    {
      "system": "phone",
      "value": "(301)666-1212",
      "rank": 2
    }
  ],
  "gender": "male",
  "birthDate": "1986-01-01",
  "address": [
    {
      "type": "physical",
      "line": [
        "123 Main Street"
      ],
      "city": "Pittsburgh",
      "state": "PA",
      "postalCode": "12519"
    }
  ],
  "maritalStatus": {
    "coding": [
      {
        "system": "http://terminology.hl7.org/CodeSystem/v3-NullFlavor",
        "code": "UNK"
      }
    ]
  }
}