<?xml version="1.0" encoding="UTF-8"?>

<Practitioner xmlns="http://hl7.org/fhir">
  <id value="bd61d275-2001-4017-8df2-51ef16c63d48"/>
  <meta>
    <versionId value="2"/>
    <lastUpdated value="2020-09-17T20:48:23.024+00:00"/>
  </meta>
  <text>
    <status value="generated"/><div xmlns="http://www.w3.org/1999/xhtml"><p><b>Generated Narrative</b></p><h3>Ids</h3><table class="grid"><tr><td>-</td></tr><tr><td>*</td></tr></table><h3>Meta</h3><table class="grid"><tr><td>-</td></tr><tr><td>*</td></tr></table><p><b>identifier</b>: id: 456624645660 (OFFICIAL)</p><p><b>name</b>: Dr. Nia Bartoletti</p></div>
  </text>
  <identifier>
    <use value="official"/>
    <system value="https://npiregistry.cms.hhs.gov/"/>
    <value value="456624645660"/>
  </identifier>
  <name>
    <text value="Dr. Nia Bartoletti"/>
  </name>
</Practitioner>