<?xml version="1.0" encoding="UTF-8"?>

<Practitioner xmlns="http://hl7.org/fhir">
  <id value="Practitioner1UPMC"/>
  <meta>
    <lastUpdated value="2020-09-17T15:34:39.0226436-04:00"/>
    <source value="Organization/Organization1UPMC"/>
    <profile value="http://hl7.org/fhir/us/carin-bb/StructureDefinition/C4BB-Practitioner"/>
  </meta>
  <language value="en-US"/>
  <text>
    <status value="generated"/><div xmlns="http://www.w3.org/1999/xhtml" xml:lang="en-US" lang="en-US"><p><b>Generated Narrative</b></p><h3>Ids</h3><table class="grid"><tr><td>-</td></tr><tr><td>*</td></tr></table><h3>Meta</h3><table class="grid"><tr><td>-</td></tr><tr><td>*</td></tr></table><p><b>language</b>: en-US</p><p><b>identifier</b>: id: 1234567890</p><p><b>active</b>: false</p><p><b>name</b>: John Smith </p></div>
  </text>
  <identifier>
    <system value="http://hl7.org/fhir/sid/us-npi"/>
    <value value="1234567890"/>
  </identifier>
  <active value="false"/>
  <name>
    <family value="Smith"/>
    <given value="John"/>
    <prefix value="DR"/>
  </name>
</Practitioner>