{
  "resourceType": "SearchParameter",
  "id": "carin-bb-searchparameter-explanationofbenefit-created",
  "meta": {
    "versionId": "1",
    "lastUpdated": "2019-12-16T06:41:13.000+00:00"
  },
  "text": {
    "status": "generated",
    "div": "<div xmlns=\"http://www.w3.org/1999/xhtml\"><h2>SearchParameter: CARINBlueButton_ExplanationOfBenefit_Created_SearchParameter</h2><p><b> description</b> : The creation date for the EOB\n         </p></div>"
  },
  "extension": [
    {
      "url": "http://hl7.org/fhir/StructureDefinition/structuredefinition-standards-status",
      "valueCode": "trial-use"
    }
  ],
  "url": "http://hl7.org/fhir/us/carin/SearchParameter/carin-bb-searchparameter-explanationofbenefit-created",
  "version": "0.1.0",
  "name": "CARINBlueButton_ExplanationOfBenefit_Created_SearchParameter",
  "derivedFrom": "http://hl7.org/fhir/SearchParameter/ExplanationOfBenefit-created",
  "status": "active",
  "experimental": false,
  "date": "2019-12-01T09:48:45+00:00",
  "publisher": "HL7 Financial Management Working Group",
  "contact": [
    {
      "name": "HL7 Financial Management Working Group",
      "telecom": [
        {
          "system": "url",
          "value": "http://www.hl7.org/Special/committees/fm/index.cfm"
        },
        {
          "system": "email",
          "value": "fm@lists.HL7.org"
        }
      ]
    }
  ],
  "description": "The creation date for the EOB",
  "jurisdiction": [
    {
      "coding": [
        {
          "system": "urn:iso:std:iso:3166",
          "code": "US",
          "display": "United States of America"
        }
      ]
    }
  ],
  "code": "created",
  "base": [
    "ExplanationOfBenefit"
  ],
  "type": "date",
  "expression": "explanationofbenefit.created",
  "xpath": "f:explanationofbenefit/f:created",
  "xpathUsage": "normal",
  "comparator": [
    "eq",
    "ne",
    "gt",
    "ge",
    "lt",
    "le",
    "sa",
    "eb",
    "ap"
  ]
}