<?xml version="1.0" encoding="UTF-8"?>

<SearchParameter xmlns="http://hl7.org/fhir">
  <id value="explanationofbenefit-patient"/>
  <meta>
    <versionId value="1"/>
    <lastUpdated value="2019-12-16T06:41:13.000+00:00"/>
  </meta>
  <text>
    <status value="generated"/><div xmlns="http://www.w3.org/1999/xhtml"><p><b>Generated Narrative</b></p><p><b>id</b>: explanationofbenefit-patient</p><p><b>meta</b>: </p><p><b>url</b>: <a href="http://hl7.org/fhir/us/carin/SearchParameter/explanationofbenefit-patient">http://hl7.org/fhir/us/carin/SearchParameter/explanationofbenefit-patient</a></p><p><b>version</b>: 0.2.1</p><p><b>name</b>: ExplanationOfBenefit_Patient</p><p><b>derivedFrom</b>: <a href="http://hl7.org/fhir/SearchParameter/ExplanationOfBenefit-patient">http://hl7.org/fhir/SearchParameter/ExplanationOfBenefit-patient</a></p><p><b>status</b>: active</p><p><b>experimental</b>: false</p><p><b>date</b>: Dec 1, 2019, 9:48:45 AM</p><p><b>publisher</b>: HL7 Financial Management Working Group</p><p><b>contact</b>: HL7 Financial Management Working Group: http://www.hl7.org/Special/committees/fm/index.cfm,fm@lists.HL7.org</p><p><b>description</b>: The reference to the patient</p><p><b>jurisdiction</b>: <span title="Codes: {urn:iso:std:iso:3166 US}">United States of America</span></p><p><b>code</b>: patient</p><p><b>base</b>: ExplanationOfBenefit</p><p><b>type</b>: reference</p><p><b>expression</b>: ExplanationOfBenefit.patient</p><p><b>xpath</b>: f:ExplanationOfBenefit/f:patient</p><p><b>xpathUsage</b>: normal</p><p><b>target</b>: Patient</p></div>
  </text>
  <extension url="http://hl7.org/fhir/StructureDefinition/structuredefinition-standards-status">
    <valueCode value="trial-use"/>
  </extension>
  <url value="http://hl7.org/fhir/us/carin/SearchParameter/explanationofbenefit-patient"/>
  <version value="0.2.1"/>
  <name value="ExplanationOfBenefit_Patient"/>
  <derivedFrom value="http://hl7.org/fhir/SearchParameter/ExplanationOfBenefit-patient"/>
  <status value="active"/>
  <experimental value="false"/>
  <date value="2019-12-01T09:48:45+00:00"/>
  <publisher value="HL7 Financial Management Working Group"/>
  <contact>
    <name value="HL7 Financial Management Working Group"/>
    <telecom>
      <system value="url"/>
      <value value="http://www.hl7.org/Special/committees/fm/index.cfm"/>
    </telecom>
    <telecom>
      <system value="email"/>
      <value value="fm@lists.HL7.org"/>
    </telecom>
  </contact>
  <description value="The reference to the patient"/>
  <jurisdiction>
    <coding>
      <system value="urn:iso:std:iso:3166"/>
      <code value="US"/>
    </coding>
  </jurisdiction>
  <code value="patient"/>
  <base value="ExplanationOfBenefit"/>
  <type value="reference"/>
  <expression value="ExplanationOfBenefit.patient"/>
  <xpath value="f:ExplanationOfBenefit/f:patient"/>
  <xpathUsage value="normal"/>
  <target value="Patient"/>
</SearchParameter>