{
  "resourceType": "SearchParameter",
  "id": "carin-bb-searchparameter-explanationofbenefit-identifier",
  "meta": {
    "versionId": "1",
    "lastUpdated": "2020-03-31T06:41:13.000+00:00"
  },
  "text": {
    "status": "generated",
    "div": "<div xmlns=\"http://www.w3.org/1999/xhtml\"><h2>SearchParameter: CARINBlueButton_ExplanationOfBenefit_Identifier_SearchParameter</h2><p><b> description</b> : The business/claim identifier of the Explanation of Benefit</p></div>"
  },
  "extension": [
    {
      "url": "http://hl7.org/fhir/StructureDefinition/structuredefinition-standards-status",
      "valueCode": "trial-use"
    }
  ],
  "url": "http://hl7.org/fhir/us/carin/SearchParameter/carin-bb-searchparameter-explanationofbenefit-identifier",
  "version": "0.1.0",
  "name": "CARINBlueButton_ExplanationOfBenefit_Identifier_SearchParameter",
  "status": "draft",
  "experimental": false,
  "date": "2020-03-31T19:48:45+10:00",
  "publisher": "HL7 Financial Management Working Group",
  "contact": [
    {
      "name": "HL7 Financial Management Working Group",
      "telecom": [
        {
          "system": "url",
          "value": "http://www.hl7.org/Special/committees/fm/index.cfm"
        },
        {
          "system": "email",
          "value": "fm@lists.HL7.org"
        }
      ]
    }
  ],
  "description": "The business/claim identifier of the Explanation of Benefit",
  "jurisdiction": [
    {
      "coding": [
        {
          "system": "urn:iso:std:iso:3166",
          "code": "US",
          "display": "United States of America"
        }
      ]
    }
  ],
  "code": "identifier",
  "base": [
    "ExplanationOfBenefit"
  ],
  "type": "token",
  "expression": "ExplanationOfBenefit.identifier",
  "xpath": "f:ExplanationOfBenefit/f:identifier",
  "xpathUsage": "normal"
}