<?xml version="1.0" encoding="UTF-8"?>

<SearchParameter xmlns="http://hl7.org/fhir">
  <id value="carin-bb-searchparameter-explanationofbenefit-service-date"/>
  <meta>
    <versionId value="1"/>
    <lastUpdated value="2020-03-31T06:41:13.000+00:00"/>
  </meta>
  <text>
    <status value="generated"/><div xmlns="http://www.w3.org/1999/xhtml"><h2>SearchParameter: CARINBlueButton_ExplanationOfBenefit_ServiceDate_SearchParameter</h2><p><b> description</b> : Date of the service for the EOB
         </p></div>
  </text>
  <extension url="http://hl7.org/fhir/StructureDefinition/structuredefinition-standards-status">
    <valueCode value="trial-use"/>
  </extension>
  <url value="http://hl7.org/fhir/us/carin/SearchParameter/carin-bb-searchparameter-explanationofbenefit-service-date"/>
  <version value="0.1.0"/>
  <name value="CARINBlueButton_ExplanationOfBenefit_ServiceDate_SearchParameter"/>
  <status value="active"/>
  <experimental value="false"/>
  <date value="2020-03-31T09:48:45+00:00"/>
  <publisher value="HL7 Financial Management Working Group"/>
  <contact>
    <name value="HL7 Financial Management Working Group"/>
    <telecom>
      <system value="url"/>
      <value value="http://www.hl7.org/Special/committees/fm/index.cfm"/>
    </telecom>
    <telecom>
      <system value="email"/>
      <value value="fm@lists.HL7.org"/>
    </telecom>
  </contact>
  <description value="Date of the service for the EOB"/>
  <jurisdiction>
    <coding>
      <system value="urn:iso:std:iso:3166"/>
      <code value="US"/>
      <display value="United States of America"/>
    </coding>
  </jurisdiction>
  <code value="service-date"/>
  <base value="ExplanationOfBenefit"/>
  <type value="date"/>
  <expression value="ExplanationOfBenefit.billablePeriod | ExplanationOfBenefit.serviced as Date |  ExplanationOfBenefit.serviced as Period"/>
  <xpath value="f:ExplanationOfBenefit/f:billablePeriod | f:ExplanationOfBenefit/f:serviced/f:servicedDate | f:ExplanationOfBenefit/f:serviced/f:servicedPeriod"/>
  <xpathUsage value="normal"/>
  <comparator value="eq"/>
  <comparator value="ne"/>
  <comparator value="gt"/>
  <comparator value="ge"/>
  <comparator value="lt"/>
  <comparator value="le"/>
  <comparator value="sa"/>
  <comparator value="eb"/>
  <comparator value="ap"/>
</SearchParameter>