{
  "resourceType": "SearchParameter",
  "id": "explanationofbenefit-insurer",
  "meta": {
    "versionId": "1",
    "lastUpdated": "2020-03-31T06:41:13.000+00:00"
  },
  "text": {
    "status": "generated",
    "div": "<div xmlns=\"http://www.w3.org/1999/xhtml\"><h2>SearchParameter: CARINBlueButton_ExplanationOfBenefit_Insurer_SearchParameter</h2><p><b> description</b> : The party responsible for the claim\n         </p></div>"
  },
  "extension": [
    {
      "url": "http://hl7.org/fhir/StructureDefinition/structuredefinition-standards-status",
      "valueCode": "trial-use"
    }
  ],
  "url": "http://hl7.org/fhir/us/carin-bb/SearchParameter/explanationofbenefit-insurer",
  "version": "0.3.2",
  "name": "CARINBlueButton_ExplanationOfBenefit_Insurer_SearchParameter",
  "status": "active",
  "experimental": false,
  "date": "2020-03-31T09:48:45+00:00",
  "publisher": "HL7 Financial Management Working Group",
  "contact": [
    {
      "name": "HL7 Financial Management Working Group",
      "telecom": [
        {
          "system": "url",
          "value": "http://www.hl7.org/Special/committees/fm/index.cfm"
        },
        {
          "system": "email",
          "value": "fm@lists.HL7.org"
        }
      ]
    }
  ],
  "description": "The party responsible for the claim",
  "jurisdiction": [
    {
      "coding": [
        {
          "system": "urn:iso:std:iso:3166",
          "code": "US"
        }
      ]
    }
  ],
  "code": "insurer",
  "base": [
    "ExplanationOfBenefit"
  ],
  "type": "reference",
  "expression": "ExplanationOfBenefit.insurer",
  "xpath": "f:ExplanationOfBenefit/f:insurer",
  "xpathUsage": "normal",
  "target": [
    "Organization"
  ]
}