<?xml version="1.0" encoding="UTF-8"?>

<SearchParameter xmlns="http://hl7.org/fhir">
  <id value="explanationofbenefit-identifier"/>
  <meta>
    <versionId value="1"/>
    <lastUpdated value="2020-03-31T06:41:13.000+00:00"/>
  </meta>
  <text>
    <status value="generated"/><div xmlns="http://www.w3.org/1999/xhtml"><p><b>Generated Narrative</b></p><p><b>id</b>: explanationofbenefit-identifier</p><p><b>meta</b>: </p><p><b>url</b>: <a href="http://hl7.org/fhir/us/carin-bb/SearchParameter/explanationofbenefit-identifier">http://hl7.org/fhir/us/carin-bb/SearchParameter/explanationofbenefit-identifier</a></p><p><b>version</b>: 0.1.3</p><p><b>name</b>: ExplanationOfBenefit_Identifier</p><p><b>derivedFrom</b>: <a href="http://hl7.org/fhir/SearchParameter/ExplanationOfBenefit-identifier">http://hl7.org/fhir/SearchParameter/ExplanationOfBenefit-identifier</a></p><p><b>status</b>: draft</p><p><b>experimental</b>: false</p><p><b>date</b>: Mar 31, 2020, 9:48:45 AM</p><p><b>publisher</b>: HL7 Financial Management Working Group</p><p><b>contact</b>: HL7 Financial Management Working Group: http://www.hl7.org/Special/committees/fm/index.cfm,fm@lists.HL7.org</p><p><b>description</b>: The business/claim identifier of the Explanation of Benefit</p><p><b>jurisdiction</b>: <span title="Codes: {urn:iso:std:iso:3166 US}">United States of America</span></p><p><b>code</b>: identifier</p><p><b>base</b>: ExplanationOfBenefit</p><p><b>type</b>: token</p><p><b>expression</b>: ExplanationOfBenefit.identifier</p><p><b>xpath</b>: f:ExplanationOfBenefit/f:identifier</p><p><b>xpathUsage</b>: normal</p></div>
  </text>
  <extension url="http://hl7.org/fhir/StructureDefinition/structuredefinition-standards-status">
    <valueCode value="trial-use"/>
  </extension>
  <url value="http://hl7.org/fhir/us/carin-bb/SearchParameter/explanationofbenefit-identifier"/>
  <version value="0.1.3"/>
  <name value="ExplanationOfBenefit_Identifier"/>
  <derivedFrom value="http://hl7.org/fhir/SearchParameter/ExplanationOfBenefit-identifier"/>
  <status value="draft"/>
  <experimental value="false"/>
  <date value="2020-03-31T19:48:45+10:00"/>
  <publisher value="HL7 Financial Management Working Group"/>
  <contact>
    <name value="HL7 Financial Management Working Group"/>
    <telecom>
      <system value="url"/>
      <value value="http://www.hl7.org/Special/committees/fm/index.cfm"/>
    </telecom>
    <telecom>
      <system value="email"/>
      <value value="fm@lists.HL7.org"/>
    </telecom>
  </contact>
  <description value="The business/claim identifier of the Explanation of Benefit"/>
  <jurisdiction>
    <coding>
      <system value="urn:iso:std:iso:3166"/>
      <code value="US"/>
    </coding>
  </jurisdiction>
  <code value="identifier"/>
  <base value="ExplanationOfBenefit"/>
  <type value="token"/>
  <expression value="ExplanationOfBenefit.identifier"/>
  <xpath value="f:ExplanationOfBenefit/f:identifier"/>
  <xpathUsage value="normal"/>
</SearchParameter>