{
  "resourceType": "SearchParameter",
  "id": "practitionerrole-practitioner",
  "text": {
    "status": "generated",
    "div": "<div xmlns=\"http://www.w3.org/1999/xhtml\"><p><b>Generated Narrative</b></p><p><b>id</b>: practitionerrole-practitioner</p><p><b>url</b>: <a href=\"http://hl7.org/fhir/us/carin-bb/SearchParameter/practitionerrole-practitioner\">http://hl7.org/fhir/us/carin-bb/SearchParameter/practitionerrole-practitioner</a></p><p><b>version</b>: 0.4.0</p><p><b>name</b>: practitioner</p><p><b>derivedFrom</b>: <a href=\"http://hl7.org/fhir/SearchParameter/PractitionerRole-practitioner\">http://hl7.org/fhir/SearchParameter/PractitionerRole-practitioner</a></p><p><b>status</b>: draft</p><p><b>experimental</b>: false</p><p><b>date</b>: Oct 31, 2019, 10:29:23 PM</p><p><b>publisher</b>: HL7 Financial Management Working Group</p><p><b>contact</b>: HL7 Financial Management Working Group: http://www.hl7.org/Special/committees/fm/index.cfm,fm@lists.HL7.org</p><p><b>description</b>: Practitioner that is able to provide the defined services for the organization</p><p><b>jurisdiction</b>: <span title=\"Codes: {urn:iso:std:iso:3166 US}\">United States of America</span></p><p><b>code</b>: practitioner</p><p><b>base</b>: PractitionerRole</p><p><b>type</b>: reference</p><p><b>expression</b>: PractitionerRole.practitioner</p><p><b>xpath</b>: f:PractitionerRole/f:practitioner</p><p><b>xpathUsage</b>: normal</p><p><b>target</b>: Practitioner</p></div>"
  },
  "extension": [
    {
      "url": "http://hl7.org/fhir/StructureDefinition/structuredefinition-standards-status",
      "valueCode": "trial-use"
    }
  ],
  "url": "http://hl7.org/fhir/us/carin-bb/SearchParameter/practitionerrole-practitioner",
  "version": "0.4.0",
  "name": "practitioner",
  "derivedFrom": "http://hl7.org/fhir/SearchParameter/PractitionerRole-practitioner",
  "status": "draft",
  "experimental": false,
  "date": "2019-11-01T09:29:23+11:00",
  "publisher": "HL7 Financial Management Working Group",
  "contact": [
    {
      "name": "HL7 Financial Management Working Group",
      "telecom": [
        {
          "system": "url",
          "value": "http://www.hl7.org/Special/committees/fm/index.cfm"
        },
        {
          "system": "email",
          "value": "fm@lists.HL7.org"
        }
      ]
    }
  ],
  "description": "Practitioner that is able to provide the defined services for the organization",
  "jurisdiction": [
    {
      "coding": [
        {
          "system": "urn:iso:std:iso:3166",
          "code": "US"
        }
      ]
    }
  ],
  "code": "practitioner",
  "base": [
    "PractitionerRole"
  ],
  "type": "reference",
  "expression": "PractitionerRole.practitioner",
  "xpath": "f:PractitionerRole/f:practitioner",
  "xpathUsage": "normal",
  "target": [
    "Practitioner"
  ]
}