"Path","Slice Name","Alias(s)","Label","Min","Max","Must Support?","Is Modifier?","Is Summary?","Type(s)","Short","Definition","Comments","Requirements","Default Value","Meaning When Missing","Fixed Value","Pattern","Example","Minimum Value","Maximum Value","Maximum Length","Binding Strength","Binding Description","Binding Value Set","Code","Slicing Discriminator","Slicing Description","Slicing Ordered","Slicing Rules","Base Path","Base Min","Base Max","Condition(s)","Constraint(s)","Mapping: Workflow Pattern","Mapping: RIM Mapping","Mapping: FiveWs Pattern Mapping","Mapping: Canadian Dental Association eclaims standard","Mapping: HL7 v2 Mapping","Mapping: Canadian Pharmacy Associaiton eclaims standard"
"Coverage","","","",0,*,"","","","","Insurance or medical plan or a payment agreement","Financial instrument which may be used to reimburse or pay for health care products and services. Includes both insurance and self-payment.","The Coverage resource contains the insurance card level information, which is customary to provide on claims and other communications between providers and insurers.","","","","","","","","",,,,,"",,,,"Coverage",0,*,"","dom-2:If the resource is contained in another resource, it SHALL NOT contain nested Resources {contained.contained.empty()}
dom-3:If the resource is contained in another resource, it SHALL be referred to from elsewhere in the resource or SHALL refer to the containing resource {contained.where((('#'+id in (%resource.descendants().reference | %resource.descendants().as(canonical) | %resource.descendants().as(uri) | %resource.descendants().as(url))) or descendants().where(reference = '#').exists() or descendants().where(as(canonical) = '#').exists() or descendants().where(as(canonical) = '#').exists()).not()).trace('unmatched', id).empty()}dom-4:If a resource is contained in another resource, it SHALL NOT have a meta.versionId or a meta.lastUpdated {contained.meta.versionId.empty() and contained.meta.lastUpdated.empty()}dom-5:If a resource is contained in another resource, it SHALL NOT have a security label {contained.meta.security.empty()}dom-6:A resource should have narrative for robust management {text.`div`.exists()}","Event","Entity. Role, or Act","Coverage"
"Coverage.id","","","",0,1,"","","Y","string {[]} {[]}
","Logical id of this artifact","The logical id of the resource, as used in the URL for the resource. Once assigned, this value never changes.","The only time that a resource does not have an id is when it is being submitted to the server using a create operation.","","","","","","","","",,,,,"",,,,"Resource.id",0,1,"",""
"Coverage.meta","","","",0,1,"","","Y","Meta {[]} {[]}
","Metadata about the resource","The metadata about the resource. This is content that is maintained by the infrastructure. Changes to the content might not always be associated with version changes to the resource.","","","","","","","","","",,,,,"",,,,"Resource.meta",0,1,"","ele-1:All FHIR elements must have a @value or children {hasValue() or (children().count() > id.count())}
"
"Coverage.meta.id","","","",0,1,"","","","string {[]} {[]}
","Unique id for inter-element referencing","Unique id for the element within a resource (for internal references). This may be any string value that does not contain spaces.","","","","","","","","","",,,,,"",,,,"Element.id",0,1,"","","n/a"
"Coverage.meta.extension","","extensions
user content","",0,*,"","","","Extension {[]} {[]}
","Additional content defined by implementations","May be used to represent additional information that is not part of the basic definition of the element. To make the use of extensions safe and manageable, there is a strict set of governance  applied to the definition and use of extensions. Though any implementer can define an extension, there is a set of requirements that SHALL be met as part of the definition of the extension.","There can be no stigma associated with the use of extensions by any application, project, or standard - regardless of the institution or jurisdiction that uses or defines the extensions.  The use of extensions is what allows the FHIR specification to retain a core level of simplicity for everyone.","","","","","","","","",,,,,"","value:url}
","Extensions are always sliced by (at least) url",,"open","Element.extension",0,*,"","ele-1:All FHIR elements must have a @value or children {hasValue() or (children().count() > id.count())}
ext-1:Must have either extensions or value[x], not both {extension.exists() != value.exists()}","n/a"
"Coverage.meta.versionId","","","",0,1,"","","Y","id {[]} {[]}
","Version specific identifier","The version specific identifier, as it appears in the version portion of the URL. This value changes when the resource is created, updated, or deleted.","The server assigns this value, and ignores what the client specifies, except in the case that the server is imposing version integrity on updates/deletes.","","","","","","","","",,,,,"",,,,"Meta.versionId",0,1,"","ele-1:All FHIR elements must have a @value or children {hasValue() or (children().count() > id.count())}
"
"Coverage.meta.lastUpdated","","","",1,1,"Y","","Y","instant {[]} {[]}
","When the resource version last changed","When the resource last changed - e.g. when the version changed.","This value is always populated except when the resource is first being created. The server / resource manager sets this value; what a client provides is irrelevant. This is equivalent to the HTTP Last-Modified and SHOULD have the same value on a [read](http://hl7.org/fhir/R4/http.html#read) interaction.","","","","","","","","",,,,,"",,,,"Meta.lastUpdated",0,1,"","ele-1:All FHIR elements must have a @value or children {hasValue() or (children().count() > id.count())}
"
"Coverage.meta.source","","","",0,1,"","","Y","uri {[]} {[]}
","Identifies where the resource comes from","A uri that identifies the source system of the resource. This provides a minimal amount of [Provenance](http://hl7.org/fhir/R4/provenance.html#) information that can be used to track or differentiate the source of information in the resource. The source may identify another FHIR server, document, message, database, etc.","In the provenance resource, this corresponds to Provenance.entity.what[x]. The exact use of the source (and the implied Provenance.entity.role) is left to implementer discretion. Only one nominated source is allowed; for additional provenance details, a full Provenance resource should be used. 

This element can be used to indicate where the current master source of a resource that has a canonical URL if the resource is no longer hosted at the canonical URL.","","","","","","","","",,,,,"",,,,"Meta.source",0,1,"","ele-1:All FHIR elements must have a @value or children {hasValue() or (children().count() > id.count())}
"
"Coverage.meta.profile","","","",1,*,"Y","","Y","canonical {[]} {[CanonicalType[http://hl7.org/fhir/StructureDefinition/StructureDefinition]]}
","Profiles this resource claims to conform to","A list of profiles (references to [StructureDefinition](http://hl7.org/fhir/R4/structuredefinition.html#) resources) that this resource claims to conform to. The URL is a reference to [StructureDefinition.url](http://hl7.org/fhir/R4/structuredefinition-definitions.html#StructureDefinition.url).","It is up to the server and/or other infrastructure of policy to determine whether/how these claims are verified and/or updated over time.  The list of profile URLs is a set.","","","","","","","","",,,,,"",,,,"Meta.profile",0,*,"","ele-1:All FHIR elements must have a @value or children {hasValue() or (children().count() > id.count())}
"
"Coverage.meta.security","","","",0,*,"","","Y","Coding {[]} {[]}
","Security Labels applied to this resource","Security labels applied to this resource. These tags connect specific resources to the overall security policy and infrastructure.","The security labels can be updated without changing the stated version of the resource. The list of security labels is a set. Uniqueness is based the system/code, and version and display are ignored.","","","","","","","","",,"extensible","Security Labels from the Healthcare Privacy and Security Classification System.","http://hl7.org/fhir/ValueSet/security-labels","",,,,"Meta.security",0,*,"","ele-1:All FHIR elements must have a @value or children {hasValue() or (children().count() > id.count())}
"
"Coverage.meta.tag","","","",0,*,"","","Y","Coding {[]} {[]}
","Tags applied to this resource","Tags applied to this resource. Tags are intended to be used to identify and relate resources to process and workflow, and applications are not required to consider the tags when interpreting the meaning of a resource.","The tags can be updated without changing the stated version of the resource. The list of tags is a set. Uniqueness is based the system/code, and version and display are ignored.","","","","","","","","",,"example","Codes that represent various types of tags, commonly workflow-related; e.g. ""Needs review by Dr. Jones"".","http://hl7.org/fhir/ValueSet/common-tags","",,,,"Meta.tag",0,*,"","ele-1:All FHIR elements must have a @value or children {hasValue() or (children().count() > id.count())}
"
"Coverage.implicitRules","","","",0,1,"","Y","Y","uri {[]} {[]}
","A set of rules under which this content was created","A reference to a set of rules that were followed when the resource was constructed, and which must be understood when processing the content. Often, this is a reference to an implementation guide that defines the special rules along with other profiles etc.","Asserting this rule set restricts the content to be only understood by a limited set of trading partners. This inherently limits the usefulness of the data in the long term. However, the existing health eco-system is highly fractured, and not yet ready to define, collect, and exchange data in a generally computable sense. Wherever possible, implementers and/or specification writers should avoid using this element. Often, when used, the URL is a reference to an implementation guide that defines these special rules as part of it's narrative along with other profiles, value sets, etc.","","","","","","","","",,,,,"",,,,"Resource.implicitRules",0,1,"","ele-1:All FHIR elements must have a @value or children {hasValue() or (children().count() > id.count())}
"
"Coverage.language","","","",0,1,"","","","code {[]} {[]}
","Language of the resource content","The base language in which the resource is written.","Language is provided to support indexing and accessibility (typically, services such as text to speech use the language tag). The html language tag in the narrative applies  to the narrative. The language tag on the resource may be used to specify the language of other presentations generated from the data in the resource. Not all the content has to be in the base language. The Resource.language should not be assumed to apply to the narrative automatically. If a language is specified, it should it also be specified on the div element in the html (see rules in HTML5 for information about the relationship between xml:lang and the html lang attribute).","","","","","","","","",,"preferred","A human language.","http://hl7.org/fhir/ValueSet/languages","",,,,"Resource.language",0,1,"","ele-1:All FHIR elements must have a @value or children {hasValue() or (children().count() > id.count())}
"
"Coverage.text","","narrative
htmlxhtmldisplay","",0,1,"","","","Narrative {[]} {[]}
","Text summary of the resource, for human interpretation","A human-readable narrative that contains a summary of the resource and can be used to represent the content of the resource to a human. The narrative need not encode all the structured data, but is required to contain sufficient detail to make it ""clinically safe"" for a human to just read the narrative. Resource definitions may define what content should be represented in the narrative to ensure clinical safety.","Contained resources do not have narrative. Resources that are not contained SHOULD have a narrative. In some cases, a resource may only have text with little or no additional discrete data (as long as all minOccurs=1 elements are satisfied).  This may be necessary for data from legacy systems where information is captured as a ""text blob"" or where text is additionally entered raw or narrated and encoded information is added later.","","","","","","","","",,,,,"",,,,"DomainResource.text",0,1,"","ele-1:All FHIR elements must have a @value or children {hasValue() or (children().count() > id.count())}
","Act.text?"
"Coverage.contained","","inline resources
anonymous resourcescontained resources","",0,*,"","","","Resource {[]} {[]}
","Contained, inline Resources","These resources do not have an independent existence apart from the resource that contains them - they cannot be identified independently, and nor can they have their own independent transaction scope.","This should never be done when the content can be identified properly, as once identification is lost, it is extremely difficult (and context dependent) to restore it again. Contained resources may have profiles and tags In their meta elements, but SHALL NOT have security labels.","","","","","","","","",,,,,"",,,,"DomainResource.contained",0,*,"","","N/A"
"Coverage.extension","","extensions
user content","",0,*,"","","","Extension {[]} {[]}
","Additional content defined by implementations","May be used to represent additional information that is not part of the basic definition of the resource. To make the use of extensions safe and manageable, there is a strict set of governance  applied to the definition and use of extensions. Though any implementer can define an extension, there is a set of requirements that SHALL be met as part of the definition of the extension.","There can be no stigma associated with the use of extensions by any application, project, or standard - regardless of the institution or jurisdiction that uses or defines the extensions.  The use of extensions is what allows the FHIR specification to retain a core level of simplicity for everyone.","","","","","","","","",,,,,"",,,,"DomainResource.extension",0,*,"","ele-1:All FHIR elements must have a @value or children {hasValue() or (children().count() > id.count())}
ext-1:Must have either extensions or value[x], not both {extension.exists() != value.exists()}","N/A"
"Coverage.modifierExtension","","extensions
user content","",0,*,"","Y","","Extension {[]} {[]}
","Extensions that cannot be ignored","May be used to represent additional information that is not part of the basic definition of the resource and that modifies the understanding of the element that contains it and/or the understanding of the containing element's descendants. Usually modifier elements provide negation or qualification. To make the use of extensions safe and manageable, there is a strict set of governance applied to the definition and use of extensions. Though any implementer is allowed to define an extension, there is a set of requirements that SHALL be met as part of the definition of the extension. Applications processing a resource are required to check for modifier extensions.

Modifier extensions SHALL NOT change the meaning of any elements on Resource or DomainResource (including cannot change the meaning of modifierExtension itself).","There can be no stigma associated with the use of extensions by any application, project, or standard - regardless of the institution or jurisdiction that uses or defines the extensions.  The use of extensions is what allows the FHIR specification to retain a core level of simplicity for everyone.","Modifier extensions allow for extensions that *cannot* be safely ignored to be clearly distinguished from the vast majority of extensions which can be safely ignored.  This promotes interoperability by eliminating the need for implementers to prohibit the presence of extensions. For further information, see the [definition of modifier extensions](http://hl7.org/fhir/R4/extensibility.html#modifierExtension).","","","","","","","",,,,,"",,,,"DomainResource.modifierExtension",0,*,"","ele-1:All FHIR elements must have a @value or children {hasValue() or (children().count() > id.count())}
ext-1:Must have either extensions or value[x], not both {extension.exists() != value.exists()}","N/A"
"Coverage.identifier","","","",0,*,"Y","","Y","Identifier {[]} {[]}
","Business Identifier for the coverage","A unique identifier assigned to this coverage.","The main (and possibly only) identifier for the coverage - often referred to as a Member Id, Certificate number, Personal Health Number or Case ID. May be constructed as the concatenation of the Coverage.SubscriberID and the Coverage.dependant.","Allows coverages to be distinguished and referenced.","","","","","","","",,,,,"",,,,"Coverage.identifier",0,*,"","ele-1:All FHIR elements must have a @value or children {hasValue() or (children().count() > id.count())}
","Event.identifier",".id","FiveWs.identifier","C02","IN1-2","C.32, C.33, C.39"
"Coverage.status","","","",1,1,"Y","Y","Y","code {[]} {[]}
","active | cancelled | draft | entered-in-error","The status of the resource instance.","This element is labeled as a modifier because the status contains the code entered-in-error that marks the coverage as not currently valid.","Need to track the status of the resource as 'draft' resources may undergo further edits while 'active' resources are immutable and may only have their status changed to 'cancelled'.","","","","","","","",,"required","A code specifying the state of the resource instance.","http://hl7.org/fhir/ValueSet/fm-status|4.0.1","",,,,"Coverage.status",1,1,"","ele-1:All FHIR elements must have a @value or children {hasValue() or (children().count() > id.count())}
","Event.status","Act.status","FiveWs.status"
"Coverage.type","","","",0,1,"","","Y","CodeableConcept {[]} {[]}
","Coverage category such as medical or accident","The type of coverage: social program, medical plan, accident coverage (workers compensation, auto), group health or payment by an individual or organization.","","The order of application of coverages is dependent on the types of coverage.","","","","","","","",,"preferred","The type of insurance: public health, worker compensation; private accident, auto, private health, etc.) or a direct payment by an individual or organization.","http://hl7.org/fhir/ValueSet/coverage-type","",,,,"Coverage.type",0,1,"","ele-1:All FHIR elements must have a @value or children {hasValue() or (children().count() > id.count())}
","FiveWs.class","IN1-15"
"Coverage.policyHolder","","","",0,1,"","","Y","Reference {[]} {[CanonicalType[http://hl7.org/fhir/StructureDefinition/Patient], CanonicalType[http://hl7.org/fhir/StructureDefinition/RelatedPerson], CanonicalType[http://hl7.org/fhir/StructureDefinition/Organization]]}
","Owner of the policy","The party who 'owns' the insurance policy.","For example: may be an individual, corporation or the subscriber's employer.","This provides employer information in the case of Worker's Compensation and other policies.","","","","","","","",,,,,"",,,,"Coverage.policyHolder",0,1,"","ele-1:All FHIR elements must have a @value or children {hasValue() or (children().count() > id.count())}
","FiveWs.subject[x]","FiveWs.subject","D01 through D09","IN1-16, 18,  19-name of insured, address, date of birth","C.35"
"Coverage.subscriber","","","",0,1,"","","Y","Reference {[]} {[CanonicalType[http://hl7.org/fhir/us/carin-bb/StructureDefinition/CARIN-BB-Patient]]}
","Subscriber to the policy","The party who has signed-up for or 'owns' the contractual relationship to the policy or to whom the benefit of the policy for services rendered to them or their family is due.","May be self or a parent in the case of dependants.","This is the party who is entitled to the benfits under the policy.","","","","","","","",,,,,"",,,,"Coverage.subscriber",0,1,"","ele-1:All FHIR elements must have a @value or children {hasValue() or (children().count() > id.count())}
","FiveWs.subject[x]","FiveWs.subject","D01 through D09","IN1-16, 18,  19-name of insured, address, date of birth","C.35"
"Coverage.subscriberId","","","",1,1,"Y","","Y","string {[]} {[]}
","ID assigned to the subscriber","The insurer assigned ID for the Subscriber.","","The insurer requires this identifier on correspondance and claims (digital and otherwise).","","","","","","","",,,,,"",,,,"Coverage.subscriberId",0,1,"","ele-1:All FHIR elements must have a @value or children {hasValue() or (children().count() > id.count())}
","FiveWs.subject[x]","FiveWs.subject","D01 through D09","IN1-16, 18,  19-name of insured, address, date of birth","C.35"
"Coverage.beneficiary","","","",1,1,"Y","","Y","Reference {[]} {[CanonicalType[http://hl7.org/fhir/us/carin-bb/StructureDefinition/CARIN-BB-Patient]]}
","Plan beneficiary","The party who benefits from the insurance coverage; the patient when products and/or services are provided.","","This is the party who receives treatment for which the costs are reimbursed under the coverage.","","","","","","","",,,,,"",,,,"Coverage.beneficiary",1,1,"","ele-1:All FHIR elements must have a @value or children {hasValue() or (children().count() > id.count())}
","Event.subject","FiveWs.subject[x]","FiveWs.subject","D01 through D09","IN1-16, 18,  19-name of insured, address, date of birth","C.35"
"Coverage.dependent","","","",0,1,"","","Y","string {[]} {[]}
","Dependent number","A unique identifier for a dependent under the coverage.","Periodically the member number is constructed from the subscriberId and the dependant number.","For some coverages a single identifier is issued to the Subscriber and then a unique dependent number is issued to each beneficiary.","","","","","","","",,,,,"",,,,"Coverage.dependent",0,1,"","ele-1:All FHIR elements must have a @value or children {hasValue() or (children().count() > id.count())}
","C17","- No exact HL7 v2 equivalent concept seems to exist;"
"Coverage.relationship","","","",1,1,"Y","","","CodeableConcept {[]} {[]}
","Beneficiary relationship to the subscriber","The relationship of beneficiary (patient) to the subscriber.","Typically, an individual uses policies which are theirs (relationship='self') before policies owned by others.","To determine relationship between the patient and the subscriber to determine coordination of benefits.","","","","","","","",,"required","","http://hl7.org/fhir/ValueSet/subscriber-relationship","",,,,"Coverage.relationship",0,1,"","ele-1:All FHIR elements must have a @value or children {hasValue() or (children().count() > id.count())}
","C03"
"Coverage.period","","","",0,1,"","","Y","Period {[]} {[]}
","Coverage start and end dates","Time period during which the coverage is in force. A missing start date indicates the start date isn't known, a missing end date means the coverage is continuing to be in force.","","Some insurers require the submission of the coverage term.","","","","","","","",,,,,"",,,,"Coverage.period",0,1,"","ele-1:All FHIR elements must have a @value or children {hasValue() or (children().count() > id.count())}
","Event.occurrence[x]","Act.effectiveTime","FiveWs.done[x]","IN1-12 / IN1-13"
"Coverage.payor","","","",1,1,"Y","","Y","Reference {[]} {[CanonicalType[http://hl7.org/fhir/us/carin-bb/StructureDefinition/CARIN-BB-Organization]]}
","Issuer of the policy","The program or plan underwriter or payor including both insurance and non-insurance agreements, such as patient-pay agreements.","May provide multiple identifiers such as insurance company identifier or business identifier (BIN number).
For selfpay it may provide multiple paying persons and/or organizations.","Need to identify the issuer to target for claim processing and for coordination of benefit processing.","","","","","","","",,,,,"",,,,"Coverage.payor",1,*,"","ele-1:All FHIR elements must have a @value or children {hasValue() or (children().count() > id.count())}
","FiveWs.author","A05","IN1-3","C.30"
"Coverage.class","","","",2,*,"Y","","","BackboneElement {[]} {[]}
","Additional coverage classifications","A suite of underwriter specific classifiers.","For example may be used to identify a class of coverage or employer group, Policy, Plan.","The codes provided on the health card which identify or confirm the specific policy for the insurer.","","","","","","","",,,,,"","pattern:type}
","Slice based on value pattern",,"open","Coverage.class",0,*,"","ele-1:All FHIR elements must have a @value or children {hasValue() or (children().count() > id.count())}
"
"Coverage.class.id","","","",0,1,"","","","string {[]} {[]}
","Unique id for inter-element referencing","Unique id for the element within a resource (for internal references). This may be any string value that does not contain spaces.","","","","","","","","","",,,,,"",,,,"Element.id",0,1,"","","n/a"
"Coverage.class.extension","","extensions
user content","",0,*,"","","","Extension {[]} {[]}
","Additional content defined by implementations","May be used to represent additional information that is not part of the basic definition of the element. To make the use of extensions safe and manageable, there is a strict set of governance  applied to the definition and use of extensions. Though any implementer can define an extension, there is a set of requirements that SHALL be met as part of the definition of the extension.","There can be no stigma associated with the use of extensions by any application, project, or standard - regardless of the institution or jurisdiction that uses or defines the extensions.  The use of extensions is what allows the FHIR specification to retain a core level of simplicity for everyone.","","","","","","","","",,,,,"",,,,"Element.extension",0,*,"","ele-1:All FHIR elements must have a @value or children {hasValue() or (children().count() > id.count())}
ext-1:Must have either extensions or value[x], not both {extension.exists() != value.exists()}","n/a"
"Coverage.class.modifierExtension","","extensions
user contentmodifiers","",0,*,"","Y","Y","Extension {[]} {[]}
","Extensions that cannot be ignored even if unrecognized","May be used to represent additional information that is not part of the basic definition of the element and that modifies the understanding of the element in which it is contained and/or the understanding of the containing element's descendants. Usually modifier elements provide negation or qualification. To make the use of extensions safe and manageable, there is a strict set of governance applied to the definition and use of extensions. Though any implementer can define an extension, there is a set of requirements that SHALL be met as part of the definition of the extension. Applications processing a resource are required to check for modifier extensions.

Modifier extensions SHALL NOT change the meaning of any elements on Resource or DomainResource (including cannot change the meaning of modifierExtension itself).","There can be no stigma associated with the use of extensions by any application, project, or standard - regardless of the institution or jurisdiction that uses or defines the extensions.  The use of extensions is what allows the FHIR specification to retain a core level of simplicity for everyone.","Modifier extensions allow for extensions that *cannot* be safely ignored to be clearly distinguished from the vast majority of extensions which can be safely ignored.  This promotes interoperability by eliminating the need for implementers to prohibit the presence of extensions. For further information, see the [definition of modifier extensions](http://hl7.org/fhir/R4/extensibility.html#modifierExtension).","","","","","","","",,,,,"",,,,"BackboneElement.modifierExtension",0,*,"","ele-1:All FHIR elements must have a @value or children {hasValue() or (children().count() > id.count())}
ext-1:Must have either extensions or value[x], not both {extension.exists() != value.exists()}","N/A"
"Coverage.class.type","","","",1,1,"","","Y","CodeableConcept {[]} {[]}
","Type of class such as 'group' or 'plan'","The type of classification for which an insurer-specific class label or number and optional name is provided, for example may be used to identify a class of coverage or employer group, Policy, Plan.","","The insurer issued label for a specific health card value.","","","","","","","",,"extensible","The policy classifications, eg. Group, Plan, Class, etc.","http://hl7.org/fhir/ValueSet/coverage-class","",,,,"Coverage.class.type",1,1,"","ele-1:All FHIR elements must have a @value or children {hasValue() or (children().count() > id.count())}
"
"Coverage.class.value","","","",1,1,"","","Y","string {[]} {[]}
","Value associated with the type","The alphanumeric string value associated with the insurer issued label.","For example, the Group or Plan number.","The insurer issued label and value are necessary to identify the specific policy.","","","","","","","",,,,,"",,,,"Coverage.class.value",1,1,"","ele-1:All FHIR elements must have a @value or children {hasValue() or (children().count() > id.count())}
","C11 (Division,Section)","IN1-8","C.31"
"Coverage.class.name","","","",0,1,"Y","","Y","string {[]} {[]}
","Human readable description of the type and value","A short description for the class.","","Used to provide a meaningful description in correspondence to the patient.","","","","","","","",,,,,"",,,,"Coverage.class.name",0,1,"","ele-1:All FHIR elements must have a @value or children {hasValue() or (children().count() > id.count())}
","C11 (Division,Section)","IN1-8","C.31"
"Coverage.class","Group","","",1,1,"","","","BackboneElement {[]} {[]}
","Additional coverage classifications","A suite of underwriter specific classifiers.","For example may be used to identify a class of coverage or employer group, Policy, Plan.","The codes provided on the health card which identify or confirm the specific policy for the insurer.","","","","","","","",,,,,"",,,,"Coverage.class",0,*,"","ele-1:All FHIR elements must have a @value or children {hasValue() or (children().count() > id.count())}
"
"Coverage.class.id","","","",0,1,"","","","string {[]} {[]}
","Unique id for inter-element referencing","Unique id for the element within a resource (for internal references). This may be any string value that does not contain spaces.","","","","","","","","","",,,,,"",,,,"Element.id",0,1,"","","n/a"
"Coverage.class.extension","","extensions
user content","",0,*,"","","","Extension {[]} {[]}
","Additional content defined by implementations","May be used to represent additional information that is not part of the basic definition of the element. To make the use of extensions safe and manageable, there is a strict set of governance  applied to the definition and use of extensions. Though any implementer can define an extension, there is a set of requirements that SHALL be met as part of the definition of the extension.","There can be no stigma associated with the use of extensions by any application, project, or standard - regardless of the institution or jurisdiction that uses or defines the extensions.  The use of extensions is what allows the FHIR specification to retain a core level of simplicity for everyone.","","","","","","","","",,,,,"",,,,"Element.extension",0,*,"","ele-1:All FHIR elements must have a @value or children {hasValue() or (children().count() > id.count())}
ext-1:Must have either extensions or value[x], not both {extension.exists() != value.exists()}","n/a"
"Coverage.class.modifierExtension","","extensions
user contentmodifiers","",0,*,"","Y","Y","Extension {[]} {[]}
","Extensions that cannot be ignored even if unrecognized","May be used to represent additional information that is not part of the basic definition of the element and that modifies the understanding of the element in which it is contained and/or the understanding of the containing element's descendants. Usually modifier elements provide negation or qualification. To make the use of extensions safe and manageable, there is a strict set of governance applied to the definition and use of extensions. Though any implementer can define an extension, there is a set of requirements that SHALL be met as part of the definition of the extension. Applications processing a resource are required to check for modifier extensions.

Modifier extensions SHALL NOT change the meaning of any elements on Resource or DomainResource (including cannot change the meaning of modifierExtension itself).","There can be no stigma associated with the use of extensions by any application, project, or standard - regardless of the institution or jurisdiction that uses or defines the extensions.  The use of extensions is what allows the FHIR specification to retain a core level of simplicity for everyone.","Modifier extensions allow for extensions that *cannot* be safely ignored to be clearly distinguished from the vast majority of extensions which can be safely ignored.  This promotes interoperability by eliminating the need for implementers to prohibit the presence of extensions. For further information, see the [definition of modifier extensions](http://hl7.org/fhir/R4/extensibility.html#modifierExtension).","","","","","","","",,,,,"",,,,"BackboneElement.modifierExtension",0,*,"","ele-1:All FHIR elements must have a @value or children {hasValue() or (children().count() > id.count())}
ext-1:Must have either extensions or value[x], not both {extension.exists() != value.exists()}","N/A"
"Coverage.class.type","","","",1,1,"","","Y","CodeableConcept {[]} {[]}
","Type of class such as 'group' or 'plan'","The type of classification for which an insurer-specific class label or number and optional name is provided, for example may be used to identify a class of coverage or employer group, Policy, Plan.","","The insurer issued label for a specific health card value.","","","","<valueCodeableConcept xmlns=""http://hl7.org/fhir"">
  <coding>
    <system value=""http://terminology.hl7.org/CodeSystem/coverage-class""/>
    <code value=""group""/>
  </coding>
</valueCodeableConcept>","","","",,"extensible","The policy classifications, eg. Group, Plan, Class, etc.","http://hl7.org/fhir/ValueSet/coverage-class","",,,,"Coverage.class.type",1,1,"","ele-1:All FHIR elements must have a @value or children {hasValue() or (children().count() > id.count())}
"
"Coverage.class.value","","","",1,1,"","","Y","string {[]} {[]}
","Value associated with the type","The alphanumeric string value associated with the insurer issued label.","For example, the Group or Plan number.","The insurer issued label and value are necessary to identify the specific policy.","","","","","","","",,,,,"",,,,"Coverage.class.value",1,1,"","ele-1:All FHIR elements must have a @value or children {hasValue() or (children().count() > id.count())}
","C11 (Division,Section)","IN1-8","C.31"
"Coverage.class.name","","","",0,1,"","","Y","string {[]} {[]}
","Human readable description of the type and value","A short description for the class.","","Used to provide a meaningful description in correspondence to the patient.","","","","","","","",,,,,"",,,,"Coverage.class.name",0,1,"","ele-1:All FHIR elements must have a @value or children {hasValue() or (children().count() > id.count())}
","C11 (Division,Section)","IN1-8","C.31"
"Coverage.class","Plan","","",1,1,"","","","BackboneElement {[]} {[]}
","Additional coverage classifications","A suite of underwriter specific classifiers.","For example may be used to identify a class of coverage or employer group, Policy, Plan.","The codes provided on the health card which identify or confirm the specific policy for the insurer.","","","","","","","",,,,,"",,,,"Coverage.class",0,*,"","ele-1:All FHIR elements must have a @value or children {hasValue() or (children().count() > id.count())}
"
"Coverage.class.id","","","",0,1,"","","","string {[]} {[]}
","Unique id for inter-element referencing","Unique id for the element within a resource (for internal references). This may be any string value that does not contain spaces.","","","","","","","","","",,,,,"",,,,"Element.id",0,1,"","","n/a"
"Coverage.class.extension","","extensions
user content","",0,*,"","","","Extension {[]} {[]}
","Additional content defined by implementations","May be used to represent additional information that is not part of the basic definition of the element. To make the use of extensions safe and manageable, there is a strict set of governance  applied to the definition and use of extensions. Though any implementer can define an extension, there is a set of requirements that SHALL be met as part of the definition of the extension.","There can be no stigma associated with the use of extensions by any application, project, or standard - regardless of the institution or jurisdiction that uses or defines the extensions.  The use of extensions is what allows the FHIR specification to retain a core level of simplicity for everyone.","","","","","","","","",,,,,"",,,,"Element.extension",0,*,"","ele-1:All FHIR elements must have a @value or children {hasValue() or (children().count() > id.count())}
ext-1:Must have either extensions or value[x], not both {extension.exists() != value.exists()}","n/a"
"Coverage.class.modifierExtension","","extensions
user contentmodifiers","",0,*,"","Y","Y","Extension {[]} {[]}
","Extensions that cannot be ignored even if unrecognized","May be used to represent additional information that is not part of the basic definition of the element and that modifies the understanding of the element in which it is contained and/or the understanding of the containing element's descendants. Usually modifier elements provide negation or qualification. To make the use of extensions safe and manageable, there is a strict set of governance applied to the definition and use of extensions. Though any implementer can define an extension, there is a set of requirements that SHALL be met as part of the definition of the extension. Applications processing a resource are required to check for modifier extensions.

Modifier extensions SHALL NOT change the meaning of any elements on Resource or DomainResource (including cannot change the meaning of modifierExtension itself).","There can be no stigma associated with the use of extensions by any application, project, or standard - regardless of the institution or jurisdiction that uses or defines the extensions.  The use of extensions is what allows the FHIR specification to retain a core level of simplicity for everyone.","Modifier extensions allow for extensions that *cannot* be safely ignored to be clearly distinguished from the vast majority of extensions which can be safely ignored.  This promotes interoperability by eliminating the need for implementers to prohibit the presence of extensions. For further information, see the [definition of modifier extensions](http://hl7.org/fhir/R4/extensibility.html#modifierExtension).","","","","","","","",,,,,"",,,,"BackboneElement.modifierExtension",0,*,"","ele-1:All FHIR elements must have a @value or children {hasValue() or (children().count() > id.count())}
ext-1:Must have either extensions or value[x], not both {extension.exists() != value.exists()}","N/A"
"Coverage.class.type","","","",1,1,"","","Y","CodeableConcept {[]} {[]}
","Type of class such as 'group' or 'plan'","The type of classification for which an insurer-specific class label or number and optional name is provided, for example may be used to identify a class of coverage or employer group, Policy, Plan.","","The insurer issued label for a specific health card value.","","","","<valueCodeableConcept xmlns=""http://hl7.org/fhir"">
  <coding>
    <system value=""http://terminology.hl7.org/CodeSystem/coverage-class""/>
    <code value=""plan""/>
  </coding>
</valueCodeableConcept>","","","",,"extensible","The policy classifications, eg. Group, Plan, Class, etc.","http://hl7.org/fhir/ValueSet/coverage-class","",,,,"Coverage.class.type",1,1,"","ele-1:All FHIR elements must have a @value or children {hasValue() or (children().count() > id.count())}
"
"Coverage.class.value","","","",1,1,"","","Y","string {[]} {[]}
","Value associated with the type","The alphanumeric string value associated with the insurer issued label.","For example, the Group or Plan number.","The insurer issued label and value are necessary to identify the specific policy.","","","","","","","",,,,,"",,,,"Coverage.class.value",1,1,"","ele-1:All FHIR elements must have a @value or children {hasValue() or (children().count() > id.count())}
","C11 (Division,Section)","IN1-8","C.31"
"Coverage.class.name","","","",0,1,"","","Y","string {[]} {[]}
","Human readable description of the type and value","A short description for the class.","","Used to provide a meaningful description in correspondence to the patient.","","","","","","","",,,,,"",,,,"Coverage.class.name",0,1,"","ele-1:All FHIR elements must have a @value or children {hasValue() or (children().count() > id.count())}
","C11 (Division,Section)","IN1-8","C.31"
"Coverage.order","","","",0,1,"","","Y","positiveInt {[]} {[]}
","Relative order of the coverage","The order of applicability of this coverage relative to other coverages which are currently in force. Note, there may be gaps in the numbering and this does not imply primary, secondary etc. as the specific positioning of coverages depends upon the episode of care.","","Used in managing the coordination of benefits.","","","","","","","",,,,,"",,,,"Coverage.order",0,1,"","ele-1:All FHIR elements must have a @value or children {hasValue() or (children().count() > id.count())}
","- No exact HL7 v2 equivalent concept seems to exist;"
"Coverage.network","","","",0,1,"","","Y","string {[]} {[]}
","Insurer network","The insurer-specific identifier for the insurer-defined network of providers to which the beneficiary may seek treatment which will be covered at the 'in-network' rate, otherwise 'out of network' terms and conditions apply.","","Used in referral for treatment and in claims processing.","","","","","","","",,,,,"",,,,"Coverage.network",0,1,"","ele-1:All FHIR elements must have a @value or children {hasValue() or (children().count() > id.count())}
","D10"
"Coverage.costToBeneficiary","","CoPay
DeductibleExceptions","",0,*,"","","","BackboneElement {[]} {[]}
","Patient payments for services/products","A suite of codes indicating the cost category and associated amount which have been detailed in the policy and may have been  included on the health card.","For example by knowing the patient visit co-pay, the provider can collect the amount prior to undertaking treatment.","Required by providers to manage financial transaction with the patient.","","","","","","","",,,,,"",,,,"Coverage.costToBeneficiary",0,*,"","ele-1:All FHIR elements must have a @value or children {hasValue() or (children().count() > id.count())}
"
"Coverage.costToBeneficiary.id","","","",0,1,"","","","string {[]} {[]}
","Unique id for inter-element referencing","Unique id for the element within a resource (for internal references). This may be any string value that does not contain spaces.","","","","","","","","","",,,,,"",,,,"Element.id",0,1,"","","n/a"
"Coverage.costToBeneficiary.extension","","extensions
user content","",0,*,"","","","Extension {[]} {[]}
","Additional content defined by implementations","May be used to represent additional information that is not part of the basic definition of the element. To make the use of extensions safe and manageable, there is a strict set of governance  applied to the definition and use of extensions. Though any implementer can define an extension, there is a set of requirements that SHALL be met as part of the definition of the extension.","There can be no stigma associated with the use of extensions by any application, project, or standard - regardless of the institution or jurisdiction that uses or defines the extensions.  The use of extensions is what allows the FHIR specification to retain a core level of simplicity for everyone.","","","","","","","","",,,,,"",,,,"Element.extension",0,*,"","ele-1:All FHIR elements must have a @value or children {hasValue() or (children().count() > id.count())}
ext-1:Must have either extensions or value[x], not both {extension.exists() != value.exists()}","n/a"
"Coverage.costToBeneficiary.modifierExtension","","extensions
user contentmodifiers","",0,*,"","Y","Y","Extension {[]} {[]}
","Extensions that cannot be ignored even if unrecognized","May be used to represent additional information that is not part of the basic definition of the element and that modifies the understanding of the element in which it is contained and/or the understanding of the containing element's descendants. Usually modifier elements provide negation or qualification. To make the use of extensions safe and manageable, there is a strict set of governance applied to the definition and use of extensions. Though any implementer can define an extension, there is a set of requirements that SHALL be met as part of the definition of the extension. Applications processing a resource are required to check for modifier extensions.

Modifier extensions SHALL NOT change the meaning of any elements on Resource or DomainResource (including cannot change the meaning of modifierExtension itself).","There can be no stigma associated with the use of extensions by any application, project, or standard - regardless of the institution or jurisdiction that uses or defines the extensions.  The use of extensions is what allows the FHIR specification to retain a core level of simplicity for everyone.","Modifier extensions allow for extensions that *cannot* be safely ignored to be clearly distinguished from the vast majority of extensions which can be safely ignored.  This promotes interoperability by eliminating the need for implementers to prohibit the presence of extensions. For further information, see the [definition of modifier extensions](http://hl7.org/fhir/R4/extensibility.html#modifierExtension).","","","","","","","",,,,,"",,,,"BackboneElement.modifierExtension",0,*,"","ele-1:All FHIR elements must have a @value or children {hasValue() or (children().count() > id.count())}
ext-1:Must have either extensions or value[x], not both {extension.exists() != value.exists()}","N/A"
"Coverage.costToBeneficiary.type","","","",0,1,"","","Y","CodeableConcept {[]} {[]}
","Cost category","The category of patient centric costs associated with treatment.","For example visit, specialist visits, emergency, inpatient care, etc.","Needed to identify the category associated with the amount for the patient.","","","","","","","",,"extensible","The types of services to which patient copayments are specified.","http://hl7.org/fhir/ValueSet/coverage-copay-type","",,,,"Coverage.costToBeneficiary.type",0,1,"","ele-1:All FHIR elements must have a @value or children {hasValue() or (children().count() > id.count())}
"
"Coverage.costToBeneficiary.value[x]","","","",1,1,"","","Y","Quantity {[CanonicalType[http://hl7.org/fhir/StructureDefinition/SimpleQuantity]]} {[]}
Money {[]} {[]}","The amount or percentage due from the beneficiary","The amount due from the patient for the cost category.","Amount may be expressed as a percentage of the service/product cost or a fixed amount of currency.","Needed to identify the amount for the patient associated with the category.","","","","","","","",,,,,"",,,,"Coverage.costToBeneficiary.value[x]",1,1,"","ele-1:All FHIR elements must have a @value or children {hasValue() or (children().count() > id.count())}
","C11 (Division,Section)","IN1-8","C.31"
"Coverage.costToBeneficiary.exception","","","",0,*,"","","","BackboneElement {[]} {[]}
","Exceptions for patient payments","A suite of codes indicating exceptions or reductions to patient costs and their effective periods.","","Required by providers to manage financial transaction with the patient.","","","","","","","",,,,,"",,,,"Coverage.costToBeneficiary.exception",0,*,"","ele-1:All FHIR elements must have a @value or children {hasValue() or (children().count() > id.count())}
"
"Coverage.costToBeneficiary.exception.id","","","",0,1,"","","","string {[]} {[]}
","Unique id for inter-element referencing","Unique id for the element within a resource (for internal references). This may be any string value that does not contain spaces.","","","","","","","","","",,,,,"",,,,"Element.id",0,1,"","","n/a"
"Coverage.costToBeneficiary.exception.extension","","extensions
user content","",0,*,"","","","Extension {[]} {[]}
","Additional content defined by implementations","May be used to represent additional information that is not part of the basic definition of the element. To make the use of extensions safe and manageable, there is a strict set of governance  applied to the definition and use of extensions. Though any implementer can define an extension, there is a set of requirements that SHALL be met as part of the definition of the extension.","There can be no stigma associated with the use of extensions by any application, project, or standard - regardless of the institution or jurisdiction that uses or defines the extensions.  The use of extensions is what allows the FHIR specification to retain a core level of simplicity for everyone.","","","","","","","","",,,,,"",,,,"Element.extension",0,*,"","ele-1:All FHIR elements must have a @value or children {hasValue() or (children().count() > id.count())}
ext-1:Must have either extensions or value[x], not both {extension.exists() != value.exists()}","n/a"
"Coverage.costToBeneficiary.exception.modifierExtension","","extensions
user contentmodifiers","",0,*,"","Y","Y","Extension {[]} {[]}
","Extensions that cannot be ignored even if unrecognized","May be used to represent additional information that is not part of the basic definition of the element and that modifies the understanding of the element in which it is contained and/or the understanding of the containing element's descendants. Usually modifier elements provide negation or qualification. To make the use of extensions safe and manageable, there is a strict set of governance applied to the definition and use of extensions. Though any implementer can define an extension, there is a set of requirements that SHALL be met as part of the definition of the extension. Applications processing a resource are required to check for modifier extensions.

Modifier extensions SHALL NOT change the meaning of any elements on Resource or DomainResource (including cannot change the meaning of modifierExtension itself).","There can be no stigma associated with the use of extensions by any application, project, or standard - regardless of the institution or jurisdiction that uses or defines the extensions.  The use of extensions is what allows the FHIR specification to retain a core level of simplicity for everyone.","Modifier extensions allow for extensions that *cannot* be safely ignored to be clearly distinguished from the vast majority of extensions which can be safely ignored.  This promotes interoperability by eliminating the need for implementers to prohibit the presence of extensions. For further information, see the [definition of modifier extensions](http://hl7.org/fhir/R4/extensibility.html#modifierExtension).","","","","","","","",,,,,"",,,,"BackboneElement.modifierExtension",0,*,"","ele-1:All FHIR elements must have a @value or children {hasValue() or (children().count() > id.count())}
ext-1:Must have either extensions or value[x], not both {extension.exists() != value.exists()}","N/A"
"Coverage.costToBeneficiary.exception.type","","","",1,1,"","","Y","CodeableConcept {[]} {[]}
","Exception category","The code for the specific exception.","","Needed to identify the exception associated with the amount for the patient.","","","","","","","",,"example","The types of exceptions from the part or full value of financial obligations such as copays.","http://hl7.org/fhir/ValueSet/coverage-financial-exception","",,,,"Coverage.costToBeneficiary.exception.type",1,1,"","ele-1:All FHIR elements must have a @value or children {hasValue() or (children().count() > id.count())}
"
"Coverage.costToBeneficiary.exception.period","","","",0,1,"","","Y","Period {[]} {[]}
","The effective period of the exception","The timeframe during when the exception is in force.","","Needed to identify the applicable timeframe for the exception for the correct calculation of patient costs.","","","","","","","",,,,,"",,,,"Coverage.costToBeneficiary.exception.period",0,1,"","ele-1:All FHIR elements must have a @value or children {hasValue() or (children().count() > id.count())}
"
"Coverage.subrogation","","","",0,1,"","","","boolean {[]} {[]}
","Reimbursement to insurer","When 'subrogation=true' this insurance instance has been included not for adjudication but to provide insurers with the details to recover costs.","Typically, automotive and worker's compensation policies would be flagged with 'subrogation=true' to enable healthcare payors to collect against accident claims.","See definition for when to be used.","","","","","","","",,,,,"",,,,"Coverage.subrogation",0,1,"","ele-1:All FHIR elements must have a @value or children {hasValue() or (children().count() > id.count())}
"
"Coverage.contract","","","",0,*,"","","","Reference {[]} {[CanonicalType[http://hl7.org/fhir/StructureDefinition/Contract]]}
","Contract details","The policy(s) which constitute this insurance coverage.","","To reference the legally binding contract between the policy holder and the insurer.","","","","","","","",,,,,"",,,,"Coverage.contract",0,*,"","ele-1:All FHIR elements must have a @value or children {hasValue() or (children().count() > id.count())}
","n/a","D01 through D09","IN1-16, 18,  19","C.35"
