{
  "package": "hl7.fhir.us.carin-bb",
  "version": "0.4.2",
  "fhirVersion": "4.0.1",
  "jurisdiction": "US",
  "extensions": [],
  "profiles": {
    "Coverage": [
      {
        "url": "http://hl7.org/fhir/us/carin-bb/StructureDefinition/CARIN-BB-Coverage",
        "title": "CARIN BB Coverage"
      }
    ],
    "ExplanationOfBenefit": [
      {
        "url": "http://hl7.org/fhir/us/carin-bb/StructureDefinition/CARIN-BB-ExplanationOfBenefit",
        "title": "CARIN BB Explanation Of Benefit"
      },
      {
        "url": "http://hl7.org/fhir/us/carin-bb/StructureDefinition/CARIN-BB-ExplanationOfBenefit-Inpatient-Facility",
        "title": "CARIN BB ExplanationOfBenefit Inpatient Facility"
      },
      {
        "url": "http://hl7.org/fhir/us/carin-bb/StructureDefinition/CARIN-BB-ExplanationOfBenefit-Outpatient-Facility",
        "title": "CARIN BB ExplanationOfBenefit Outpatient Facility"
      },
      {
        "url": "http://hl7.org/fhir/us/carin-bb/StructureDefinition/CARIN-BB-ExplanationOfBenefit-Pharmacy",
        "title": "CARIN BB ExplanationOfBenefit Pharmacy"
      },
      {
        "url": "http://hl7.org/fhir/us/carin-bb/StructureDefinition/CARIN-BB-ExplanationOfBenefit-Professional-NonClinician",
        "title": "CARIN BB ExplanationOfBenefit Professional NonClinician"
      }
    ],
    "Organization": [
      {
        "url": "http://hl7.org/fhir/us/carin-bb/StructureDefinition/CARIN-BB-Organization",
        "title": "CARIN BB Organization"
      }
    ],
    "Patient": [
      {
        "url": "http://hl7.org/fhir/us/carin-bb/StructureDefinition/CARIN-BB-Patient",
        "title": "CARIN BB Patient"
      }
    ],
    "Practitioner": [
      {
        "url": "http://hl7.org/fhir/us/carin-bb/StructureDefinition/CARIN-BB-Practitioner",
        "title": "CARIN BB Practitioner"
      }
    ]
  },
  "usage": {
    "http://hl7.org/fhir/StructureDefinition/capabilitystatement-expectation": [
      "CapabilityStatement.rest.resource",
      "CapabilityStatement.rest.resource.interaction",
      "CapabilityStatement.rest.resource.searchParam"
    ],
    "http://hl7.org/fhir/StructureDefinition/elementdefinition-bestpractice": [
      "StructureDefinition.snapshot.element.constraint"
    ],
    "http://hl7.org/fhir/StructureDefinition/elementdefinition-bestpractice-explanation": [
      "StructureDefinition.snapshot.element.constraint"
    ],
    "http://hl7.org/fhir/StructureDefinition/elementdefinition-bindingName": [
      "StructureDefinition.snapshot.element.binding"
    ],
    "http://hl7.org/fhir/StructureDefinition/elementdefinition-isCommonBinding": [
      "StructureDefinition.snapshot.element.binding"
    ],
    "http://hl7.org/fhir/StructureDefinition/elementdefinition-maxValueSet": [
      "StructureDefinition.snapshot.element.binding"
    ],
    "http://hl7.org/fhir/StructureDefinition/elementdefinition-translatable": [
      "StructureDefinition.snapshot.element"
    ],
    "http://hl7.org/fhir/StructureDefinition/structuredefinition-category": [
      "StructureDefinition"
    ],
    "http://hl7.org/fhir/StructureDefinition/structuredefinition-display-hint": [
      "StructureDefinition.snapshot.element"
    ],
    "http://hl7.org/fhir/StructureDefinition/structuredefinition-explicit-type-name": [
      "StructureDefinition.snapshot.element"
    ],
    "http://hl7.org/fhir/StructureDefinition/structuredefinition-fhir-type": [
      "StructureDefinition.snapshot.element.type"
    ],
    "http://hl7.org/fhir/StructureDefinition/structuredefinition-hierarchy": [
      "StructureDefinition.snapshot.element.type"
    ],
    "http://hl7.org/fhir/StructureDefinition/structuredefinition-security-category": [
      "StructureDefinition"
    ],
    "http://hl7.org/fhir/StructureDefinition/structuredefinition-standards-status": [
      "SearchParameter"
    ],
    "http://hl7.org/fhir/tools/StructureDefinition/ig-parameter": [
      "ImplementationGuide.definition"
    ],
    "http://hl7.org/fhir/tools/StructureDefinition/resource-information": [
      "ImplementationGuide.definition.resource"
    ],
    "http://hl7.org/fhir/us/core/StructureDefinition/us-core-birthsex": [
      "Patient"
    ],
    "http://hl7.org/fhir/us/core/StructureDefinition/us-core-ethnicity": [
      "Patient"
    ],
    "http://hl7.org/fhir/us/core/StructureDefinition/us-core-race": [
      "Patient"
    ]
  }
}