{
  "package": "hl7.fhir.us.carin-bb",
  "version": "0.1.0",
  "fhirVersion": "4.0.1",
  "extensions": [
    {
      "url": "http://hl7.org/fhir/us/carin-bb/StructureDefinition/AdjudicationType",
      "title": "Adjudication Type",
      "types": [
        "CodeableConcept",
        "CodeableConcept"
      ]
    }
  ],
  "profiles": {
    "Coverage": [
      {
        "url": "http://hl7.org/fhir/us/carin-bb/StructureDefinition/CARIN-BB-Coverage",
        "title": "CARIN BB Coverage"
      }
    ],
    "ExplanationOfBenefit": [
      {
        "url": "http://hl7.org/fhir/us/carin-bb/StructureDefinition/CARIN-BB-ExplanationOfBenefit",
        "title": "CARIN BB Explanation Of Benefit"
      },
      {
        "url": "http://hl7.org/fhir/us/carin-bb/StructureDefinition/CARIN-BB-ExplanationOfBenefit-Inpatient-Facility",
        "title": "CARIN BB ExplanationOfBenefit Inpatient Facility"
      },
      {
        "url": "http://hl7.org/fhir/us/carin-bb/StructureDefinition/CARIN-BB-ExplanationOfBenefit-Outpatient-Facility",
        "title": "CARIN BB ExplanationOfBenefit Outpatient Facility"
      },
      {
        "url": "http://hl7.org/fhir/us/carin-bb/StructureDefinition/CARIN-BB-ExplanationOfBenefit-Pharmacy",
        "title": "CARIN BB ExplanationOfBenefit Pharmacy"
      },
      {
        "url": "http://hl7.org/fhir/us/carin-bb/StructureDefinition/CARIN-BB-ExplanationOfBenefit-Professional-NonClinician",
        "title": "CARIN BB ExplanationOfBenefit Professional NonClinician"
      }
    ],
    "Location": [
      {
        "url": "http://hl7.org/fhir/us/carin-bb/StructureDefinition/CARIN-BB-Location",
        "title": "CARIN BB Location"
      }
    ],
    "Organization": [
      {
        "url": "http://hl7.org/fhir/us/carin-bb/StructureDefinition/CARIN-BB-Organization",
        "title": "CARIN BB Organization"
      }
    ],
    "Patient": [
      {
        "url": "http://hl7.org/fhir/us/carin-bb/StructureDefinition/CARIN-BB-Patient",
        "title": "CARIN BB Patient"
      }
    ],
    "Practitioner": [
      {
        "url": "http://hl7.org/fhir/us/carin-bb/StructureDefinition/CARIN-BB-Practitioner",
        "title": "CARIN BB Practitioner"
      }
    ],
    "PractitionerRole": [
      {
        "url": "http://hl7.org/fhir/us/carin-bb/StructureDefinition/CARIN-BB-PractitionerRole",
        "title": "CARIN BB PractitionerRole"
      }
    ]
  },
  "usage": {
    "http://hl7.org/fhir/StructureDefinition/capabilitystatement-search-parameter-combination": [
      "CapabilityStatement.rest.resource"
    ],
    "http://hl7.org/fhir/StructureDefinition/elementdefinition-bestpractice": [
      "StructureDefinition.differential.element.constraint",
      "StructureDefinition.snapshot.element.constraint"
    ],
    "http://hl7.org/fhir/StructureDefinition/elementdefinition-bestpractice-explanation": [
      "StructureDefinition.differential.element.constraint",
      "StructureDefinition.snapshot.element.constraint"
    ],
    "http://hl7.org/fhir/StructureDefinition/elementdefinition-bindingName": [
      "StructureDefinition.snapshot.element.binding"
    ],
    "http://hl7.org/fhir/StructureDefinition/elementdefinition-isCommonBinding": [
      "StructureDefinition.snapshot.element.binding"
    ],
    "http://hl7.org/fhir/StructureDefinition/elementdefinition-maxValueSet": [
      "StructureDefinition.snapshot.element.binding"
    ],
    "http://hl7.org/fhir/StructureDefinition/elementdefinition-translatable": [
      "StructureDefinition.snapshot.element"
    ],
    "http://hl7.org/fhir/StructureDefinition/structuredefinition-display-hint": [
      "StructureDefinition.snapshot.element"
    ],
    "http://hl7.org/fhir/StructureDefinition/structuredefinition-explicit-type-name": [
      "StructureDefinition.snapshot.element"
    ],
    "http://hl7.org/fhir/StructureDefinition/structuredefinition-fhir-type": [
      "StructureDefinition.snapshot.element.type"
    ],
    "http://hl7.org/fhir/StructureDefinition/structuredefinition-hierarchy": [
      "StructureDefinition.snapshot.element.type"
    ],
    "http://hl7.org/fhir/StructureDefinition/structuredefinition-standards-status": [
      "SearchParameter"
    ],
    "http://hl7.org/fhir/tools/StructureDefinition/ig-parameter": [
      "ImplementationGuide.definition"
    ],
    "http://hl7.org/fhir/tools/StructureDefinition/resource-information": [
      "ImplementationGuide.definition.resource"
    ],
    "http://hl7.org/fhir/us/carin-bb/StructureDefinition/AdjudicationType": [
      "ExplanationOfBenefit.adjudication"
    ],
    "http://hl7.org/fhir/us/core/StructureDefinition/us-core-birthsex": [
      "Patient"
    ],
    "http://hl7.org/fhir/us/core/StructureDefinition/us-core-ethnicity": [
      "Patient"
    ],
    "http://hl7.org/fhir/us/core/StructureDefinition/us-core-race": [
      "Patient"
    ]
  }
}