{
  "resourceType": "ValueSet",
  "id": "FDANationalDrugCode",
  "text": {
    "status": "generated",
    "div": "<div xmlns=\"http://www.w3.org/1999/xhtml\"><ul><li>Include all codes defined in <code>http://hl7.org/fhir/sid/ndc</code></li></ul></div>"
  },
  "url": "http://hl7.org/fhir/us/carin-bb/ValueSet/FDANationalDrugCode",
  "version": "0.2.1",
  "name": "FDANationalDrugCode",
  "title": "FDA National Drug Code (NDC)",
  "status": "active",
  "date": "2020-07-17T20:57:43+00:00",
  "publisher": "HL7 Financial Management Working Group",
  "contact": [
    {
      "name": "HL7 Financial Management Working Group",
      "telecom": [
        {
          "system": "url",
          "value": "http://www.hl7.org/Special/committees/fm/index.cfm"
        },
        {
          "system": "email",
          "value": "fm@lists.HL7.org"
        }
      ]
    }
  ],
  "description": "FDA National Drug Code (NDC)",
  "compose": {
    "include": [
      {
        "system": "http://hl7.org/fhir/sid/ndc"
      }
    ]
  }
}