<?xml version="1.0" encoding="UTF-8"?>

<ValueSet xmlns="http://hl7.org/fhir">
  <id value="CMSPlaceOfService"/>
  <text>
    <status value="generated"/><div xmlns="http://www.w3.org/1999/xhtml"><ul><li>Include all codes defined in <a href="CodeSystem-CMSPlaceOfServiceCS.html"><code>http://www.cms.gov/place-of-service</code></a></li></ul></div>
  </text>
  <url value="http://hl7.org/fhir/us/carin-bb/ValueSet/CMSPlaceOfService"/>
  <version value="0.4.2"/>
  <name value="CMSPlaceOfService"/>
  <title value="CMS Place of Service"/>
  <status value="active"/>
  <date value="2020-08-30T04:11:49+00:00"/>
  <publisher value="HL7 Financial Management Working Group"/>
  <contact>
    <name value="HL7 Financial Management Working Group"/>
    <telecom>
      <system value="url"/>
      <value value="http://www.hl7.org/Special/committees/fm/index.cfm"/>
    </telecom>
    <telecom>
      <system value="email"/>
      <value value="fm@lists.HL7.org"/>
    </telecom>
  </contact>
  <description value="Place of Service codes are placed on health care professional claims to indicate the setting in which a service was provided. https://www.cms.gov/Medicare/Coding/place-of-service-codes/Place_of_Service_Code_Set.html. The link takes one to the Place of Service list as an html document; it is not a file to which an IG can be bound."/>
  <jurisdiction>
    <coding>
      <system value="urn:iso:std:iso:3166"/>
      <code value="US"/>
    </coding>
  </jurisdiction>
  <copyright value="The code set is owned by CMS and is available for use."/>
  <compose>
    <include>
      <system value="http://www.cms.gov/place-of-service"/>
    </include>
  </compose>
</ValueSet>