{
  "resourceType": "ValueSet",
  "id": "PayerPharmacyProviderRoleVS",
  "text": {
    "status": "generated",
    "div": "<div xmlns=\"http://www.w3.org/1999/xhtml\"><ul><li>Include these codes as defined in <a href=\"CodeSystem-PayerProviderRoleCS.html\"><code>http://hl7.org/fhir/us/carin-bb/CodeSystem/PayerProviderRoleCS</code></a><table class=\"none\"><tr><td style=\"white-space:nowrap\"><b>Code</b></td><td><b>Display</b></td></tr><tr><td><a href=\"CodeSystem-PayerProviderRoleCS.html#PayerProviderRoleCS-pcp\">pcp</a></td><td>Primary Care Provider</td><td>Primary Care Provider</td></tr><tr><td><a href=\"CodeSystem-PayerProviderRoleCS.html#PayerProviderRoleCS-prescribing\">prescribing</a></td><td>Prescribing Provider</td><td>Prescribing Provider</td></tr></table></li></ul></div>"
  },
  "url": "http://hl7.org/fhir/us/carin-bb/ValueSet/PayerPharmacyProviderRoleVS",
  "version": "0.1.0",
  "name": "PayerPharmacyProviderRoleVS",
  "title": "Payer - Pharmacy Provider Role",
  "status": "active",
  "date": "2020-06-29T17:03:07+00:00",
  "publisher": "HL7 Financial Management Working Group",
  "contact": [
    {
      "name": "HL7 Financial Management Working Group",
      "telecom": [
        {
          "system": "url",
          "value": "http://www.hl7.org/Special/committees/fm/index.cfm"
        },
        {
          "system": "email",
          "value": "fm@lists.HL7.org"
        }
      ]
    }
  ],
  "description": "Indicates the role of the provider providing the care.",
  "compose": {
    "include": [
      {
        "system": "http://hl7.org/fhir/us/carin-bb/CodeSystem/PayerProviderRoleCS",
        "concept": [
          {
            "code": "pcp",
            "display": "Primary Care Provider"
          },
          {
            "code": "prescribing",
            "display": "Prescribing Provider"
          }
        ]
      }
    ]
  }
}