{
  "resourceType": "ValueSet",
  "id": "CDCICD910CMDiagnosisCodes",
  "text": {
    "status": "generated",
    "div": "<div xmlns=\"http://www.w3.org/1999/xhtml\"><p>This value set includes codes based on the following rules:</p><ul><li>Include all codes defined in <a href=\"http://terminology.hl7.org/2.0.0/CodeSystem-icd10CM.html\"><code>http://hl7.org/fhir/sid/icd-10-cm</code></a></li><li>Include all codes defined in <a href=\"CodeSystem-ICD9CM.html\"><code>http://hl7.org/fhir/sid/icd-9-cm</code></a></li></ul></div>"
  },
  "url": "http://hl7.org/fhir/us/carin-bb/ValueSet/CDCICD910CMDiagnosisCodes",
  "version": "0.1.10",
  "name": "CDCICD910CMDiagnosisCodes",
  "title": "Diagnosis Codes - International Classification of Diseases, Clinical Modification (ICD-9-CM, ICD-10-CM)",
  "status": "active",
  "date": "2020-11-10T23:34:02+00:00",
  "publisher": "HL7 Financial Management Working Group",
  "contact": [
    {
      "name": "HL7 Financial Management Working Group",
      "telecom": [
        {
          "system": "url",
          "value": "http://www.hl7.org/Special/committees/fm/index.cfm"
        },
        {
          "system": "email",
          "value": "fm@lists.HL7.org"
        }
      ]
    }
  ],
  "description": "The Value Set is a combination of values from volume 1 and volume 2 from the Code System International Classification of Diseases, Ninth Revision, Clinical Modification (ICD-9-CM) and values in the Code System International Classification of Diseases, Tenth Revision, Clinical Modification (ICD-10-CM)\n\nThe International Classification of Diseases, Ninth Revision, Clinical Modification (ICD-9-CM) is based on the World Health Organization’s Ninth Revision, International Classification of Diseases (ICD-9). ICD-9-CM was the official system of assigning codes to diagnoses and procedures associated with hospital utilization in the United States. \n\nThe ICD-9-CM consists of:\n\n*   a tabular list containing a numerical list of the disease code numbers in tabular form;\n*   an alphabetical index to the disease entries; and\n*   a classification system for surgical, diagnostic, and therapeutic procedures (alphabetic index and tabular list).\n\nThe National Center for Health Statistics (NCHS) and the [Centers for Medicare and Medicaid Services](http://www.cms.hhs.gov/) are the U.S. governmental agencies responsible for overseeing all changes and modifications to the ICD-9-CM.\n\n[ICD-10-CM](https://confluence.hl7.org/pages/viewpage.action?pageId=97453674) is the replacement for ICD-9-CM, volumes 1 and 2, effective October 1, 2015.\n\nThe National Center for Health Statistics (NCHS), the Federal agency responsible for use of the International Statistical Classification of Diseases and Related Health Problems, 10th revision (ICD-10) in the United States, has developed a clinical modification of the classification for morbidity purposes. The ICD-10 is used to code and classify mortality data from death certificates, having replaced ICD-9 for this purpose as of January 1, 1999.\n\nThe clinical modification represents a significant improvement over ICD-9-CM and ICD-10. Specific improvements include: the addition of information relevant to ambulatory and managed care encounters; expanded injury codes; the creation of combination diagnosis/symptom codes to reduce the number of codes needed to fully describe a condition; the addition of sixth and seventh characters; incorporation of common 4th and 5th digit subclassifications; laterality; and greater specificity in code assignment. The new structure will allow further expansion than was possible with ICD-9-CM.\n\nCurrent and previous releases of ICD-9-CM are available here: [https://www.cdc.gov/nchs/icd/icd9cm.htm](https://www.cdc.gov/nchs/icd/icd9cm.htm)\n\nCurrent and previous releases of ICD-10-CM are available in PDF and XML format here: [https://www.cdc.gov/nchs/icd/icd10cm.htm](https://www.cdc.gov/nchs/icd/icd10cm.htm)\n\nMost files are provided in compressed zip format for ease in downloading. These files have been created by the National Center for Health Statistics (NCHS), under authorization by the World Health Organization. Any questions regarding typographical or other errors noted on this release may be reported to nchsicd10cm@cdc.gov.",
  "jurisdiction": [
    {
      "coding": [
        {
          "system": "urn:iso:std:iso:3166",
          "code": "US"
        }
      ]
    }
  ],
  "copyright": "The ICD-10 is copyrighted by the [World Health Organization (WHO)external icon](http://www.who.int/classifications/icd/en/), which owns and publishes the classification. WHO has authorized the development of an adaptation of ICD-10 for use in the United States for U.S. government purposes. As agreed, all modifications to the ICD-10 must conform to WHO conventions for the ICD. ICD-10-CM was developed following a thorough evaluation by a Technical Advisory Panel and extensive additional consultation with physician groups, clinical coders, and others to assure clinical accuracy and utility.\n\nThe following requirements must be followed to utilize CDC’s public domain content:\n\n1) Attribution to the agency that developed the material must be provided in your use of the materials. Such attribution should clearly state the materials were developed by CDC ATSDR and/or HHS (e.g., Source: CDC; Materials developed by CDC);\n\n2) You must utilize a disclaimer which clearly indicates that your use of the material, including any links to the materials on the CDC, ATSDR or HHS websites, does not imply endorsement by CDC, ATSDR, HHS or the United States Government of you, your company, product, facility, service or enterprise. All such disclaimers must be prominently and unambiguously displayed (e.g., Reference to specific commercial products, manufacturers, companies, or trademarks does not constitute its endorsement or recommendation by the U.S. Government, Department of Health and Human Services, or Centers for Disease Control and Prevention;\n\n3) You may not change the substantive content of the materials; and\n\n4) You must state that the material is otherwise available on the agency website for no charge.\n\nFor information on NCHS agency level use of materials see [here](https://www.cdc.gov/other/agencymaterials.html).",
  "compose": {
    "include": [
      {
        "system": "http://hl7.org/fhir/sid/icd-10-cm"
      },
      {
        "system": "http://hl7.org/fhir/sid/icd-9-cm"
      }
    ]
  }
}