{
  "resourceType": "ValueSet",
  "id": "nubc-revenuecode",
  "meta": {
    "versionId": "3",
    "lastUpdated": "2019-07-28T11:01:28.000+00:00"
  },
  "text": {
    "status": "generated",
    "div": "<div xmlns=\"http://www.w3.org/1999/xhtml\"><h2>NUBC Revenue Code</h2><div><p>UB-04 Revenue Code UB-04 (FL-42).</p>\n</div><p>This value set includes codes from the following code systems:</p><ul><li>Include all codes defined in <code>http//www.nubc.org/revenue-code</code></li></ul></div>"
  },
  "url": "http://hl7.org/fhir/us/ValueSet/nubc-revenuecode",
  "version": "0.1.0",
  "name": "NUBCRevenueCode",
  "title": "NUBC Revenue Code",
  "status": "draft",
  "date": "2020-01-23T19:25:28+00:00",
  "publisher": "HL7 Financial Management Working Group",
  "contact": [
    {
      "name": "HL7 Financial Management Working Group",
      "telecom": [
        {
          "system": "url",
          "value": "http://www.hl7.org/Special/committees/fm/index.cfm"
        },
        {
          "system": "email",
          "value": "fm@lists.HL7.org"
        }
      ]
    }
  ],
  "description": "UB-04 Revenue Code UB-04 (FL-42).",
  "compose": {
    "include": [
      {
        "system": "http://www.nubc.org/revenue-code"
      }
    ]
  }
}