{
  "resourceType": "ValueSet",
  "id": "BenefitPaymentStatusCategoryVS",
  "text": {
    "status": "generated",
    "div": "<div xmlns=\"http://www.w3.org/1999/xhtml\"><ul><li>Include these codes as defined in <a href=\"CodeSystem-ClaimAdjudicationCategoryCS.html\"><code>http://hl7.org/fhir/us/carin-bb/CodeSystem/ClaimAdjudicationCategoryCS</code></a><table class=\"none\"><tr><td style=\"white-space:nowrap\"><b>Code</b></td><td><b>Display</b></td></tr><tr><td><a href=\"CodeSystem-ClaimAdjudicationCategoryCS.html#ClaimAdjudicationCategoryCS-innetworkbenefitpaymentstatus\">innetworkbenefitpaymentstatus</a></td><td>in network benefit payment status</td><td>Undefined</td></tr><tr><td><a href=\"CodeSystem-ClaimAdjudicationCategoryCS.html#ClaimAdjudicationCategoryCS-outofnetworkbenefitpaymentstatus\">outofnetworkbenefitpaymentstatus</a></td><td>out of network benefit payment status</td><td>Undefined</td></tr><tr><td><a href=\"CodeSystem-ClaimAdjudicationCategoryCS.html#ClaimAdjudicationCategoryCS-otherbenefitpaymentstatus\">otherbenefitpaymentstatus</a></td><td>other benefit payment status</td><td>Undefined</td></tr></table></li></ul></div>"
  },
  "url": "http://hl7.org/fhir/us/carin-bb/ValueSet/BenefitPaymentStatusCategoryVS",
  "version": "0.1.0",
  "name": "BenefitPaymentStatusCategoryVS",
  "title": "Benefit Payment Status Category",
  "status": "active",
  "date": "2020-06-29T22:39:11+00:00",
  "publisher": "HL7 Financial Management Working Group",
  "contact": [
    {
      "name": "HL7 Financial Management Working Group",
      "telecom": [
        {
          "system": "url",
          "value": "http://www.hl7.org/Special/committees/fm/index.cfm"
        },
        {
          "system": "email",
          "value": "fm@lists.HL7.org"
        }
      ]
    }
  ],
  "description": "Benefit Payment Status Category",
  "compose": {
    "include": [
      {
        "system": "http://hl7.org/fhir/us/carin-bb/CodeSystem/ClaimAdjudicationCategoryCS",
        "concept": [
          {
            "code": "innetworkbenefitpaymentstatus",
            "display": "in network benefit payment status"
          },
          {
            "code": "outofnetworkbenefitpaymentstatus",
            "display": "out of network benefit payment status"
          },
          {
            "code": "otherbenefitpaymentstatus",
            "display": "other benefit payment status"
          }
        ]
      }
    ]
  }
}