<?xml version="1.0" encoding="UTF-8"?>

<ValueSet xmlns="http://hl7.org/fhir">
  <id value="C4BBClaimInpatientInstitutionalDiagnosisType"/>
  <text>
    <status value="extensions"/><div xmlns="http://www.w3.org/1999/xhtml"><p>This value set includes codes based on the following rules:</p><ul><li>Include these codes as defined in <a href="https://terminology.hl7.org/1.0.0//CodeSystem-ex-diagnosistype.html"><code>http://terminology.hl7.org/CodeSystem/ex-diagnosistype</code></a><table class="none"><tr><td style="white-space:nowrap"><b>Code</b></td><td><b>Display</b></td><td><b>Definition</b></td></tr><tr><td><a href="https://terminology.hl7.org/1.0.0//CodeSystem-ex-diagnosistype.html#ex-diagnosistype-principal">principal</a></td><td>Principal Diagnosis</td><td>The single medical diagnosis that is most relevant to the patient's chief complaint or need for treatment.</td></tr><tr><td><a href="https://terminology.hl7.org/1.0.0//CodeSystem-ex-diagnosistype.html#ex-diagnosistype-admitting">admitting</a></td><td>Admitting Diagnosis</td><td>The diagnosis given as the reason why the patient was admitted to the hospital.</td></tr></table></li><li>Include these codes as defined in <a href="CodeSystem-C4BBClaimDiagnosisType.html"><code>http://hl7.org/fhir/us/carin-bb/CodeSystem/C4BBClaimDiagnosisType</code></a><table class="none"><tr><td style="white-space:nowrap"><b>Code</b></td><td><b>Display</b></td><td><b>Definition</b></td></tr><tr><td><a href="CodeSystem-C4BBClaimDiagnosisType.html#C4BBClaimDiagnosisType-other">other</a></td><td>Other</td><td>Required when other conditions coexist or develop subsequently during the treatment</td></tr><tr><td><a href="CodeSystem-C4BBClaimDiagnosisType.html#C4BBClaimDiagnosisType-externalcauseofinjury">externalcauseofinjury</a></td><td>External Cause of Injury</td><td>Required when an external cause of injury is needed to describe the injury</td></tr></table></li></ul></div>
  </text>
  <url value="http://hl7.org/fhir/us/carin-bb/ValueSet/C4BBClaimInpatientInstitutionalDiagnosisType"/>
  <version value="0.1.4"/>
  <name value="C4BBClaimInpatientInstitutionalDiagnosisType"/>
  <title value="C4BB Claim Inpatient Institutional Diagnosis Type"/>
  <status value="active"/>
  <date value="2020-10-05T21:23:59+00:00"/>
  <publisher value="HL7 Financial Management Working Group"/>
  <contact>
    <name value="HL7 Financial Management Working Group"/>
    <telecom>
      <system value="url"/>
      <value value="http://www.hl7.org/Special/committees/fm/index.cfm"/>
    </telecom>
    <telecom>
      <system value="email"/>
      <value value="fm@lists.HL7.org"/>
    </telecom>
  </contact>
  <description value="Indicates if the inpatient institutional diagnosis is admitting, principal, other or an external cause of injury."/>
  <jurisdiction>
    <coding>
      <system value="urn:iso:std:iso:3166"/>
      <code value="US"/>
    </coding>
  </jurisdiction>
  <copyright value="This Valueset is not copyrighted."/>
  <compose>
    <include>
      <system value="http://terminology.hl7.org/CodeSystem/ex-diagnosistype"/>
      <concept>
        <code value="principal"/>
      </concept>
      <concept>
        <code value="admitting"/>
      </concept>
    </include>
    <include>
      <system value="http://hl7.org/fhir/us/carin-bb/CodeSystem/C4BBClaimDiagnosisType"/>
      <concept>
        <code value="other"/>
      </concept>
      <concept>
        <code value="externalcauseofinjury"/>
      </concept>
    </include>
  </compose>
</ValueSet>