{
  "resourceType": "ValueSet",
  "id": "ProviderNetworkStatusVS",
  "text": {
    "status": "generated",
    "div": "<div xmlns=\"http://www.w3.org/1999/xhtml\"><ul><li>Include these codes as defined in <a href=\"CodeSystem-PayerAdjudicationCategoryCS.html\"><code>http://hl7.org/fhir/us/carin-bb/CodeSystem/PayerAdjudicationCategoryCS</code></a><table class=\"none\"><tr><td style=\"white-space:nowrap\"><b>Code</b></td><td><b>Display</b></td></tr><tr><td><a href=\"CodeSystem-PayerAdjudicationCategoryCS.html#PayerAdjudicationCategoryCS-contracted\">contracted</a></td><td>contracted</td><td>contracted</td></tr><tr><td><a href=\"CodeSystem-PayerAdjudicationCategoryCS.html#PayerAdjudicationCategoryCS-non-contracted\">non-contracted</a></td><td>non-contracted</td><td>non-contracted</td></tr></table></li></ul></div>"
  },
  "url": "http://hl7.org/fhir/us/carin-bb/ValueSet/ProviderNetworkStatusVS",
  "version": "0.1.0",
  "name": "ProviderNetworkStatusVS",
  "title": "Provider Network Status",
  "status": "active",
  "date": "2020-06-29T22:39:11+00:00",
  "publisher": "HL7 Financial Management Working Group",
  "contact": [
    {
      "name": "HL7 Financial Management Working Group",
      "telecom": [
        {
          "system": "url",
          "value": "http://www.hl7.org/Special/committees/fm/index.cfm"
        },
        {
          "system": "email",
          "value": "fm@lists.HL7.org"
        }
      ]
    }
  ],
  "description": "Indicates that the Provider has a contract with the Plan (regardless of the network) as of the effective date of service or admission.",
  "compose": {
    "include": [
      {
        "system": "http://hl7.org/fhir/us/carin-bb/CodeSystem/PayerAdjudicationCategoryCS",
        "concept": [
          {
            "code": "contracted",
            "display": "contracted"
          },
          {
            "code": "non-contracted",
            "display": "non-contracted"
          }
        ]
      }
    ]
  }
}