{
  "resourceType": "ValueSet",
  "id": "CARINBBProfessionalAndNonclinicanClaimCareTeamRoleCodes",
  "text": {
    "status": "generated",
    "div": "<div xmlns=\"http://www.w3.org/1999/xhtml\"><p>This value set includes codes based on the following rules:</p><ul><li>Include these codes as defined in <a href=\"http://hl7.org/fhir/R4/codesystem-claim-careteamrole.html\"><code>http://terminology.hl7.org/CodeSystem/claimcareteamrole</code></a><table class=\"none\"><tr><td style=\"white-space:nowrap\"><b>Code</b></td><td><b>Display</b></td></tr><tr><td><a href=\"http://hl7.org/fhir/R4/codesystem-claim-careteamrole.html#claim-careteamrole-primary\">primary</a></td><td>Primary provider.</td><td>The primary care provider.</td></tr></table></li><li>Include these codes as defined in <a href=\"CodeSystem-CareTeamRoleCS.html\"><code>http://hl7.org/fhir/us/carin-bb/CodeSystem/CareTeamRoleCS</code></a><table class=\"none\"><tr><td style=\"white-space:nowrap\"><b>Code</b></td><td><b>Display</b></td></tr><tr><td><a href=\"CodeSystem-CareTeamRoleCS.html#CareTeamRoleCS-performing\">performing</a></td><td>Performing Provider</td><td>Performing Provider</td></tr><tr><td><a href=\"CodeSystem-CareTeamRoleCS.html#CareTeamRoleCS-referring\">referring</a></td><td>Referring Provider</td><td>Referring Provider</td></tr></table></li></ul></div>"
  },
  "url": "http://hl7.org/fhir/us/carin-bb/ValueSet/CARINBBProfessionalAndNonclinicanClaimCareTeamRoleCodes",
  "version": "0.3.0",
  "name": "CARINBBProfessionalAndNonclinicanClaimCareTeamRoleCodes",
  "title": "CARINBB Professional and Non-Clinician CareTeam Roles",
  "status": "active",
  "date": "2020-07-24T21:28:00+00:00",
  "publisher": "HL7 Financial Management Working Group",
  "contact": [
    {
      "name": "HL7 Financial Management Working Group",
      "telecom": [
        {
          "system": "url",
          "value": "http://www.hl7.org/Special/committees/fm/index.cfm"
        },
        {
          "system": "email",
          "value": "fm@lists.HL7.org"
        }
      ]
    }
  ],
  "description": "Indicates the role of the provider providing the care.",
  "jurisdiction": [
    {
      "coding": [
        {
          "system": "urn:iso:std:iso:3166",
          "code": "US"
        }
      ]
    }
  ],
  "compose": {
    "include": [
      {
        "system": "http://terminology.hl7.org/CodeSystem/claimcareteamrole",
        "concept": [
          {
            "code": "primary",
            "display": "Primary provider."
          }
        ]
      },
      {
        "system": "http://hl7.org/fhir/us/carin-bb/CodeSystem/CareTeamRoleCS",
        "concept": [
          {
            "code": "performing",
            "display": "Performing Provider"
          },
          {
            "code": "referring",
            "display": "Referring Provider"
          }
        ]
      }
    ]
  }
}