{
  "resourceType": "ValueSet",
  "id": "FDANDCNCPDPCompoundCodeVS",
  "text": {
    "status": "generated",
    "div": "<div xmlns=\"http://www.w3.org/1999/xhtml\"><p>This value set includes codes based on the following rules:</p><ul/></div>"
  },
  "url": "http://hl7.org/fhir/us/carin-bb/ValueSet/FDANDCNCPDPCompoundCodeVS",
  "version": "0.1.0",
  "name": "FDANDCNCPDPCompoundCodeVS",
  "title": "FDA NDC NCPDP Compound Code",
  "status": "active",
  "date": "2020-06-29T21:12:48+00:00",
  "publisher": "HL7 Financial Management Working Group",
  "contact": [
    {
      "name": "HL7 Financial Management Working Group",
      "telecom": [
        {
          "system": "url",
          "value": "http://www.hl7.org/Special/committees/fm/index.cfm"
        },
        {
          "system": "email",
          "value": "fm@lists.HL7.org"
        }
      ]
    }
  ],
  "description": "NCPDP field # 407-D7 (National Drug Code (NDC)) or NCPDP field # 406-D6 (Compound Code)"
}