{
  "resourceType": "ValueSet",
  "id": "C4BBPayerClaimPaymentStatusCode",
  "text": {
    "status": "generated",
    "div": "<div xmlns=\"http://www.w3.org/1999/xhtml\"><ul><li>Include these codes as defined in <a href=\"CodeSystem-C4BBPayerAdjudicationStatus.html\"><code>http://hl7.org/fhir/us/carin-bb/CodeSystem/C4BBPayerAdjudicationStatus</code></a><table class=\"none\"><tr><td style=\"white-space:nowrap\"><b>Code</b></td><td><b>Display</b></td></tr><tr><td><a href=\"CodeSystem-C4BBPayerAdjudicationStatus.html#C4BBPayerAdjudicationStatus-paid\">paid</a></td><td>Paid</td><td>Indicates if the claim was approved for payment</td></tr><tr><td><a href=\"CodeSystem-C4BBPayerAdjudicationStatus.html#C4BBPayerAdjudicationStatus-denied\">denied</a></td><td>Denied</td><td>Indicates if the claim was denied</td></tr><tr><td><a href=\"CodeSystem-C4BBPayerAdjudicationStatus.html#C4BBPayerAdjudicationStatus-partiallypaid\">partiallypaid</a></td><td>Partially Paid</td><td>Indicates that some line items on the claim were denied</td></tr></table></li></ul></div>"
  },
  "url": "http://hl7.org/fhir/us/carin-bb/ValueSet/C4BBPayerClaimPaymentStatusCode",
  "version": "0.1.4",
  "name": "C4BBPayerClaimPaymentStatusCode",
  "title": "C4BB Payer Claim Payment Status Code",
  "status": "active",
  "date": "2020-09-17T16:59:39+00:00",
  "publisher": "HL7 Financial Management Working Group",
  "contact": [
    {
      "name": "HL7 Financial Management Working Group",
      "telecom": [
        {
          "system": "url",
          "value": "http://www.hl7.org/Special/committees/fm/index.cfm"
        },
        {
          "system": "email",
          "value": "fm@lists.HL7.org"
        }
      ]
    }
  ],
  "description": "Indicates whether the claim / item was paid or denied.",
  "jurisdiction": [
    {
      "coding": [
        {
          "system": "urn:iso:std:iso:3166",
          "code": "US"
        }
      ]
    }
  ],
  "copyright": "This Valueset is not copyrighted.",
  "compose": {
    "include": [
      {
        "system": "http://hl7.org/fhir/us/carin-bb/CodeSystem/C4BBPayerAdjudicationStatus",
        "concept": [
          {
            "code": "paid"
          },
          {
            "code": "denied"
          },
          {
            "code": "partiallypaid"
          }
        ]
      }
    ]
  }
}