{
  "resourceType": "ValueSet",
  "id": "C4BBClaimProfessionalAndNonClinicianDiagnosisType",
  "text": {
    "status": "generated",
    "div": "<div xmlns=\"http://www.w3.org/1999/xhtml\"><p>This value set includes codes based on the following rules:</p><ul><li>Include these codes as defined in <a href=\"https://terminology.hl7.org/1.0.0//CodeSystem-ex-diagnosistype.html\"><code>http://terminology.hl7.org/CodeSystem/ex-diagnosistype</code></a><table class=\"none\"><tr><td style=\"white-space:nowrap\"><b>Code</b></td><td><b>Display</b></td></tr><tr><td><a href=\"https://terminology.hl7.org/1.0.0//CodeSystem-ex-diagnosistype.html#ex-diagnosistype-principal\">principal</a></td><td>principal</td><td>The single medical diagnosis that is most relevant to the patient's chief complaint or need for treatment.</td></tr></table></li><li>Include these codes as defined in <a href=\"CodeSystem-C4BBClaimDiagnosisType.html\"><code>http://hl7.org/fhir/us/carin-bb/CodeSystem/C4BBClaimDiagnosisType</code></a><table class=\"none\"><tr><td style=\"white-space:nowrap\"><b>Code</b></td><td><b>Display</b></td></tr><tr><td><a href=\"CodeSystem-C4BBClaimDiagnosisType.html#C4BBClaimDiagnosisType-secondary\">secondary</a></td><td>secondary</td><td>Required when necessary to report additional diagnoses on professional and non-clinician claims</td></tr></table></li></ul></div>"
  },
  "url": "http://hl7.org/fhir/us/carin-bb/ValueSet/C4BBClaimProfessionalAndNonClinicianDiagnosisType",
  "version": "0.1.4",
  "name": "C4BBClaimProfessionalAndNonClinicianDiagnosisType",
  "title": "C4BB Claim Professional And Non Clinician Diagnosis Type",
  "status": "active",
  "date": "2020-09-25T04:12:20+00:00",
  "publisher": "HL7 Financial Management Working Group",
  "contact": [
    {
      "name": "HL7 Financial Management Working Group",
      "telecom": [
        {
          "system": "url",
          "value": "http://www.hl7.org/Special/committees/fm/index.cfm"
        },
        {
          "system": "email",
          "value": "fm@lists.HL7.org"
        }
      ]
    }
  ],
  "description": "Indicates if the professional and non-clinician diagnosis is principal or secondary",
  "jurisdiction": [
    {
      "coding": [
        {
          "system": "urn:iso:std:iso:3166",
          "code": "US"
        }
      ]
    }
  ],
  "copyright": "This Valueset is not copyrighted.",
  "compose": {
    "include": [
      {
        "system": "http://terminology.hl7.org/CodeSystem/ex-diagnosistype",
        "concept": [
          {
            "code": "principal",
            "display": "principal"
          }
        ]
      },
      {
        "system": "http://hl7.org/fhir/us/carin-bb/CodeSystem/C4BBClaimDiagnosisType",
        "concept": [
          {
            "code": "secondary",
            "display": "secondary"
          }
        ]
      }
    ]
  }
}