<?xml version="1.0" encoding="UTF-8"?>

<ValueSet xmlns="http://hl7.org/fhir">
  <id value="ICD10CM"/>
  <text>
    <status value="generated"/><div xmlns="http://www.w3.org/1999/xhtml"><ul><li>Include all codes defined in <a href="https://terminology.hl7.org/1.0.0//CodeSystem-icd10CM.html"><code>http://hl7.org/fhir/sid/icd-10-cm</code></a></li></ul></div>
  </text>
  <url value="http://hl7.org/fhir/us/carin-bb/ValueSet/ICD10CM"/>
  <version value="0.4.1"/>
  <name value="ICD10CM"/>
  <title value="ICD-10-CM Diagnosis Codes"/>
  <status value="active"/>
  <date value="2020-08-25T14:45:07+00:00"/>
  <publisher value="HL7 Financial Management Working Group"/>
  <contact>
    <name value="HL7 Financial Management Working Group"/>
    <telecom>
      <system value="url"/>
      <value value="http://www.hl7.org/Special/committees/fm/index.cfm"/>
    </telecom>
    <telecom>
      <system value="email"/>
      <value value="fm@lists.HL7.org"/>
    </telecom>
  </contact>
  <description value="ICD-10-CM Diagnosis Codes.  ***We need ALL Codes, inactive and inactive.   Current binding is to active codes only***"/>
  <jurisdiction>
    <coding>
      <system value="urn:iso:std:iso:3166"/>
      <code value="US"/>
    </coding>
  </jurisdiction>
  <compose>
    <include>
      <system value="http://hl7.org/fhir/sid/icd-10-cm"/>
    </include>
  </compose>
</ValueSet>