<?xml version="1.0" encoding="UTF-8"?>

<ValueSet xmlns="http://hl7.org/fhir">
  <id value="FDANationalDrugCode"/>
  <text>
    <status value="generated"/><div xmlns="http://www.w3.org/1999/xhtml"><ul><li>Include all codes defined in <a href="https://terminology.hl7.org/1.0.0//CodeSystem-v3-ndc.html"><code>http://hl7.org/fhir/sid/ndc</code></a></li></ul></div>
  </text>
  <url value="http://hl7.org/fhir/us/carin-bb/ValueSet/FDANationalDrugCode"/>
  <version value="0.3.2"/>
  <name value="FDANationalDrugCode"/>
  <title value="FDA National Drug Code (NDC)"/>
  <status value="active"/>
  <date value="2020-07-27T20:19:57+00:00"/>
  <publisher value="HL7 Financial Management Working Group"/>
  <contact>
    <name value="HL7 Financial Management Working Group"/>
    <telecom>
      <system value="url"/>
      <value value="http://www.hl7.org/Special/committees/fm/index.cfm"/>
    </telecom>
    <telecom>
      <system value="email"/>
      <value value="fm@lists.HL7.org"/>
    </telecom>
  </contact>
  <description value="FDA National Drug Code (NDC)"/>
  <jurisdiction>
    <coding>
      <system value="urn:iso:std:iso:3166"/>
      <code value="US"/>
    </coding>
  </jurisdiction>
  <compose>
    <include>
      <system value="http://hl7.org/fhir/sid/ndc"/>
    </include>
  </compose>
</ValueSet>