{
  "resourceType": "ValueSet",
  "id": "PatientIdentifierType",
  "text": {
    "status": "generated",
    "div": "<div xmlns=\"http://www.w3.org/1999/xhtml\"><ul><li>Include these codes as defined in <a href=\"CodeSystem-IdentifierTypeCS.html\"><code>http://hl7.org/fhir/us/carin-bb/CodeSystem/IdentifierTypeCS</code></a><table class=\"none\"><tr><td style=\"white-space:nowrap\"><b>Code</b></td><td><b>Display</b></td></tr><tr><td><a href=\"CodeSystem-IdentifierTypeCS.html#IdentifierTypeCS-um\">um</a></td><td>Unique Member ID</td><td>Unique Member ID</td></tr><tr><td><a href=\"CodeSystem-IdentifierTypeCS.html#IdentifierTypeCS-mb\">mb</a></td><td>Member ID</td><td>Member ID</td></tr><tr><td><a href=\"CodeSystem-IdentifierTypeCS.html#IdentifierTypeCS-mr\">mr</a></td><td>Medical Record Number</td><td>Medical Record Number</td></tr><tr><td><a href=\"CodeSystem-IdentifierTypeCS.html#IdentifierTypeCS-pt\">pt</a></td><td>Patient Account Number</td><td>Patient Account Number</td></tr></table></li></ul></div>"
  },
  "url": "http://hl7.org/fhir/us/carin-bb/ValueSet/PatientIdentifierType",
  "version": "0.2.0",
  "name": "PatientIdentifierType",
  "title": "Patient Identifier Type",
  "status": "active",
  "date": "2020-07-16T13:42:16+00:00",
  "publisher": "HL7 Financial Management Working Group",
  "contact": [
    {
      "name": "HL7 Financial Management Working Group",
      "telecom": [
        {
          "system": "url",
          "value": "http://www.hl7.org/Special/committees/fm/index.cfm"
        },
        {
          "system": "email",
          "value": "fm@lists.HL7.org"
        }
      ]
    }
  ],
  "description": "Patient Identifier Type",
  "compose": {
    "include": [
      {
        "system": "http://hl7.org/fhir/us/carin-bb/CodeSystem/IdentifierTypeCS",
        "concept": [
          {
            "code": "um"
          },
          {
            "code": "mb"
          },
          {
            "code": "mr"
          },
          {
            "code": "pt"
          }
        ]
      }
    ]
  }
}