<?xml version="1.0" encoding="UTF-8"?>

<ValueSet xmlns="http://hl7.org/fhir">
  <id value="ClaimTypeVS"/>
  <text>
    <status value="generated"/><div xmlns="http://www.w3.org/1999/xhtml"><ul><li>Include all codes defined in <a href="CodeSystem-ClaimTypeCS.html"><code>http://hl7.org/fhir/us/carin-bb/CodeSystem/ClaimTypeCS</code></a></li></ul></div>
  </text>
  <url value="http://hl7.org/fhir/us/carin-bb/ValueSet/ClaimTypeVS"/>
  <version value="0.1.0"/>
  <name value="ClaimTypeVS"/>
  <title value="Claim Types"/>
  <status value="active"/>
  <date value="2020-06-19T15:22:02+00:00"/>
  <publisher value="HL7 Financial Management Working Group"/>
  <contact>
    <name value="HL7 Financial Management Working Group"/>
    <telecom>
      <system value="url"/>
      <value value="http://www.hl7.org/Special/committees/fm/index.cfm"/>
    </telecom>
    <telecom>
      <system value="email"/>
      <value value="fm@lists.HL7.org"/>
    </telecom>
  </contact>
  <description value="Proposed replacement/update for http://hl7.org/fhir/ValueSet/claim-type"/>
  <compose>
    <include>
      <system value="http://hl7.org/fhir/us/carin-bb/CodeSystem/ClaimTypeCS"/>
    </include>
  </compose>
</ValueSet>