<?xml version="1.0" encoding="UTF-8"?>

<ValueSet xmlns="http://hl7.org/fhir">
  <id value="CMSMS3MAPAPRDRG"/>
  <text>
    <status value="generated"/><div xmlns="http://www.w3.org/1999/xhtml"><p>This value set includes codes based on the following rules:</p><ul><li>Include all codes defined in <a href="CodeSystem-CMSMSDRG.html"><code>https://www.cms.gov/Medicare/Medicare-Fee-for-Service-Payment/AcuteInpatientPPS/MS-DRG-Classifications-and-Software</code></a></li><li>Include all codes defined in <a href="CodeSystem-THREEMAPDRG.html"><code>http://uri.hddaccess.com/cs/apdrg</code></a></li><li>Include all codes defined in <a href="CodeSystem-THREEMAPRDRG.html"><code>http://uri.hddaccess.com/cs/aprdrg</code></a></li></ul></div>
  </text>
  <url value="http://hl7.org/fhir/us/carin-bb/ValueSet/CMSMS3MAPAPRDRG"/>
  <version value="0.1.10"/>
  <name value="CMSMS3MAPAPRDRG"/>
  <title value="MS-DRGs - AP-DRGs - APR-DRGs"/>
  <status value="active"/>
  <date value="2020-11-11T23:36:16+00:00"/>
  <publisher value="HL7 Financial Management Working Group"/>
  <contact>
    <name value="HL7 Financial Management Working Group"/>
    <telecom>
      <system value="url"/>
      <value value="http://www.hl7.org/Special/committees/fm/index.cfm"/>
    </telecom>
    <telecom>
      <system value="email"/>
      <value value="fm@lists.HL7.org"/>
    </telecom>
  </contact>
  <description value="This value set defines three sets of DRGs, MS-DRGs (Medicare Severity Diagnosis Related Groups), APR-DRGs (All Patient Refined Diagnosis Related Groups) and AP-DRGs (All Patient Diagnosis Related Groups). Identifying a DRG code requires a version.&#xA;&#xA;**MS-DRGs**&#xA;&#xA;Section 1886(d) of the Act specifies that the Secretary shall establish a classification system (referred to as DRGs) for inpatient discharges and adjust payments under the IPPS based on appropriate weighting factors assigned to each DRG.  Therefore, under the IPPS, we pay for inpatient hospital services on a rate per discharge basis that varies according to the DRG to which a beneficiary&#39;s stay is assigned. The formula used to calculate payment for a specific case multiplies an individual hospital&#39;s payment rate per case by the weight of the DRG to which the case is assigned.  Each DRG weight represents the average resources required to care for cases in that particular DRG, relative to the average resources used to treat cases in all DRGs.&#xA;&#xA;Congress recognized that it would be necessary to recalculate the DRG relative weights periodically to account for changes in resource consumption.  Accordingly, section 1886(d)(4)(C) of the Act requires that the Secretary adjust the DRG classifications and relative weights at least annually.  These adjustments are made to reflect changes in treatment patterns, technology, and any other factors that may change the relative use of hospital resources.&#xA;&#xA;Currently, cases are classified into Medicare Severity Diagnosis Related Groups (MS-DRGs) for payment under the IPPS based on the following information reported by the hospital: the principal diagnosis, up to 25 additional diagnoses, and up to 25 procedures performed during the stay.  In a small number of MS-DRGs, classification is also based on the age, sex, and discharge status of the patient.  Effective October 1, 2015, the diagnosis and procedure information is reported by the hospital using codes from the International Classification of Diseases, Tenth Revision, Clinical Modification (ICD-10-CM) and the International Classification of Diseases, Tenth Revision, Procedure Coding System (ICD-10-PCS).&#xA;&#xA;Content can be obtained on the CMS hosted page located [here](https://www.cms.gov/Medicare/Medicare-Fee-for-Service-Payment/AcuteInpatientPPS/MS-DRG-Classifications-and-Software)&#xA;&#xA;**APR-DRGs**&#xA;&#xA;3M APR DRGs have become the standard across the U.S. for classifying hospital inpatients in non-Medicare populations. As of January 2019, 27 state Medicaid programs use 3M APR DRGs to pay hospitals, as do approximately a dozen commercial payers and Medicaid managed care organizations. Over 2,400 hospitals have licensed 3M APR DRGs to verify payment and analyze their internal operations.&#xA;&#xA;The 3M APR DRG methodology classifies hospital inpatients according to their reason for admission, severity of illness and risk of mortality.&#xA;&#xA;Each year 3M calculates and releases a set of statistics for each 3M APR DRG based on our analysis of large national data sets. These statistics include a relative weight for each 3M APR DRG. The relative weight reflects the average hospital resource use for a patient in that 3M APR DRG relative to the average hospital resource use of all inpatients. Please note that payers and other users of the 3M APR DRG methodology are responsible for ensuring that they use relative weights that are appropriate for their particular populations. The 3M APR DRG statistics also include data for each 3M APR DRG on relative frequency, average length of stay, average charges and incidence of mortality.&#xA;&#xA;3M APR DRGs can be rolled up into broader categories. The 326 base DRGs roll up into 25 major diagnostic categories (MDCs) plus a pre-MDC category. An example is MDC 04, Diseases and Disorders of the Respiratory System. As well, each 3M APR DRG is assigned to a service line that is consistent with the outpatient service lines that are defined by the 3M&#x2122; Enhanced Ambulatory Patient Groups (EAPGs).&#xA;&#xA;Link to information about the code system - including how to obtain the content from 3M - is available [here.](https://www.3m.com/3M/en_US/health-information-systems-us/drive-value-based-care/patient-classification-methodologies/apr-drgs/).&#xA;&#xA;**AP-DRGs**&#xA;&#xA;In 1987, the state of New York passed legislation instituting a DRG-based prospective payment system for all non-Medicare patients. The legislation included a requirement that the New York State Department of Health (NYDH) evaluate the applicability of the DRGs to a non-Medicare population. In particular, the legislation required that the DRGs be evaluated with respect to neonates and patients with Human Immunodeficiency Virus (HIV) infections. NYDH entered into an agreement with 3M HIS to assist with the evaluation of the need for DRG modifications as well as to make the necessary changes in the DRG definitions and software. The DRG definitions developed by NYDH and 3M HIS are referred to as the All Patient DRGs (AP DRGs).&#xA;&#xA;The AP DRG code system is no longer updated as DRG classification system evolved to APR DRG. Evolution of DRG is summarized in the APR DRG methodology overview as well as in various articles.&#xA;&#xA;&#xA;Goldfield N. The evolution of diagnosis-related groups (DRGs): from its beginnings in case-mix and resource use theory, to its implementation for payment and now for its current utilization for quality within and outside the hospital. Qual Manage Health Care. 2010;19(1)3-16.&#xA;&#xA;&#xA;Averill RF, Goldfield NI, Muldoon J, Steinbeck BA, Grant TM. A closer look at All-Patient Refined DRGs. J AHIMA. 2002;73(1):46-49.&#xA;&#xA;[https://apps.3mhis.com/docs/Groupers/All\_Patient\_Refined\_DRG/Methodology\_overview\_GRP041/grp041\_aprdrg\_meth\_overview.pdf](https://apps.3mhis.com/docs/Groupers/All_Patient_Refined_DRG/Methodology_overview_GRP041/grp041_aprdrg_meth_overview.pdf)"/>
  <jurisdiction>
    <coding>
      <system value="urn:iso:std:iso:3166"/>
      <code value="US"/>
    </coding>
  </jurisdiction>
  <copyright value="The Centers for Medicare &amp; Medicaid Services (CMS) maintain MS-DRGs used throughout the US health care industry. The CMS MS-DRGs are free to use without restriction.&#xA;&#xA;The clinical logic is maintained by a team of 3M clinicians, data analysts, nosologists, programmers and economists. The logic is proprietary to 3M but is available for licensees to view in an online definitions manual.&#xA;&#xA;To license APR DRG from 3M, see request form [here](https://engage.3m.com/PPS_Groupers_Contact)"/>
  <compose>
    <include>
      <system value="https://www.cms.gov/Medicare/Medicare-Fee-for-Service-Payment/AcuteInpatientPPS/MS-DRG-Classifications-and-Software"/>
    </include>
    <include>
      <system value="http://uri.hddaccess.com/cs/apdrg"/>
    </include>
    <include>
      <system value="http://uri.hddaccess.com/cs/aprdrg"/>
    </include>
  </compose>
</ValueSet>