{
  "resourceType": "ValueSet",
  "id": "NCPDPDispensedAsWritten",
  "text": {
    "status": "generated",
    "div": "<div xmlns=\"http://www.w3.org/1999/xhtml\"><ul><li>Include all codes defined in <a href=\"CodeSystem-NCPDPDispensedAsWrittenCS.html\"><code>http://www.ncpdp.org/dispensed-as-written-or-product-selection-code</code></a></li></ul></div>"
  },
  "url": "http://hl7.org/fhir/us/carin-bb/ValueSet/NCPDPDispensedAsWritten",
  "version": "0.4.1",
  "name": "NCPDPDispensedAsWritten",
  "title": "NCPDP Dispensed As Written (DAW)",
  "status": "active",
  "date": "2020-08-26T22:04:25+00:00",
  "publisher": "HL7 Financial Management Working Group",
  "contact": [
    {
      "name": "HL7 Financial Management Working Group",
      "telecom": [
        {
          "system": "url",
          "value": "http://www.hl7.org/Special/committees/fm/index.cfm"
        },
        {
          "system": "email",
          "value": "fm@lists.HL7.org"
        }
      ]
    }
  ],
  "description": "NCPDP field # 408-D8 (Dispensed As Written (DAW)/Product Selection Code) Prescriber's instruction regarding substitution of generic equivalents or order to dispense the specific prescribed medication. ",
  "jurisdiction": [
    {
      "coding": [
        {
          "system": "urn:iso:std:iso:3166",
          "code": "US"
        }
      ]
    }
  ],
  "compose": {
    "include": [
      {
        "system": "http://www.ncpdp.org/dispensed-as-written-or-product-selection-code"
      }
    ]
  }
}