<?xml version="1.0" encoding="UTF-8"?>

<ValueSet xmlns="http://hl7.org/fhir">
  <id value="AMACPTCMSHCPCSProcedureCodes"/>
  <text>
    <status value="generated"/><div xmlns="http://www.w3.org/1999/xhtml"><p>This value set includes codes based on the following rules:</p><ul><li>Import all the codes that are contained in <a href="http://hl7.org/fhir/R4/valueset-cpt-all.html">http://hl7.org/fhir/ValueSet/cpt-all</a></li><li>Include all codes defined in <code>urn:oid:2.16.840.1.113883.6.285</code></li></ul></div>
  </text>
  <url value="http://hl7.org/fhir/us/carin-bb/ValueSet/AMACPTCMSHCPCSProcedureCodes"/>
  <version value="0.3.2"/>
  <name value="AMACPTCMSHCPCSProcedureCodes"/>
  <title value="AMA CPT and CMS HCPCS Procedure Codes"/>
  <status value="active"/>
  <date value="2020-08-04T16:15:02+00:00"/>
  <publisher value="HL7 Financial Management Working Group"/>
  <contact>
    <name value="HL7 Financial Management Working Group"/>
    <telecom>
      <system value="url"/>
      <value value="http://www.hl7.org/Special/committees/fm/index.cfm"/>
    </telecom>
    <telecom>
      <system value="email"/>
      <value value="fm@lists.HL7.org"/>
    </telecom>
  </contact>
  <description value="AMA CPT and CMS HCPCS Procedure Codes"/>
  <jurisdiction>
    <coding>
      <system value="urn:iso:std:iso:3166"/>
      <code value="US"/>
    </coding>
  </jurisdiction>
  <compose>
    <include>
      <valueSet value="http://hl7.org/fhir/ValueSet/cpt-all"/>
    </include>
    <include>
      <system value="urn:oid:2.16.840.1.113883.6.285"/>
    </include>
  </compose>
</ValueSet>