<?xml version="1.0" encoding="UTF-8"?>

<ValueSet xmlns="http://hl7.org/fhir">
  <id value="C4BBClaimProcedureType"/>
  <text>
    <status value="extensions"/><div xmlns="http://www.w3.org/1999/xhtml"><p>This value set includes codes based on the following rules:</p><ul><li>Include these codes as defined in <a href="https://terminology.hl7.org/1.0.0//CodeSystem-ex-diagnosistype.html"><code>http://terminology.hl7.org/CodeSystem/ex-diagnosistype</code></a><table class="none"><tr><td style="white-space:nowrap"><b>Code</b></td><td><b>Display</b></td><td><b>Definition</b></td></tr><tr><td><a href="https://terminology.hl7.org/1.0.0//CodeSystem-ex-diagnosistype.html#ex-diagnosistype-principal">principal</a></td><td>principal</td><td>The single medical diagnosis that is most relevant to the patient's chief complaint or need for treatment.</td></tr></table></li><li>Include these codes as defined in <a href="CodeSystem-C4BBClaimProcedureType.html"><code>http://hl7.org/fhir/us/carin-bb/CodeSystem/C4BBClaimProcedureType</code></a><table class="none"><tr><td style="white-space:nowrap"><b>Code</b></td><td><b>Display</b></td><td><b>Definition</b></td></tr><tr><td><a href="CodeSystem-C4BBClaimProcedureType.html#C4BBClaimProcedureType-principal">principal</a></td><td>Principal</td><td>The Principal Procedure is based on the relation of the procedure to the Principal Diagnosis</td></tr><tr><td><a href="CodeSystem-C4BBClaimProcedureType.html#C4BBClaimProcedureType-secondary">secondary</a></td><td/><td/></tr></table></li></ul></div>
  </text>
  <url value="http://hl7.org/fhir/us/carin-bb/ValueSet/C4BBClaimProcedureType"/>
  <version value="0.1.4"/>
  <name value="C4BBClaimProcedureType"/>
  <title value="C4BB Claim Procedure Type"/>
  <status value="active"/>
  <date value="2020-10-01T13:42:09+00:00"/>
  <publisher value="HL7 Financial Management Working Group"/>
  <contact>
    <name value="HL7 Financial Management Working Group"/>
    <telecom>
      <system value="url"/>
      <value value="http://www.hl7.org/Special/committees/fm/index.cfm"/>
    </telecom>
    <telecom>
      <system value="email"/>
      <value value="fm@lists.HL7.org"/>
    </telecom>
  </contact>
  <description value="Indicates if the professional and non-clinician diagnosis is principal or secondary"/>
  <jurisdiction>
    <coding>
      <system value="urn:iso:std:iso:3166"/>
      <code value="US"/>
    </coding>
  </jurisdiction>
  <copyright value="This Valueset is not copyrighted."/>
  <compose>
    <include>
      <system value="http://terminology.hl7.org/CodeSystem/ex-diagnosistype"/>
      <concept>
        <code value="principal"/>
        <display value="principal"/>
      </concept>
    </include>
    <include>
      <system value="http://hl7.org/fhir/us/carin-bb/CodeSystem/C4BBClaimProcedureType"/>
      <concept>
        <code value="principal"/>
      </concept>
      <concept>
        <code value="secondary"/>
      </concept>
    </include>
  </compose>
</ValueSet>