{
  "resourceType": "ValueSet",
  "id": "ClaimAdjudicationCategory",
  "text": {
    "status": "generated",
    "div": "<div xmlns=\"http://www.w3.org/1999/xhtml\"><p>This value set includes codes based on the following rules:</p><ul><li>Import all the codes that are contained in <a href=\"ValueSet-PayerAdjudicationValueCodes.html\">http://hl7.org/fhir/us/carin-bb/ValueSet/PayerAdjudicationValueCodes</a></li><li>Import all the codes that are contained in <a href=\"ValueSet-BenefitPaymentStatus.html\">http://hl7.org/fhir/us/carin-bb/ValueSet/BenefitPaymentStatus</a></li><li>Include these codes as defined in <a href=\"CodeSystem-ClaimAdjudicationCategoryCS.html\"><code>http://hl7.org/fhir/us/carin-bb/CodeSystem/ClaimAdjudicationCategoryCS</code></a><table class=\"none\"><tr><td style=\"white-space:nowrap\"><b>Code</b></td><td><b>Display</b></td></tr><tr><td><a href=\"CodeSystem-ClaimAdjudicationCategoryCS.html#ClaimAdjudicationCategoryCS-denialreason\">denialreason</a></td><td>payment denial reason</td><td>Undefined</td></tr><tr><td><a href=\"CodeSystem-ClaimAdjudicationCategoryCS.html#ClaimAdjudicationCategoryCS-allowedunits\">allowedunits</a></td><td>allowed units</td><td>Undefined</td></tr></table></li></ul></div>"
  },
  "url": "http://hl7.org/fhir/us/carin-bb/ValueSet/ClaimAdjudicationCategory",
  "version": "0.2.0",
  "name": "ClaimAdjudicationCategory",
  "title": "Claim Adjudication Category",
  "status": "active",
  "date": "2020-07-17T16:16:25+00:00",
  "publisher": "HL7 Financial Management Working Group",
  "contact": [
    {
      "name": "HL7 Financial Management Working Group",
      "telecom": [
        {
          "system": "url",
          "value": "http://www.hl7.org/Special/committees/fm/index.cfm"
        },
        {
          "system": "email",
          "value": "fm@lists.HL7.org"
        }
      ]
    }
  ],
  "description": "Values for EOB.item.adjudication.category, as per Igor",
  "compose": {
    "include": [
      {
        "valueSet": [
          "http://hl7.org/fhir/us/carin-bb/ValueSet/PayerAdjudicationValueCodes"
        ]
      },
      {
        "valueSet": [
          "http://hl7.org/fhir/us/carin-bb/ValueSet/BenefitPaymentStatus"
        ]
      },
      {
        "system": "http://hl7.org/fhir/us/carin-bb/CodeSystem/ClaimAdjudicationCategoryCS",
        "concept": [
          {
            "code": "denialreason"
          },
          {
            "code": "allowedunits"
          }
        ]
      }
    ]
  }
}