{
  "resourceType": "ValueSet",
  "id": "ClaimPaymentStatusCode",
  "text": {
    "status": "generated",
    "div": "<div xmlns=\"http://www.w3.org/1999/xhtml\"><ul><li>Include these codes as defined in <a href=\"CodeSystem-PayerAdjudicationCategoryCS.html\"><code>http://hl7.org/fhir/us/carin-bb/CodeSystem/PayerAdjudicationCategoryCS</code></a><table class=\"none\"><tr><td style=\"white-space:nowrap\"><b>Code</b></td><td><b>Display</b></td></tr><tr><td><a href=\"CodeSystem-PayerAdjudicationCategoryCS.html#PayerAdjudicationCategoryCS-paid\">paid</a></td><td>paid</td><td>paid</td></tr><tr><td><a href=\"CodeSystem-PayerAdjudicationCategoryCS.html#PayerAdjudicationCategoryCS-denied\">denied</a></td><td>denied</td><td>denied</td></tr></table></li></ul></div>"
  },
  "url": "http://hl7.org/fhir/us/carin-bb/ValueSet/ClaimPaymentStatusCode",
  "version": "0.4.0",
  "name": "ClaimPaymentStatusCode",
  "title": "Claim Payment Status Code",
  "status": "active",
  "date": "2020-08-06T13:38:14+00:00",
  "publisher": "HL7 Financial Management Working Group",
  "contact": [
    {
      "name": "HL7 Financial Management Working Group",
      "telecom": [
        {
          "system": "url",
          "value": "http://www.hl7.org/Special/committees/fm/index.cfm"
        },
        {
          "system": "email",
          "value": "fm@lists.HL7.org"
        }
      ]
    }
  ],
  "description": "Indicates whether the claim / item was paid or denied.",
  "jurisdiction": [
    {
      "coding": [
        {
          "system": "urn:iso:std:iso:3166",
          "code": "US"
        }
      ]
    }
  ],
  "compose": {
    "include": [
      {
        "system": "http://hl7.org/fhir/us/carin-bb/CodeSystem/PayerAdjudicationCategoryCS",
        "concept": [
          {
            "code": "paid",
            "display": "paid"
          },
          {
            "code": "denied",
            "display": "denied"
          }
        ]
      }
    ]
  }
}