<?xml version="1.0" encoding="UTF-8"?>

<ValueSet xmlns="http://hl7.org/fhir">
  <id value="OrganizationIdentifierTypeVS"/>
  <text>
    <status value="generated"/><div xmlns="http://www.w3.org/1999/xhtml"><ul><li>Include these codes as defined in <a href="CodeSystem-IdentifierTypeCS.html"><code>http://hl7.org/fhir/us/carin-bb/CodeSystem/IdentifierTypeCS</code></a><table class="none"><tr><td style="white-space:nowrap"><b>Code</b></td><td><b>Display</b></td></tr><tr><td><a href="CodeSystem-IdentifierTypeCS.html#IdentifierTypeCS-tax">tax</a></td><td>Tax ID Number</td><td>Tax ID Number</td></tr><tr><td><a href="CodeSystem-IdentifierTypeCS.html#IdentifierTypeCS-npi">npi</a></td><td>National Provider Identifier</td><td>National Provider Identifier</td></tr><tr><td><a href="CodeSystem-IdentifierTypeCS.html#IdentifierTypeCS-payerid">payerid</a></td><td>Payer ID</td><td>Payer ID</td></tr></table></li></ul></div>
  </text>
  <url value="http://hl7.org/fhir/us/carin-bb/ValueSet/OrganizationIdentifierTypeVS"/>
  <version value="0.1.0"/>
  <name value="OrganizationIdentifierTypeVS"/>
  <title value="Organization Identifier Type"/>
  <status value="active"/>
  <date value="2020-06-30T17:51:54+00:00"/>
  <publisher value="HL7 Financial Management Working Group"/>
  <contact>
    <name value="HL7 Financial Management Working Group"/>
    <telecom>
      <system value="url"/>
      <value value="http://www.hl7.org/Special/committees/fm/index.cfm"/>
    </telecom>
    <telecom>
      <system value="email"/>
      <value value="fm@lists.HL7.org"/>
    </telecom>
  </contact>
  <description value="Organization  Identifier Type"/>
  <compose>
    <include>
      <system value="http://hl7.org/fhir/us/carin-bb/CodeSystem/IdentifierTypeCS"/>
      <concept>
        <code value="tax"/>
      </concept>
      <concept>
        <code value="npi"/>
      </concept>
      <concept>
        <code value="payerid"/>
      </concept>
    </include>
  </compose>
</ValueSet>