{
  "resourceType": "ValueSet",
  "id": "NUBCPresentOnAdmission",
  "text": {
    "status": "generated",
    "div": "<div xmlns=\"http://www.w3.org/1999/xhtml\"><ul><li>Include all codes defined in <code>urn:oid:2.16.840.1.113883.6.301.11</code></li></ul></div>"
  },
  "url": "http://hl7.org/fhir/us/carin-bb/ValueSet/NUBCPresentOnAdmission",
  "version": "0.3.2",
  "name": "NUBCPresentOnAdmission",
  "title": "NUBC Present On Admission",
  "status": "active",
  "date": "2020-08-05T18:39:33+00:00",
  "publisher": "HL7 Financial Management Working Group",
  "contact": [
    {
      "name": "HL7 Financial Management Working Group",
      "telecom": [
        {
          "system": "url",
          "value": "http://www.hl7.org/Special/committees/fm/index.cfm"
        },
        {
          "system": "email",
          "value": "fm@lists.HL7.org"
        }
      ]
    }
  ],
  "description": "NUBC Present On Admission",
  "jurisdiction": [
    {
      "coding": [
        {
          "system": "urn:iso:std:iso:3166",
          "code": "US"
        }
      ]
    }
  ],
  "compose": {
    "include": [
      {
        "system": "urn:oid:2.16.840.1.113883.6.301.11"
      }
    ]
  }
}