<?xml version="1.0" encoding="UTF-8"?>

<ValueSet xmlns="http://hl7.org/fhir">
  <id value="AMACPTCMSHCPCSProcedureCodes"/>
  <text>
    <status value="generated"/><div xmlns="http://www.w3.org/1999/xhtml"><p>This value set includes codes based on the following rules:</p><ul><li>Import all the codes that are contained in <a href="http://hl7.org/fhir/R4/valueset-cpt-all.html">http://hl7.org/fhir/ValueSet/cpt-all</a></li><li>Include all codes defined in <code>urn:oid:2.16.840.1.113883.6.285</code></li></ul></div>
  </text>
  <url value="http://hl7.org/fhir/us/carin-bb/ValueSet/AMACPTCMSHCPCSProcedureCodes"/>
  <version value="0.4.1"/>
  <name value="AMACPTCMSHCPCSProcedureCodes"/>
  <title value="AMA CPT and CMS HCPCS Procedure Codes"/>
  <status value="active"/>
  <date value="2020-08-26T15:38:25+00:00"/>
  <publisher value="HL7 Financial Management Working Group"/>
  <contact>
    <name value="HL7 Financial Management Working Group"/>
    <telecom>
      <system value="url"/>
      <value value="http://www.hl7.org/Special/committees/fm/index.cfm"/>
    </telecom>
    <telecom>
      <system value="email"/>
      <value value="fm@lists.HL7.org"/>
    </telecom>
  </contact>
  <description value="AMA CPT and CMS HCPCS Procedure Codes. The Value Set is a combination of two Code Systems: CPT (HCPCS I) and HCPCS II procedure codes. They are submitted by providers to payers to convey the specific procedure performed.&#xA;AMA CPT CMS HCPCS Procedure Codes leverage US Core Procedure Codes composition.CPT codes are available by subscription from the AMA at http://www.ama-assn.org/go/cpt.  HCPCS codes are available at https://www.cms.gov/Medicare/Coding/HCPCSReleaseCodeSets/Alpha-Numeric-HCPCS.html. &#xA;The link takes one to a list of files. The HCPCS ANWEB files include modifier and procedure codes. The target set for this Code System is the procedure codes from this file. The code set is owned by CMS and is available for use."/>
  <jurisdiction>
    <coding>
      <system value="urn:iso:std:iso:3166"/>
      <code value="US"/>
    </coding>
  </jurisdiction>
  <copyright value="CPT copyright 2014 American Medical Association. All rights reserved."/>
  <compose>
    <include>
      <valueSet value="http://hl7.org/fhir/ValueSet/cpt-all"/>
    </include>
    <include>
      <system value="urn:oid:2.16.840.1.113883.6.285"/>
    </include>
  </compose>
</ValueSet>