{"resourceType":"CodeSystem","id":"NCPDPRejectCodeCS","text":{"status":"generated","div":"<div xmlns=\"http://www.w3.org/1999/xhtml\"><p>This code system http://ncpdp.org/reject-code defines many codes, but they are not represented here</p></div>"},"url":"http://ncpdp.org/reject-code","version":"0.4.1","name":"NCPDPRejectCodeCS","title":"NCPDP Reject Code","status":"active","date":"2020-08-26T21:53:04+00:00","publisher":"HL7 Financial Management Working Group","contact":[{"name":"HL7 Financial Management Working Group","telecom":[{"system":"url","value":"http://www.hl7.org/Special/committees/fm/index.cfm"},{"system":"email","value":"fm@lists.HL7.org"}]}],"description":"The National Council for Prescription Drug Programs, (NCPDP) Reject Code (511-FB) code set contains exception definitions for use when transaction processing cannot be completed.","jurisdiction":[{"coding":[{"system":"urn:iso:std:iso:3166","code":"US"}]}],"copyright":"NCPDPCopyright","content":"not-present"}