{"resourceType":"CodeSystem","id":"X12ClaimAdjustmentReasonCodes","text":{"status":"generated","div":"<div xmlns=\"http://www.w3.org/1999/xhtml\"><p>This code system https://x12.org/codes/claim-adjustment-reason-codes defines many codes, but they are not represented here</p></div>"},"url":"https://x12.org/codes/claim-adjustment-reason-codes","version":"0.1.4","name":"X12ClaimAdjustmentReasonCodes","title":"X12 Claim Adjustment Reason Codes (CARC)","status":"active","date":"2020-09-30T15:34:43+00:00","publisher":"HL7 Financial Management Working Group","contact":[{"name":"HL7 Financial Management Working Group","telecom":[{"system":"url","value":"http://www.hl7.org/Special/committees/fm/index.cfm"},{"system":"email","value":"fm@lists.HL7.org"}]}],"description":"CARC codes describe why a claim or service line was paid differently than it was billed.   Use of X12 CARC codes require a license.  Reference https://x12.org/codes/.","jurisdiction":[{"coding":[{"system":"urn:iso:std:iso:3166","code":"US"}]}],"copyright":"CARC codes are owned, maintained and distributed by X12.","content":"not-present"}