{"resourceType":"CodeSystem","id":"NCPDPDispensedAsWrittenOrProductSelectionCode","text":{"status":"generated","div":"<div xmlns=\"http://www.w3.org/1999/xhtml\"><p>This code system http://www.ncpdp.org/DispensedAsWrittenOrProductSelectionCode defines many codes, but they are not represented here</p></div>"},"url":"http://www.ncpdp.org/DispensedAsWrittenOrProductSelectionCode","version":"0.1.4","name":"NCPDPDispensedAsWrittenOrProductSelectionCode","title":"NCPDP Dispensed As Written Or Product Selection Code","status":"active","date":"2020-10-07T13:09:14+00:00","publisher":"HL7 Financial Management Working Group","contact":[{"name":"HL7 Financial Management Working Group","telecom":[{"system":"url","value":"http://www.hl7.org/Special/committees/fm/index.cfm"},{"system":"email","value":"fm@lists.HL7.org"}]}],"description":"Prescriber's instruction regarding substitution of generic equivalents or order to dispense the specific prescribed medication. NCPDP field # 408-D8.","jurisdiction":[{"coding":[{"system":"urn:iso:std:iso:3166","code":"US"}]}],"copyright":"NCPDP codes are available by subscription at ncpdp.org. As HL7 is working with the owning authority to finalize the url, this url is subject to change.","content":"not-present"}