{"resourceType":"CodeSystem","id":"ICD10PCSCS","text":{"status":"generated","div":"<div xmlns=\"http://www.w3.org/1999/xhtml\"><p>This code system http://www.nlm.nih.gov/research/umls/icd10pcs defines many codes, but they are not represented here</p></div>"},"url":"http://www.nlm.nih.gov/research/umls/icd10pcs","version":"0.1.4","name":"ICD10PCSCS","title":"ICD-10-PCS","status":"active","date":"2020-09-17T16:59:39+00:00","publisher":"HL7 Financial Management Working Group","contact":[{"name":"HL7 Financial Management Working Group","telecom":[{"system":"url","value":"http://www.hl7.org/Special/committees/fm/index.cfm"},{"system":"email","value":"fm@lists.HL7.org"}]}],"description":"International Classification of Diseases Surgical Procedures (ICD-10).","jurisdiction":[{"coding":[{"system":"urn:iso:std:iso:3166","code":"US"}]}],"copyright":"The code set is owned by CMS and is available for use.","content":"not-present"}