{"resourceType":"CodeSystem","id":"FDANationalDrugCodeCS","text":{"status":"generated","div":"<div xmlns=\"http://www.w3.org/1999/xhtml\"><p>This code system http://hl7.org/fhir/sid/ndc defines many codes, but they are not represented here</p></div>"},"url":"http://hl7.org/fhir/sid/ndc","version":"0.4.2","name":"FDANationalDrugCodeCS","title":"FDA National Drug Code (NDC)","status":"active","date":"2020-09-01T21:23:13+00:00","publisher":"HL7 Financial Management Working Group","contact":[{"name":"HL7 Financial Management Working Group","telecom":[{"system":"url","value":"http://www.hl7.org/Special/committees/fm/index.cfm"},{"system":"email","value":"fm@lists.HL7.org"}]}],"description":"NCPDP field # 407-D7 National Drug Code (NDC)","jurisdiction":[{"coding":[{"system":"urn:iso:std:iso:3166","code":"US"}]}],"copyright":"The US Federal Drug Administration (FDA) Data Standards Council assigns the first 5 digits of the 11 digit code.  The NDC codes are available for use.","content":"not-present"}