{"resourceType":"CodeSystem","id":"IdentifierTypeCS","text":{"status":"generated","div":"<div xmlns=\"http://www.w3.org/1999/xhtml\"><p>This code system http://hl7.org/fhir/us/carin-bb/CodeSystem/IdentifierTypeCS defines the following codes:</p><table class=\"codes\"><tr><td style=\"white-space:nowrap\"><b>Code</b></td><td><b>Display</b></td><td><b>Definition</b></td></tr><tr><td style=\"white-space:nowrap\">npi<a name=\"IdentifierTypeCS-npi\"> </a></td><td>National Provider Identifier</td><td>National Provider Identifier</td></tr><tr><td style=\"white-space:nowrap\">clia<a name=\"IdentifierTypeCS-clia\"> </a></td><td>CLIA</td><td>CLIA</td></tr><tr><td style=\"white-space:nowrap\">payerid<a name=\"IdentifierTypeCS-payerid\"> </a></td><td>Payer ID</td><td>Payer ID</td></tr><tr><td style=\"white-space:nowrap\">mb<a name=\"IdentifierTypeCS-mb\"> </a></td><td>Member ID</td><td>Member ID</td></tr><tr><td style=\"white-space:nowrap\">pt<a name=\"IdentifierTypeCS-pt\"> </a></td><td>Patient Account Number</td><td>Patient Account Number</td></tr><tr><td style=\"white-space:nowrap\">um<a name=\"IdentifierTypeCS-um\"> </a></td><td>Unique Member ID</td><td>Unique Member ID</td></tr><tr><td style=\"white-space:nowrap\">cn<a name=\"IdentifierTypeCS-cn\"> </a></td><td>Claim Number</td><td>Claim Number</td></tr></table></div>"},"url":"http://hl7.org/fhir/us/carin-bb/CodeSystem/IdentifierTypeCS","version":"0.1.2","name":"IdentifierTypeCS","title":"Identifier Type","status":"active","date":"2020-09-04T18:56:03+00:00","publisher":"HL7 Financial Management Working Group","contact":[{"name":"HL7 Financial Management Working Group","telecom":[{"system":"url","value":"http://www.hl7.org/Special/committees/fm/index.cfm"},{"system":"email","value":"fm@lists.HL7.org"}]}],"description":"Identifier Type codes that extend those defined in http://terminology.hl7.org/CodeSystem/v2-0203","jurisdiction":[{"coding":[{"system":"urn:iso:std:iso:3166","code":"US"}]}],"copyright":"This CodeSystem is not copyrighted.","content":"complete","count":7,"concept":[{"code":"npi","display":"National Provider Identifier","definition":"National Provider Identifier"},{"code":"clia","display":"CLIA","definition":"CLIA"},{"code":"payerid","display":"Payer ID","definition":"Payer ID"},{"code":"mb","display":"Member ID","definition":"Member ID"},{"code":"pt","display":"Patient Account Number","definition":"Patient Account Number"},{"code":"um","display":"Unique Member ID","definition":"Unique Member ID"},{"code":"cn","display":"Claim Number","definition":"Claim Number"}]}