{"resourceType":"CodeSystem","id":"AHANUBCTypeOfBillCS","text":{"status":"generated","div":"<div xmlns=\"http://www.w3.org/1999/xhtml\"><p>This code system urn:oid:2.16.840.1.113883.18.290 defines many codes, but they are not represented here</p></div>"},"url":"urn:oid:2.16.840.1.113883.18.290","version":"0.4.1","name":"AHANUBCTypeOfBillCS","title":"AHA NUBC Type of Bill","status":"active","date":"2020-08-27T22:04:48+00:00","publisher":"HL7 Financial Management Working Group","contact":[{"name":"HL7 Financial Management Working Group","telecom":[{"system":"url","value":"http://www.hl7.org/Special/committees/fm/index.cfm"},{"system":"email","value":"fm@lists.HL7.org"}]}],"description":"AHA NUBC Type of Bill codes.","jurisdiction":[{"coding":[{"system":"urn:iso:std:iso:3166","code":"US"}]}],"copyright":"The Official UB-04 Data Specifications Manual, copyrighted by the American Hospital Association, is the only official source of UB-04 billing information adopted by the National Uniform Billing Committee. \nNo other publication—governmental or private/commercial—can be considered authoritative. See their website for licensing terms and conditions.\nAs HL7 is working with the owning authority to finalize the url, this url is subject to change.","content":"not-present"}