{"resourceType":"CodeSystem","id":"AMACPTCodes","text":{"status":"generated","div":"<div xmlns=\"http://www.w3.org/1999/xhtml\"><p>This code system http://www.ama-assn.org/go/cpt defines many codes, but they are not represented here</p></div>"},"url":"http://www.ama-assn.org/go/cpt","version":"0.1.4","name":"AMACPTCodes","title":"AMA CPT Codes","status":"active","date":"2020-09-17T16:59:39+00:00","publisher":"HL7 Financial Management Working Group","contact":[{"name":"HL7 Financial Management Working Group","telecom":[{"system":"url","value":"http://www.hl7.org/Special/committees/fm/index.cfm"},{"system":"email","value":"fm@lists.HL7.org"}]}],"description":"CPT procedure and modifier codes are submitted to payers to convey the specific procedure performed.  CPT codes are available by subscription from the AMA at http://www.ama-assn.org/go/cpt.","jurisdiction":[{"coding":[{"system":"urn:iso:std:iso:3166","code":"US"}]}],"copyright":"Copyright 2014 American Medical Association (AMA). All rights reserved.  As HL7 is working with the owning authority to finalize the url, this url is subject to change.","content":"not-present"}