{"resourceType":"CodeSystem","id":"NCPDPRejectCode","text":{"status":"generated","div":"<div xmlns=\"http://www.w3.org/1999/xhtml\"><p>This code system http://ncpdp.org/RejectCode defines many codes, but they are not represented here</p></div>"},"url":"http://ncpdp.org/RejectCode","version":"0.1.2","name":"NCPDPRejectCode","title":"NCPDP Reject Code","status":"active","date":"2020-09-04T19:22:21+00:00","publisher":"HL7 Financial Management Working Group","contact":[{"name":"HL7 Financial Management Working Group","telecom":[{"system":"url","value":"http://www.hl7.org/Special/committees/fm/index.cfm"},{"system":"email","value":"fm@lists.HL7.org"}]}],"description":"Contains exception definitions for use when transaction processing cannot be completed. NCPDP field # 511-FB (Reject Code)","jurisdiction":[{"coding":[{"system":"urn:iso:std:iso:3166","code":"US"}]}],"copyright":"NCPDP codes are available by subscription at ncpdp.org. As HL7 is working with the owning authority to finalize the url, this url is subject to change.","content":"not-present"}