{"resourceType":"CodeSystem","id":"AHANUBCRevenueCodesCS","text":{"status":"generated","div":"<div xmlns=\"http://www.w3.org/1999/xhtml\"><p>This code system urn:oid:2.16.840.1.113883.13.18 defines many codes, but they are not represented here</p></div>"},"url":"urn:oid:2.16.840.1.113883.13.18","version":"0.4.1","name":"AHANUBCRevenueCodesCS","title":"UB-04 Revenue Code (FL-42).","status":"active","date":"2020-08-26T15:38:25+00:00","publisher":"HL7 Financial Management Working Group","contact":[{"name":"HL7 Financial Management Working Group","telecom":[{"system":"url","value":"http://www.hl7.org/Special/committees/fm/index.cfm"},{"system":"email","value":"fm@lists.HL7.org"}]}],"description":"These codes are used to convey specific accomodation, ancillary service or unique billing calculations or arrangements. They are listed within the UB-04 Data Specifications Manual and maintained by the National Uniform Billing Committee (NUBC).","jurisdiction":[{"coding":[{"system":"urn:iso:std:iso:3166","code":"US"}]}],"copyright":"AHANUBCCopyright","content":"not-present"}