{"resourceType":"CodeSystem","id":"HCPCSProcedureCodesCS","text":{"status":"generated","div":"<div xmlns=\"http://www.w3.org/1999/xhtml\"><p>This code system urn:oid:2.16.840.1.113883.6.285 defines many codes, but they are not represented here</p></div>"},"url":"urn:oid:2.16.840.1.113883.6.285","version":"0.4.1","name":"HCPCSProcedureCodesCS","title":"HCPCS Procedure Codes","status":"active","date":"2020-08-28T19:30:19+00:00","publisher":"HL7 Financial Management Working Group","contact":[{"name":"HL7 Financial Management Working Group","telecom":[{"system":"url","value":"http://www.hl7.org/Special/committees/fm/index.cfm"},{"system":"email","value":"fm@lists.HL7.org"}]}],"description":"Healthcare Common Procedure Coding System (HCPCS) Procedure Codes","jurisdiction":[{"coding":[{"system":"urn:iso:std:iso:3166","code":"US"}]}],"copyright":"HCPCS codes are available at https://www.cms.gov/Medicare/Coding/HCPCSReleaseCodeSets/Alpha-Numeric-HCPCS.html.  \nThe link takes one to a list of files.  The HCPCS ANWEB files include modifier and procedure codes.  The target set for this Code System is the procedure codes from this file.  The code set is owned by CMS and is available for use.","content":"not-present"}