{"resourceType":"CodeSystem","id":"CMSRARCCS","text":{"status":"generated","div":"<div xmlns=\"http://www.w3.org/1999/xhtml\"><p>This code system https://www.cms.gov/rarc defines many codes, but they are not represented here</p></div>"},"url":"https://www.cms.gov/rarc","version":"0.4.2","name":"CMSRARCCS","title":"CMS Remittance Advice Remark Codes (RARC)","status":"active","date":"2020-08-31T22:51:03+00:00","publisher":"HL7 Financial Management Working Group","contact":[{"name":"HL7 Financial Management Working Group","telecom":[{"system":"url","value":"http://www.hl7.org/Special/committees/fm/index.cfm"},{"system":"email","value":"fm@lists.HL7.org"}]}],"description":"Denial Reasons - Reason codes used to interpret the adjudication denial reason","jurisdiction":[{"coding":[{"system":"urn:iso:std:iso:3166","code":"US"}]}],"copyright":"RARC codes are available at http://www.wpc-edi.com/reference/codelists/healthcare/remittance-advice-remark-codes.  RARC codes are owned by CMS and are available for use. ","content":"not-present"}