{"resourceType":"CodeSystem","id":"ClaimInformationCategoryCS","text":{"status":"generated","div":"<div xmlns=\"http://www.w3.org/1999/xhtml\"><p>This code system http://hl7.org/fhir/us/carin-bb/CodeSystem/ClaimInformationCategoryCS defines the following codes:</p><table class=\"codes\"><tr><td style=\"white-space:nowrap\"><b>Code</b></td><td><b>Display</b></td><td><b>Definition</b></td></tr><tr><td style=\"white-space:nowrap\">billingnetworkcontractingstatus<a name=\"ClaimInformationCategoryCS-billingnetworkcontractingstatus\"> </a></td><td>billingnetworkcontractingstatus</td><td>Undefined</td></tr><tr><td style=\"white-space:nowrap\">attendingnetworkcontractingstatus<a name=\"ClaimInformationCategoryCS-attendingnetworkcontractingstatus\"> </a></td><td>attendingnetworkcontractingstatus</td><td>Undefined</td></tr><tr><td style=\"white-space:nowrap\">sitenetworkcontractingstatus<a name=\"ClaimInformationCategoryCS-sitenetworkcontractingstatus\"> </a></td><td>sitenetworkcontractingstatus</td><td>Undefined</td></tr><tr><td style=\"white-space:nowrap\">referringnetworkcontractingstatus<a name=\"ClaimInformationCategoryCS-referringnetworkcontractingstatus\"> </a></td><td>referringnetworkcontractingstatus</td><td>Undefined</td></tr><tr><td style=\"white-space:nowrap\">performingnetworkcontractingstatus<a name=\"ClaimInformationCategoryCS-performingnetworkcontractingstatus\"> </a></td><td>performingnetworkcontractingstatus</td><td>Undefined</td></tr><tr><td style=\"white-space:nowrap\">prescribingnetworkcontractingstatus<a name=\"ClaimInformationCategoryCS-prescribingnetworkcontractingstatus\"> </a></td><td>prescribingnetworkcontractingstatus</td><td>Undefined</td></tr><tr><td style=\"white-space:nowrap\">clmrecvddate<a name=\"ClaimInformationCategoryCS-clmrecvddate\"> </a></td><td>clmrecvddate</td><td>Undefined</td></tr><tr><td style=\"white-space:nowrap\">typeofservice<a name=\"ClaimInformationCategoryCS-typeofservice\"> </a></td><td>typeofservice</td><td>Undefined</td></tr><tr><td style=\"white-space:nowrap\">tob-typeoffacility<a name=\"ClaimInformationCategoryCS-tob-typeoffacility\"> </a></td><td>tob-typeoffacility</td><td>Undefined</td></tr><tr><td style=\"white-space:nowrap\">tob-billclassification<a name=\"ClaimInformationCategoryCS-tob-billclassification\"> </a></td><td>tob-billclassification</td><td>Undefined</td></tr><tr><td style=\"white-space:nowrap\">tob-frequency<a name=\"ClaimInformationCategoryCS-tob-frequency\"> </a></td><td>tob-frequency</td><td>Undefined</td></tr><tr><td style=\"white-space:nowrap\">admsrc<a name=\"ClaimInformationCategoryCS-admsrc\"> </a></td><td>admsrc</td><td>Undefined</td></tr><tr><td style=\"white-space:nowrap\">admtype<a name=\"ClaimInformationCategoryCS-admtype\"> </a></td><td>admtype</td><td>Undefined</td></tr><tr><td style=\"white-space:nowrap\">discharge-status<a name=\"ClaimInformationCategoryCS-discharge-status\"> </a></td><td>discharge-status</td><td>Undefined</td></tr><tr><td style=\"white-space:nowrap\">ms-drg<a name=\"ClaimInformationCategoryCS-ms-drg\"> </a></td><td>ms-drg</td><td>Undefined</td></tr><tr><td style=\"white-space:nowrap\">placeofservice<a name=\"ClaimInformationCategoryCS-placeofservice\"> </a></td><td>placeofservice</td><td>Undefined</td></tr><tr><td style=\"white-space:nowrap\">dayssupply<a name=\"ClaimInformationCategoryCS-dayssupply\"> </a></td><td>dayssupply</td><td>Undefined</td></tr><tr><td style=\"white-space:nowrap\">dawcode<a name=\"ClaimInformationCategoryCS-dawcode\"> </a></td><td>dawcode</td><td>Undefined</td></tr><tr><td style=\"white-space:nowrap\">refillnum<a name=\"ClaimInformationCategoryCS-refillnum\"> </a></td><td>refillnum</td><td>Undefined</td></tr><tr><td style=\"white-space:nowrap\">rxorigincode<a name=\"ClaimInformationCategoryCS-rxorigincode\"> </a></td><td>rxorigincode</td><td>Undefined</td></tr><tr><td style=\"white-space:nowrap\">brandgenericcode<a name=\"ClaimInformationCategoryCS-brandgenericcode\"> </a></td><td>brandgenericcode</td><td>Undefined</td></tr></table></div>"},"url":"http://hl7.org/fhir/us/carin-bb/CodeSystem/ClaimInformationCategoryCS","version":"0.1.0","name":"ClaimInformationCategoryCS","title":"Claim Information Category","status":"active","date":"2020-06-17T14:14:09+00:00","publisher":"HL7 Financial Management Working Group","contact":[{"name":"HL7 Financial Management Working Group","telecom":[{"system":"url","value":"http://www.hl7.org/Special/committees/fm/index.cfm"},{"system":"email","value":"fm@lists.HL7.org"}]}],"description":"Claim Information Category - Used as the discriminator for supportingInfo","content":"complete","concept":[{"code":"billingnetworkcontractingstatus","display":"billingnetworkcontractingstatus","definition":"Undefined"},{"code":"attendingnetworkcontractingstatus","display":"attendingnetworkcontractingstatus","definition":"Undefined"},{"code":"sitenetworkcontractingstatus","display":"sitenetworkcontractingstatus","definition":"Undefined"},{"code":"referringnetworkcontractingstatus","display":"referringnetworkcontractingstatus","definition":"Undefined"},{"code":"performingnetworkcontractingstatus","display":"performingnetworkcontractingstatus","definition":"Undefined"},{"code":"prescribingnetworkcontractingstatus","display":"prescribingnetworkcontractingstatus","definition":"Undefined"},{"code":"clmrecvddate","display":"clmrecvddate","definition":"Undefined"},{"code":"typeofservice","display":"typeofservice","definition":"Undefined"},{"code":"tob-typeoffacility","display":"tob-typeoffacility","definition":"Undefined"},{"code":"tob-billclassification","display":"tob-billclassification","definition":"Undefined"},{"code":"tob-frequency","display":"tob-frequency","definition":"Undefined"},{"code":"admsrc","display":"admsrc","definition":"Undefined"},{"code":"admtype","display":"admtype","definition":"Undefined"},{"code":"discharge-status","display":"discharge-status","definition":"Undefined"},{"code":"ms-drg","display":"ms-drg","definition":"Undefined"},{"code":"placeofservice","display":"placeofservice","definition":"Undefined"},{"code":"dayssupply","display":"dayssupply","definition":"Undefined"},{"code":"dawcode","display":"dawcode","definition":"Undefined"},{"code":"refillnum","display":"refillnum","definition":"Undefined"},{"code":"rxorigincode","display":"rxorigincode","definition":"Undefined"},{"code":"brandgenericcode","display":"brandgenericcode","definition":"Undefined"}]}