{"resourceType":"CodeSystem","id":"ClaimAdjudicationCategory","text":{"status":"generated","div":"<div xmlns=\"http://www.w3.org/1999/xhtml\"><p>This code system http://hl7.org/fhir/us/carin-bb/CodeSystem/ClaimAdjudicationCategory defines the following codes:</p><table class=\"codes\"><tr><td style=\"white-space:nowrap\"><b>Code</b></td><td><b>Display</b></td><td><b>Definition</b></td></tr><tr><td style=\"white-space:nowrap\">allowedunits<a name=\"ClaimAdjudicationCategory-allowedunits\"> </a></td><td>allowed units</td><td>Undefined</td></tr><tr><td style=\"white-space:nowrap\">inoutnetwork<a name=\"ClaimAdjudicationCategory-inoutnetwork\"> </a></td><td>In or Out of Network</td><td>Undefined</td></tr><tr><td style=\"white-space:nowrap\">denialreason<a name=\"ClaimAdjudicationCategory-denialreason\"> </a></td><td>Denial Reason</td><td>Undefined</td></tr></table></div>"},"url":"http://hl7.org/fhir/us/carin-bb/CodeSystem/ClaimAdjudicationCategory","version":"0.1.3","name":"ClaimAdjudicationCategory","title":"Claim Adjudication Category","status":"active","date":"2020-09-06T13:33:30+00:00","publisher":"HL7 Financial Management Working Group","contact":[{"name":"HL7 Financial Management Working Group","telecom":[{"system":"url","value":"http://www.hl7.org/Special/committees/fm/index.cfm"},{"system":"email","value":"fm@lists.HL7.org"}]}],"description":"Values for EOB.item.adjudication.category and total.category","jurisdiction":[{"coding":[{"system":"urn:iso:std:iso:3166","code":"US"}]}],"copyright":"This CodeSystem is not copyrighted.","content":"complete","count":3,"concept":[{"code":"allowedunits","display":"allowed units","definition":"Undefined"},{"code":"inoutnetwork","display":"In or Out of Network","definition":"Undefined"},{"code":"denialreason","display":"Denial Reason","definition":"Undefined"}]}