{"resourceType":"ImplementationGuide","id":"hl7.fhir.us.carin-bb","text":{"status":"extensions","div":"<div xmlns=\"http://www.w3.org/1999/xhtml\"><h2>CARINConsumerDirectedPayerDataExchange</h2><p>The official URL for this implementation guide is: </p><pre>http://hl7.org/fhir/us/carin-bb/ImplementationGuide/hl7.fhir.us.carin-bb</pre><div><p>CARIN Consumer Directed Payer Data Exchange</p>\n</div></div>"},"url":"http://hl7.org/fhir/us/carin-bb/ImplementationGuide/hl7.fhir.us.carin-bb","version":"0.1.0","name":"CARINConsumerDirectedPayerDataExchange","title":"CARIN Consumer Directed Payer Data Exchange","status":"active","date":"2020-07-15T01:55:49+00:00","publisher":"HL7 Financial Management Working Group","contact":[{"name":"HL7 Financial Management Working Group","telecom":[{"system":"url","value":"http://www.hl7.org/Special/committees/fm/index.cfm"},{"system":"email","value":"fm@lists.HL7.org"}]}],"description":"CARIN Consumer Directed Payer Data Exchange","packageId":"hl7.fhir.us.carin-bb","license":"CC0-1.0","fhirVersion":["4.0.1"],"dependsOn":[{"id":"hl7_fhir_us_core","uri":"http://hl7.org/fhir/us/core/ImplementationGuide/hl7.fhir.us.core","packageId":"hl7.fhir.us.core","version":"3.1.0"}],"definition":{"extension":[{"extension":[{"url":"code","valueString":"copyrightyear"},{"url":"value","valueString":"2020+"}],"url":"http://hl7.org/fhir/tools/StructureDefinition/ig-parameter"},{"extension":[{"url":"code","valueString":"releaselabel"},{"url":"value","valueString":"STU1"}],"url":"http://hl7.org/fhir/tools/StructureDefinition/ig-parameter"},{"extension":[{"url":"code","valueString":"show-inherited-invariants"},{"url":"value","valueString":"false"}],"url":"http://hl7.org/fhir/tools/StructureDefinition/ig-parameter"},{"extension":[{"url":"code","valueString":"path-history"},{"url":"value","valueString":"http://hl7.org/fhir/us/carin-bb/history.html"}],"url":"http://hl7.org/fhir/tools/StructureDefinition/ig-parameter"},{"extension":[{"url":"code","valueString":"path-liquid"},{"url":"value","valueString":"template/liquid"}],"url":"http://hl7.org/fhir/tools/StructureDefinition/ig-parameter"},{"extension":[{"url":"code","valueString":"path-liquid"},{"url":"value","valueString":"input/liquid"}],"url":"http://hl7.org/fhir/tools/StructureDefinition/ig-parameter"},{"extension":[{"url":"code","valueString":"path-qa"},{"url":"value","valueString":"temp/qa"}],"url":"http://hl7.org/fhir/tools/StructureDefinition/ig-parameter"},{"extension":[{"url":"code","valueString":"path-temp"},{"url":"value","valueString":"temp/pages"}],"url":"http://hl7.org/fhir/tools/StructureDefinition/ig-parameter"},{"extension":[{"url":"code","valueString":"path-output"},{"url":"value","valueString":"output"}],"url":"http://hl7.org/fhir/tools/StructureDefinition/ig-parameter"},{"extension":[{"url":"code","valueString":"path-suppressed-warnings"},{"url":"value","valueString":"input/ignoreWarnings.txt"}],"url":"http://hl7.org/fhir/tools/StructureDefinition/ig-parameter"},{"extension":[{"url":"code","valueString":"template-html"},{"url":"value","valueString":"template-page.html"}],"url":"http://hl7.org/fhir/tools/StructureDefinition/ig-parameter"},{"extension":[{"url":"code","valueString":"template-md"},{"url":"value","valueString":"template-page-md.html"}],"url":"http://hl7.org/fhir/tools/StructureDefinition/ig-parameter"},{"extension":[{"url":"code","valueString":"apply-contact"},{"url":"value","valueString":"true"}],"url":"http://hl7.org/fhir/tools/StructureDefinition/ig-parameter"},{"extension":[{"url":"code","valueString":"apply-context"},{"url":"value","valueString":"true"}],"url":"http://hl7.org/fhir/tools/StructureDefinition/ig-parameter"},{"extension":[{"url":"code","valueString":"apply-copyright"},{"url":"value","valueString":"true"}],"url":"http://hl7.org/fhir/tools/StructureDefinition/ig-parameter"},{"extension":[{"url":"code","valueString":"apply-jurisdiction"},{"url":"value","valueString":"true"}],"url":"http://hl7.org/fhir/tools/StructureDefinition/ig-parameter"},{"extension":[{"url":"code","valueString":"apply-license"},{"url":"value","valueString":"true"}],"url":"http://hl7.org/fhir/tools/StructureDefinition/ig-parameter"},{"extension":[{"url":"code","valueString":"apply-publisher"},{"url":"value","valueString":"true"}],"url":"http://hl7.org/fhir/tools/StructureDefinition/ig-parameter"},{"extension":[{"url":"code","valueString":"apply-version"},{"url":"value","valueString":"true"}],"url":"http://hl7.org/fhir/tools/StructureDefinition/ig-parameter"},{"extension":[{"url":"code","valueString":"active-tables"},{"url":"value","valueString":"true"}],"url":"http://hl7.org/fhir/tools/StructureDefinition/ig-parameter"}],"grouping":[{"id":"_dyn_capabilitystatement","name":"Behavior: Capability Statements","description":"The following artifacts define the specific capabilities that different types of systems are expected to have in order to comply with this implementation guide.  Systems complying with the implementation guide are expected to declare conformance to one or more of the following capability statements."},{"id":"_str_abstractprofile","name":"Structures: Abstract Profiles","description":"These are profiles on resources or data types that describe patterns used by other profiles, but can't be instantiated directly.  I.e. instances can conform to profiles *based* on these abstract profiles, but don't declare conformance to the abstract profiles themselves."},{"id":"_str_profile","name":"Structures: Resource Profiles","description":"These define constraints on FHIR resources that need to be complied with by conformant implementations"},{"id":"_str_extension","name":"Structures: Extension Definitions","description":"These define constraints on FHIR data types that need to be complied with by conformant implementations"},{"id":"_term_valueset","name":"Terminology: Value Sets","description":"These define sets of codes used by systems conforming with this implementation guide"},{"id":"_term_codesystem","name":"Terminology: Code Systems","description":"These define new code systems used by systems conforming with this implementation guide"},{"id":"_ex_example","name":"Example: Example Instances","description":"These are example instances that show what data produced and consumed by systems conforming with this implementation guide might look like"},{"id":"_other","name":"Other","description":"These are resources that are used within this implementation guide that don't fit into one of the other categories"}],"resource":[{"extension":[{"url":"http://hl7.org/fhir/StructureDefinition/implementationguide-page","valueUri":"StructureDefinition-CARIN-BB-Coverage.html"}],"reference":{"reference":"StructureDefinition/CARIN-BB-Coverage"},"name":"CARIN BB Coverage","description":"CARIN Blue Button Coverage Profile.","exampleBoolean":false,"groupingId":"_str_profile"},{"extension":[{"url":"http://hl7.org/fhir/StructureDefinition/implementationguide-page","valueUri":"StructureDefinition-CARIN-BB-ExplanationOfBenefit.html"}],"reference":{"reference":"StructureDefinition/CARIN-BB-ExplanationOfBenefit"},"name":"CARIN BB Explanation Of Benefit","description":"Abstract parent profile that includes constraints that are common to the four specific ExplanationOfBenefit (EOB) profiles defined in this Implementation Guide.\nAll EOB instances should be from one of the four non-abstract EOB profiles defined in this Implementation Guide:  Inpatient, Outpatient, Pharmacy, and Professional/NonClinician","exampleBoolean":false,"groupingId":"_str_abstractprofile"},{"extension":[{"url":"http://hl7.org/fhir/StructureDefinition/implementationguide-page","valueUri":"StructureDefinition-CARIN-BB-ExplanationOfBenefit-Inpatient-Facility.html"}],"reference":{"reference":"StructureDefinition/CARIN-BB-ExplanationOfBenefit-Inpatient-Facility"},"name":"CARIN BB ExplanationOfBenefit Inpatient Facility","description":"The profile is used for Explanation of Benefits (EOBs) based on claims submitted by clinics, hospitals, skilled nursing facilities and other institutions for inpatient services, which may include the use of equipment and supplies, laboratory services, radiology services and other charges. Inpatient claims are submitted for services rendered at a facility as part of an overnight stay. \nThe claims data is based on the institutional claim format UB-04, submission standards adopted by the Department of Health and Human Services as form CMS-1450.","exampleBoolean":false,"groupingId":"_str_profile"},{"extension":[{"url":"http://hl7.org/fhir/StructureDefinition/implementationguide-page","valueUri":"StructureDefinition-CARIN-BB-ExplanationOfBenefit-Outpatient-Facility.html"}],"reference":{"reference":"StructureDefinition/CARIN-BB-ExplanationOfBenefit-Outpatient-Facility"},"name":"CARIN BB ExplanationOfBenefit Outpatient Facility","description":"This profile is used for Explanation of Benefits (EOBs) based on claims submitted by clinics, hospitals, skilled nursing facilities and other institutions for outpatient services, which may include including the use of equipment and supplies, laboratory services, radiology services and other charges. Outpatient claims are submitted for services rendered at a facility that are not part of an overnight stay. \nThe claims data is based on the institutional claim form UB-04, submission standards adopted by the Department of Health and Human Services as form CMS-1450.","exampleBoolean":false,"groupingId":"_str_profile"},{"extension":[{"url":"http://hl7.org/fhir/StructureDefinition/implementationguide-page","valueUri":"StructureDefinition-CARIN-BB-ExplanationOfBenefit-Pharmacy.html"}],"reference":{"reference":"StructureDefinition/CARIN-BB-ExplanationOfBenefit-Pharmacy"},"name":"CARIN BB ExplanationOfBenefit Pharmacy","description":"This profile is used for Explanation of Benefits (EOBs) based on claims submitted by retail pharmacies. \nThe claims data is based on submission standards adopted by the Department of Health and Human Services defined by NCPDP (National Council for Prescription Drug Program)","exampleBoolean":false,"groupingId":"_str_profile"},{"extension":[{"url":"http://hl7.org/fhir/StructureDefinition/implementationguide-page","valueUri":"StructureDefinition-CARIN-BB-ExplanationOfBenefit-Professional-NonClinician.html"}],"reference":{"reference":"StructureDefinition/CARIN-BB-ExplanationOfBenefit-Professional-NonClinician"},"name":"CARIN BB ExplanationOfBenefit Professional NonClinician","description":"This profile is used for Explanation of Benefits (EOBs) based on claims submitted by physicians, suppliers and other non-institutional providers for professional services. These services may be rendered in inpatient or outpatient, including office locations. \nThe claims data is based on the professional claim form 1500, submission standards adopted by the Department of Health and Human Services as form CMS-1500.","exampleBoolean":false,"groupingId":"_str_profile"},{"extension":[{"url":"http://hl7.org/fhir/StructureDefinition/implementationguide-page","valueUri":"StructureDefinition-CARIN-BB-Location.html"}],"reference":{"reference":"StructureDefinition/CARIN-BB-Location"},"name":"CARIN BB Location","description":"CARIN Blue Button Location Profile.","exampleBoolean":false,"groupingId":"_str_profile"},{"extension":[{"url":"http://hl7.org/fhir/StructureDefinition/implementationguide-page","valueUri":"StructureDefinition-CARIN-BB-Organization.html"}],"reference":{"reference":"StructureDefinition/CARIN-BB-Organization"},"name":"CARIN BB Organization","description":"CARIN Blue Button Organization Profile.","exampleBoolean":false,"groupingId":"_str_profile"},{"extension":[{"url":"http://hl7.org/fhir/StructureDefinition/implementationguide-page","valueUri":"StructureDefinition-CARIN-BB-Patient.html"}],"reference":{"reference":"StructureDefinition/CARIN-BB-Patient"},"name":"CARIN BB Patient","description":"CARIN Blue Button Patient Profile.","exampleBoolean":false,"groupingId":"_str_profile"},{"extension":[{"url":"http://hl7.org/fhir/StructureDefinition/implementationguide-page","valueUri":"StructureDefinition-CARIN-BB-Practitioner.html"}],"reference":{"reference":"StructureDefinition/CARIN-BB-Practitioner"},"name":"CARIN BB Practitioner","description":"CARIN Blue Button Practitioner Profile.","exampleBoolean":false,"groupingId":"_str_profile"},{"extension":[{"url":"http://hl7.org/fhir/StructureDefinition/implementationguide-page","valueUri":"StructureDefinition-CARIN-BB-PractitionerRole.html"}],"reference":{"reference":"StructureDefinition/CARIN-BB-PractitionerRole"},"name":"CARIN BB PractitionerRole","description":"CARIN Blue Button PractitionerRole Profile.","exampleBoolean":false,"groupingId":"_str_profile"},{"extension":[{"url":"http://hl7.org/fhir/StructureDefinition/implementationguide-page","valueUri":"StructureDefinition-AdjudicationType.html"}],"reference":{"reference":"StructureDefinition/AdjudicationType"},"name":"Adjudication Type","description":"An extension to provide a human-readable description of an organization.","exampleBoolean":false,"groupingId":"_str_extension"},{"extension":[{"url":"http://hl7.org/fhir/StructureDefinition/implementationguide-page","valueUri":"ValueSet-AdjudicationDenialReasonVS.html"}],"reference":{"reference":"ValueSet/AdjudicationDenialReasonVS"},"name":"Adjudication Denial Reason","description":"Reason codes used to interpret the adjudication denial reason.  X12 CARC + CMS RARC","exampleBoolean":false,"groupingId":"_term_valueset"},{"extension":[{"url":"http://hl7.org/fhir/StructureDefinition/implementationguide-page","valueUri":"ValueSet-AdjudicationSlideCodesVS.html"}],"reference":{"reference":"ValueSet/AdjudicationSlideCodesVS"},"name":"Adjudication Slice Codes","description":"Codes used to discriminate slices of adjudication and item.adjudication","exampleBoolean":false,"groupingId":"_term_valueset"},{"extension":[{"url":"http://hl7.org/fhir/StructureDefinition/implementationguide-page","valueUri":"ValueSet-AdjudicationValueCodesVS.html"}],"reference":{"reference":"ValueSet/AdjudicationValueCodesVS"},"name":"Benefit Payment Status Category","description":"Benefit Payment Status Category","exampleBoolean":false,"groupingId":"_term_valueset"},{"extension":[{"url":"http://hl7.org/fhir/StructureDefinition/implementationguide-page","valueUri":"ValueSet-AdjustmentAmountCategoryVS.html"}],"reference":{"reference":"ValueSet/AdjustmentAmountCategoryVS"},"name":"Adjustment Amount Category","description":"Describes the various amount fields used when submitting and adjudicating a claim.","exampleBoolean":false,"groupingId":"_term_valueset"},{"extension":[{"url":"http://hl7.org/fhir/StructureDefinition/implementationguide-page","valueUri":"ValueSet-BenefitPaymentStatusCategoryVS.html"}],"reference":{"reference":"ValueSet/BenefitPaymentStatusCategoryVS"},"name":"Benefit Payment Status Category","description":"Benefit Payment Status Category","exampleBoolean":false,"groupingId":"_term_valueset"},{"extension":[{"url":"http://hl7.org/fhir/StructureDefinition/implementationguide-page","valueUri":"ValueSet-BenefitPaymentStatusVS.html"}],"reference":{"reference":"ValueSet/BenefitPaymentStatusVS"},"name":"Benefit Payment Status","description":"Indicates the in network or out of network payment status of the claim.","exampleBoolean":false,"groupingId":"_term_valueset"},{"extension":[{"url":"http://hl7.org/fhir/StructureDefinition/implementationguide-page","valueUri":"ValueSet-CMSPlaceOfServiceVS.html"}],"reference":{"reference":"ValueSet/CMSPlaceOfServiceVS"},"name":"CMS Place of Service","description":"https://www.cms.gov/Medicare/Coding/place-of-service-codes/Place_of_Service_Code_Set.html .  The link takes one to the Place of Service list as an html document; it is not a file to which an IG can be bound.   The code set is owned by CMS and is available for use.","exampleBoolean":false,"groupingId":"_term_valueset"},{"extension":[{"url":"http://hl7.org/fhir/StructureDefinition/implementationguide-page","valueUri":"ValueSet-CPTHCPCSModifierCodeVS.html"}],"reference":{"reference":"ValueSet/CPTHCPCSModifierCodeVS"},"name":"AMA CPT and CMS HCPCS Modifier Codes","description":"AMA CPT and CMS HCPCS Modifier Codes","exampleBoolean":false,"groupingId":"_term_valueset"},{"extension":[{"url":"http://hl7.org/fhir/StructureDefinition/implementationguide-page","valueUri":"ValueSet-CPTHCPCSProcedureCodeVS.html"}],"reference":{"reference":"ValueSet/CPTHCPCSProcedureCodeVS"},"name":"AMA CPT and CMS HCPCS Procedure Codes","description":"AMA CPT and CMS HCPCS Procedure Codes","exampleBoolean":false,"groupingId":"_term_valueset"},{"extension":[{"url":"http://hl7.org/fhir/StructureDefinition/implementationguide-page","valueUri":"ValueSet-ClaimAdjudicationCategoryVS.html"}],"reference":{"reference":"ValueSet/ClaimAdjudicationCategoryVS"},"name":"Claim Adjudication Category","description":"Values for EOB.item.adjudication.category, as per Igor","exampleBoolean":false,"groupingId":"_term_valueset"},{"extension":[{"url":"http://hl7.org/fhir/StructureDefinition/implementationguide-page","valueUri":"ValueSet-ClaimInformationCategoryVS.html"}],"reference":{"reference":"ValueSet/ClaimInformationCategoryVS"},"name":"Claim Information Category","description":"Claim Information Category - Used as the discriminator for supportingInfo","exampleBoolean":false,"groupingId":"_term_valueset"},{"extension":[{"url":"http://hl7.org/fhir/StructureDefinition/implementationguide-page","valueUri":"ValueSet-ClaimPayeeTypeCodeVS.html"}],"reference":{"reference":"ValueSet/ClaimPayeeTypeCodeVS"},"name":"Claim Payee Type Code","description":"Identifies recipient of benefits payable; i.e., provider or subscriber.","exampleBoolean":false,"groupingId":"_term_valueset"},{"extension":[{"url":"http://hl7.org/fhir/StructureDefinition/implementationguide-page","valueUri":"ValueSet-ClaimPaymentStatusCodeVS.html"}],"reference":{"reference":"ValueSet/ClaimPaymentStatusCodeVS"},"name":"Claim Payment Status Code","description":"Indicates whether the claim / item was paid or denied.","exampleBoolean":false,"groupingId":"_term_valueset"},{"extension":[{"url":"http://hl7.org/fhir/StructureDefinition/implementationguide-page","valueUri":"ValueSet-FDANDCNCPDPCompoundCodeVS.html"}],"reference":{"reference":"ValueSet/FDANDCNCPDPCompoundCodeVS"},"name":"FDA NDC NCPDP Compound Code","description":"NCPDP field # 407-D7 (National Drug Code (NDC)) or NCPDP field # 406-D6 (Compound Code)","exampleBoolean":false,"groupingId":"_term_valueset"},{"extension":[{"url":"http://hl7.org/fhir/StructureDefinition/implementationguide-page","valueUri":"ValueSet-FDANationalDrugCodeVS.html"}],"reference":{"reference":"ValueSet/FDANationalDrugCodeVS"},"name":"FDA National Drug Code (NDC)","description":"FDA National Drug Code (NDC)","exampleBoolean":false,"groupingId":"_term_valueset"},{"extension":[{"url":"http://hl7.org/fhir/StructureDefinition/implementationguide-page","valueUri":"ValueSet-ICD10CMVS.html"}],"reference":{"reference":"ValueSet/ICD10CMVS"},"name":"ICD-10-CM Diagnosis Codes","description":"ICD-10-CM Diagnosis Codes.  ***We need ALL Codes, inactive and inactive.   Current binding is to active codes only***","exampleBoolean":false,"groupingId":"_term_valueset"},{"extension":[{"url":"http://hl7.org/fhir/StructureDefinition/implementationguide-page","valueUri":"ValueSet-ICD10PCSVS.html"}],"reference":{"reference":"ValueSet/ICD10PCSVS"},"name":"ICD-10-PCS","description":"ICD-10-PCS","exampleBoolean":false,"groupingId":"_term_valueset"},{"extension":[{"url":"http://hl7.org/fhir/StructureDefinition/implementationguide-page","valueUri":"ValueSet-MSDRGVS.html"}],"reference":{"reference":"ValueSet/MSDRGVS"},"name":"MS-DRG","description":"MS-DRG","exampleBoolean":false,"groupingId":"_term_valueset"},{"extension":[{"url":"http://hl7.org/fhir/StructureDefinition/implementationguide-page","valueUri":"ValueSet-NCPDPBrandGenericCodeVS.html"}],"reference":{"reference":"ValueSet/NCPDPBrandGenericCodeVS"},"name":"NCPDP Brand Generic Code","description":"http://www.ncpdp.org/brand-generic-code","exampleBoolean":false,"groupingId":"_term_valueset"},{"extension":[{"url":"http://hl7.org/fhir/StructureDefinition/implementationguide-page","valueUri":"ValueSet-NCPDPDispensedAsWrittenVS.html"}],"reference":{"reference":"ValueSet/NCPDPDispensedAsWrittenVS"},"name":"NCPDP Dispensed As Written (DAW)","description":"http://www.ncpdp.org/dispensed-as-written-or-product-selection-code","exampleBoolean":false,"groupingId":"_term_valueset"},{"extension":[{"url":"http://hl7.org/fhir/StructureDefinition/implementationguide-page","valueUri":"ValueSet-NCPDPPrescriptionOriginCodeVS.html"}],"reference":{"reference":"ValueSet/NCPDPPrescriptionOriginCodeVS"},"name":"NCPDP Prescription Origin Code","description":"http://www.ncpdp.org/prescription-origin-code","exampleBoolean":false,"groupingId":"_term_valueset"},{"extension":[{"url":"http://hl7.org/fhir/StructureDefinition/implementationguide-page","valueUri":"ValueSet-NCPDPRejectCodeVS.html"}],"reference":{"reference":"ValueSet/NCPDPRejectCodeVS"},"name":"NCPDP Reject Code","description":"http://www.ncpdp.org/reject-code","exampleBoolean":false,"groupingId":"_term_valueset"},{"extension":[{"url":"http://hl7.org/fhir/StructureDefinition/implementationguide-page","valueUri":"ValueSet-NUBCPatientDischargeStatusVS.html"}],"reference":{"reference":"ValueSet/NUBCPatientDischargeStatusVS"},"name":"NUBC Patient Discharge Status","description":"NUBC Patient Discharge Status","exampleBoolean":false,"groupingId":"_term_valueset"},{"extension":[{"url":"http://hl7.org/fhir/StructureDefinition/implementationguide-page","valueUri":"ValueSet-NUBCPointOfOriginVS.html"}],"reference":{"reference":"ValueSet/NUBCPointOfOriginVS"},"name":"NUBC Point of Origin of Admission","description":"NUBC Point of Origin of Admission","exampleBoolean":false,"groupingId":"_term_valueset"},{"extension":[{"url":"http://hl7.org/fhir/StructureDefinition/implementationguide-page","valueUri":"ValueSet-NUBCPresentOnAdmissionVS.html"}],"reference":{"reference":"ValueSet/NUBCPresentOnAdmissionVS"},"name":"NUBC Present On Admission","description":"NUBC Present On Admission","exampleBoolean":false,"groupingId":"_term_valueset"},{"extension":[{"url":"http://hl7.org/fhir/StructureDefinition/implementationguide-page","valueUri":"ValueSet-NUBCPriorityOfAdmissionnVS.html"}],"reference":{"reference":"ValueSet/NUBCPriorityOfAdmissionnVS"},"name":"NUBC Priority of Admission","description":"NUBC Priority of Admission","exampleBoolean":false,"groupingId":"_term_valueset"},{"extension":[{"url":"http://hl7.org/fhir/StructureDefinition/implementationguide-page","valueUri":"ValueSet-NUBCRevenueCodeVS.html"}],"reference":{"reference":"ValueSet/NUBCRevenueCodeVS"},"name":"NUBC Revenue Code","description":"NUBC Revenue Code","exampleBoolean":false,"groupingId":"_term_valueset"},{"extension":[{"url":"http://hl7.org/fhir/StructureDefinition/implementationguide-page","valueUri":"ValueSet-NUBCTypeOfBillVS.html"}],"reference":{"reference":"ValueSet/NUBCTypeOfBillVS"},"name":"NUBC Type of Bill","description":"Code System http://www.nubc.org/type-of-bill,","exampleBoolean":false,"groupingId":"_term_valueset"},{"extension":[{"url":"http://hl7.org/fhir/StructureDefinition/implementationguide-page","valueUri":"ValueSet-PatientIdentifierTypeVS.html"}],"reference":{"reference":"ValueSet/PatientIdentifierTypeVS"},"name":"Patient Identifier Type","description":"Patient Identifier Type","exampleBoolean":false,"groupingId":"_term_valueset"},{"extension":[{"url":"http://hl7.org/fhir/StructureDefinition/implementationguide-page","valueUri":"ValueSet-PayerAdjudicationAmountCategoryVS.html"}],"reference":{"reference":"ValueSet/PayerAdjudicationAmountCategoryVS"},"name":"Payer Adjudication Amount Category","description":"This describes the various amount fields used when payers receive and adjudicate a claim.","exampleBoolean":false,"groupingId":"_term_valueset"},{"extension":[{"url":"http://hl7.org/fhir/StructureDefinition/implementationguide-page","valueUri":"ValueSet-PayerAdjudicationValueCodesVS.html"}],"reference":{"reference":"ValueSet/PayerAdjudicationValueCodesVS"},"name":"Payer Adjudication Value Codes","description":"As per Jira FHIR-26992... HL7 Requested to fix HL7 Adjudication codesystem","exampleBoolean":false,"groupingId":"_term_valueset"},{"extension":[{"url":"http://hl7.org/fhir/StructureDefinition/implementationguide-page","valueUri":"ValueSet-PayerInpatientfacilitydiagnosistype.html"}],"reference":{"reference":"ValueSet/PayerInpatientfacilitydiagnosistype"},"name":"Diagnosis Type -- Inpatient Facility","description":"Payer Inpatient Facility Diagnosis Type","exampleBoolean":false,"groupingId":"_term_valueset"},{"extension":[{"url":"http://hl7.org/fhir/StructureDefinition/implementationguide-page","valueUri":"ValueSet-PayerInstitutionalProviderRoleVS.html"}],"reference":{"reference":"ValueSet/PayerInstitutionalProviderRoleVS"},"name":"Payer - Inpatient Facility Provider Role","description":"Indicates the role of the provider providing the care.","exampleBoolean":false,"groupingId":"_term_valueset"},{"extension":[{"url":"http://hl7.org/fhir/StructureDefinition/implementationguide-page","valueUri":"ValueSet-PayerOutpatientfacilitydiagnosistype.html"}],"reference":{"reference":"ValueSet/PayerOutpatientfacilitydiagnosistype"},"name":"Diagnosis Type -- Outpatient Facility","description":"Payer Outpatient Facility Diagnosis Type","exampleBoolean":false,"groupingId":"_term_valueset"},{"extension":[{"url":"http://hl7.org/fhir/StructureDefinition/implementationguide-page","valueUri":"ValueSet-PayerPharmacyProviderRoleVS.html"}],"reference":{"reference":"ValueSet/PayerPharmacyProviderRoleVS"},"name":"Payer - Pharmacy Provider Role","description":"Indicates the role of the provider providing the care.","exampleBoolean":false,"groupingId":"_term_valueset"},{"extension":[{"url":"http://hl7.org/fhir/StructureDefinition/implementationguide-page","valueUri":"ValueSet-PayerProfessionalAndNonClinicianProviderRoleVS.html"}],"reference":{"reference":"ValueSet/PayerProfessionalAndNonClinicianProviderRoleVS"},"name":"Payer - Professional and Non-Clinician Provider Role","description":"Indicates the role of the provider providing the care.","exampleBoolean":false,"groupingId":"_term_valueset"},{"extension":[{"url":"http://hl7.org/fhir/StructureDefinition/implementationguide-page","valueUri":"ValueSet-PayerProfessionalandnoncliniciandiagnosistype.html"}],"reference":{"reference":"ValueSet/PayerProfessionalandnoncliniciandiagnosistype"},"name":"Diagnosis Type -- Professional and Non-Clinician","description":"Payer Professional and Non-Clinician Diagnosis Type","exampleBoolean":false,"groupingId":"_term_valueset"},{"extension":[{"url":"http://hl7.org/fhir/StructureDefinition/implementationguide-page","valueUri":"ValueSet-PayerProviderRoleVS.html"}],"reference":{"reference":"ValueSet/PayerProviderRoleVS"},"name":"Payer Provider Role","description":"Payer Provider Role","exampleBoolean":false,"groupingId":"_term_valueset"},{"extension":[{"url":"http://hl7.org/fhir/StructureDefinition/implementationguide-page","valueUri":"ValueSet-ProviderNetworkStatusVS.html"}],"reference":{"reference":"ValueSet/ProviderNetworkStatusVS"},"name":"Provider Network Status","description":"Indicates that the Provider has a contract with the Plan (regardless of the network) as of the effective date of service or admission.","exampleBoolean":false,"groupingId":"_term_valueset"},{"extension":[{"url":"http://hl7.org/fhir/StructureDefinition/implementationguide-page","valueUri":"CodeSystem-AdjudicationSliceCodesCS.html"}],"reference":{"reference":"CodeSystem/AdjudicationSliceCodesCS"},"name":"Adjudication Slice Codes","description":"Codes used to discriminate slices of adjudication and item.adjudication","exampleBoolean":false,"groupingId":"_term_codesystem"},{"extension":[{"url":"http://hl7.org/fhir/StructureDefinition/implementationguide-page","valueUri":"CodeSystem-CMSPlaceOfServiceCS.html"}],"reference":{"reference":"CodeSystem/CMSPlaceOfServiceCS"},"name":"CMS Place of Service","description":"https://www.cms.gov/Medicare/Coding/place-of-service-codes/Place_of_Service_Code_Set.html .   \nThe link takes one to the Place of Service list as an html document; it is not a file to which an IG can be bound.  \nThe code set is owned by CMS and is available for use.","exampleBoolean":false,"groupingId":"_term_codesystem"},{"extension":[{"url":"http://hl7.org/fhir/StructureDefinition/implementationguide-page","valueUri":"CodeSystem-ClaimAdjudicationCategoryCS.html"}],"reference":{"reference":"CodeSystem/ClaimAdjudicationCategoryCS"},"name":"Claim Adjudication Category","description":"Values for EOB.item.adjudication.category and total.category","exampleBoolean":false,"groupingId":"_term_codesystem"},{"extension":[{"url":"http://hl7.org/fhir/StructureDefinition/implementationguide-page","valueUri":"CodeSystem-ClaimInformationCategoryCS.html"}],"reference":{"reference":"CodeSystem/ClaimInformationCategoryCS"},"name":"Claim Information Category","description":"Claim Information Category - Used as the discriminator for supportingInfo","exampleBoolean":false,"groupingId":"_term_codesystem"},{"extension":[{"url":"http://hl7.org/fhir/StructureDefinition/implementationguide-page","valueUri":"CodeSystem-IdentifierTypeCS.html"}],"reference":{"reference":"CodeSystem/IdentifierTypeCS"},"name":"Identifier Type","description":"Identifier Type","exampleBoolean":false,"groupingId":"_term_codesystem"},{"extension":[{"url":"http://hl7.org/fhir/StructureDefinition/implementationguide-page","valueUri":"CodeSystem-PayerAdjudicationCategoryCS.html"}],"reference":{"reference":"CodeSystem/PayerAdjudicationCategoryCS"},"name":"Payer Adjudication Category","description":"Payer Adjudication Category","exampleBoolean":false,"groupingId":"_term_codesystem"},{"extension":[{"url":"http://hl7.org/fhir/StructureDefinition/implementationguide-page","valueUri":"CodeSystem-PayerDiagnosisTypeCS.html"}],"reference":{"reference":"CodeSystem/PayerDiagnosisTypeCS"},"name":"Payer Diagnosis Type","description":"Payer Diagnosis Type","exampleBoolean":false,"groupingId":"_term_codesystem"},{"extension":[{"url":"http://hl7.org/fhir/StructureDefinition/implementationguide-page","valueUri":"CodeSystem-PayerProviderRoleCS.html"}],"reference":{"reference":"CodeSystem/PayerProviderRoleCS"},"name":"Payer Provider Role","description":"Payer Provider Role","exampleBoolean":false,"groupingId":"_term_codesystem"},{"extension":[{"url":"http://hl7.org/fhir/StructureDefinition/implementationguide-page","valueUri":"Coverage-Coverage1.html"}],"reference":{"reference":"Coverage/Coverage1"},"name":"Coverage1","description":"Coverage Example1","exampleCanonical":"http://hl7.org/fhir/us/carin-bb/StructureDefinition/CARIN-BB-Coverage","groupingId":"_ex_example"},{"extension":[{"url":"http://hl7.org/fhir/StructureDefinition/implementationguide-page","valueUri":"ExplanationOfBenefit-EOBInpatient1.html"}],"reference":{"reference":"ExplanationOfBenefit/EOBInpatient1"},"name":"EOBInpatient1","description":"EOB Inpatient Example1","exampleCanonical":"http://hl7.org/fhir/us/carin-bb/StructureDefinition/CARIN-BB-ExplanationOfBenefit-Inpatient-Facility","groupingId":"_ex_example"},{"extension":[{"url":"http://hl7.org/fhir/StructureDefinition/implementationguide-page","valueUri":"Organization-OrganizationPayer1.html"}],"reference":{"reference":"Organization/OrganizationPayer1"},"name":"OrganizationPayer1","description":"Payer1","exampleCanonical":"http://hl7.org/fhir/us/carin-bb/StructureDefinition/CARIN-BB-Organization","groupingId":"_ex_example"},{"extension":[{"url":"http://hl7.org/fhir/StructureDefinition/implementationguide-page","valueUri":"Organization-OrganizationProvider1.html"}],"reference":{"reference":"Organization/OrganizationProvider1"},"name":"OrganizationProvider1","description":"Provider 1","exampleCanonical":"http://hl7.org/fhir/us/carin-bb/StructureDefinition/CARIN-BB-Organization","groupingId":"_ex_example"},{"extension":[{"url":"http://hl7.org/fhir/StructureDefinition/implementationguide-page","valueUri":"Patient-Patient1.html"}],"reference":{"reference":"Patient/Patient1"},"name":"Patient1","description":"Patient Example1","exampleCanonical":"http://hl7.org/fhir/us/carin-bb/StructureDefinition/CARIN-BB-Patient","groupingId":"_ex_example"},{"extension":[{"url":"http://hl7.org/fhir/StructureDefinition/implementationguide-page","valueUri":"CapabilityStatement-carin-bb-capabilitystatement-consumer-app.html"}],"reference":{"reference":"CapabilityStatement/carin-bb-capabilitystatement-consumer-app"},"name":"CARIN BlueButton Consumer App CapabilityStatement","description":"The Section describes the expected capabilities of the Consumer-Directed Payer Data Exchange Consumer App which is responsible for creating and initiating the queries for information about an individual patient. The complete list of FHIR profiles, RESTful operations, and search parameters supported by Consumer-Directed Payer Data Exchange Servers are defined in the [Conformance Requirements for Server](carin-bb-capabilitystatement-healthplan-api.html). Consumer-Directed Payer Data Exchange Consumer Apps have the option of choosing from this list to access necessary data based on their local use cases and other contextual requirements.","exampleBoolean":false,"groupingId":"_dyn_capabilitystatement"},{"extension":[{"url":"http://hl7.org/fhir/StructureDefinition/implementationguide-page","valueUri":"CapabilityStatement-carin-bb-capabilitystatement-healthplan-api.html"}],"reference":{"reference":"CapabilityStatement/carin-bb-capabilitystatement-healthplan-api"},"name":"Consumer-Directed Payer Data Exchange HealthPlan API CapabilityStatement","description":"This Section describes the expected capabilities of the Consumer-Directed Payer Data Exchange Server actor which is responsible for providing responses to the queries submitted by the Consumer-Directed Payer Data Exchange Requestors. The complete list of FHIR profiles, RESTful operations, and search parameters supported by Consumer-Directed Payer Data Exchange Servers are defined.","exampleBoolean":false,"groupingId":"_dyn_capabilitystatement"},{"extension":[{"url":"http://hl7.org/fhir/StructureDefinition/implementationguide-page","valueUri":"SearchParameter-explanationofbenefit-identifier.html"}],"reference":{"reference":"SearchParameter/explanationofbenefit-identifier"},"name":"ExplanationOfBenefit_Identifier","description":"The business/claim identifier of the Explanation of Benefit","exampleBoolean":false,"groupingId":"_other"},{"extension":[{"url":"http://hl7.org/fhir/StructureDefinition/implementationguide-page","valueUri":"SearchParameter-explanationofbenefit-patient.html"}],"reference":{"reference":"SearchParameter/explanationofbenefit-patient"},"name":"ExplanationOfBenefit_Patient","description":"The reference to the patient","exampleBoolean":false,"groupingId":"_other"},{"extension":[{"url":"http://hl7.org/fhir/StructureDefinition/implementationguide-page","valueUri":"SearchParameter-explanationofbenefit-service-date.html"}],"reference":{"reference":"SearchParameter/explanationofbenefit-service-date"},"name":"ExplanationOfBenefit_ServiceDate","description":"Date of the service for the EOB","exampleBoolean":false,"groupingId":"_other"},{"extension":[{"url":"http://hl7.org/fhir/StructureDefinition/implementationguide-page","valueUri":"SearchParameter-explanationofbenefit-type.html"}],"reference":{"reference":"SearchParameter/explanationofbenefit-type"},"name":"ExplanationOfBenefit_Type","description":"The type of the ExplanationOfBenefit","exampleBoolean":false,"groupingId":"_other"}],"page":{"nameUrl":"toc.html","title":"Table of Contents","generation":"html","page":[{"nameUrl":"index.html","title":"Home","generation":"markdown"},{"nameUrl":"Background.html","title":"Background","generation":"markdown"},{"nameUrl":"Use_Case.html","title":"Use Case","generation":"markdown"},{"nameUrl":"profiles.html","title":"Profiles","generation":"markdown"},{"nameUrl":"Authorization_Authentication_and_Registration.html","title":"Authorization Authentication and Registration","generation":"markdown"},{"nameUrl":"Common_Payer_Consumer_Data_Set.html","title":"Common Payer Consumer Data Set","generation":"markdown"},{"nameUrl":"downloads.html","title":"Downloads","generation":"markdown"},{"nameUrl":"search.html","title":"Search","generation":"markdown"},{"nameUrl":"Guidance.html","title":"Guidance","generation":"markdown"},{"nameUrl":"Notes_To_Developers.html","title":"Notes To Developers","generation":"markdown"},{"nameUrl":"Terminology.html","title":"Terminology","generation":"markdown"},{"nameUrl":"Examples.html","title":"Examples","generation":"markdown"},{"nameUrl":"artifacts.html","title":"Artifacts Summary","generation":"html","page":[{"nameUrl":"CapabilityStatement-carin-bb-capabilitystatement-consumer-app.html","title":"CARIN BlueButton Consumer App CapabilityStatement","generation":"generated"},{"nameUrl":"CapabilityStatement-carin-bb-capabilitystatement-healthplan-api.html","title":"Consumer-Directed Payer Data Exchange HealthPlan API CapabilityStatement","generation":"generated"},{"nameUrl":"StructureDefinition-CARIN-BB-ExplanationOfBenefit.html","title":"CARIN BB Explanation Of Benefit","generation":"generated"},{"nameUrl":"StructureDefinition-CARIN-BB-Coverage.html","title":"CARIN BB Coverage","generation":"generated"},{"nameUrl":"StructureDefinition-CARIN-BB-ExplanationOfBenefit-Inpatient-Facility.html","title":"CARIN BB ExplanationOfBenefit Inpatient Facility","generation":"generated"},{"nameUrl":"StructureDefinition-CARIN-BB-ExplanationOfBenefit-Outpatient-Facility.html","title":"CARIN BB ExplanationOfBenefit Outpatient Facility","generation":"generated"},{"nameUrl":"StructureDefinition-CARIN-BB-ExplanationOfBenefit-Pharmacy.html","title":"CARIN BB ExplanationOfBenefit Pharmacy","generation":"generated"},{"nameUrl":"StructureDefinition-CARIN-BB-ExplanationOfBenefit-Professional-NonClinician.html","title":"CARIN BB ExplanationOfBenefit Professional NonClinician","generation":"generated"},{"nameUrl":"StructureDefinition-CARIN-BB-Location.html","title":"CARIN BB Location","generation":"generated"},{"nameUrl":"StructureDefinition-CARIN-BB-Organization.html","title":"CARIN BB Organization","generation":"generated"},{"nameUrl":"StructureDefinition-CARIN-BB-Patient.html","title":"CARIN BB Patient","generation":"generated"},{"nameUrl":"StructureDefinition-CARIN-BB-Practitioner.html","title":"CARIN BB Practitioner","generation":"generated"},{"nameUrl":"StructureDefinition-CARIN-BB-PractitionerRole.html","title":"CARIN BB PractitionerRole","generation":"generated"},{"nameUrl":"StructureDefinition-AdjudicationType.html","title":"Adjudication Type","generation":"generated"},{"nameUrl":"ValueSet-AdjudicationDenialReasonVS.html","title":"Adjudication Denial Reason","generation":"generated"},{"nameUrl":"ValueSet-AdjudicationSlideCodesVS.html","title":"Adjudication Slice Codes","generation":"generated"},{"nameUrl":"ValueSet-AdjudicationValueCodesVS.html","title":"Benefit Payment Status Category","generation":"generated"},{"nameUrl":"ValueSet-AdjustmentAmountCategoryVS.html","title":"Adjustment Amount Category","generation":"generated"},{"nameUrl":"ValueSet-BenefitPaymentStatusCategoryVS.html","title":"Benefit Payment Status Category","generation":"generated"},{"nameUrl":"ValueSet-BenefitPaymentStatusVS.html","title":"Benefit Payment Status","generation":"generated"},{"nameUrl":"ValueSet-CMSPlaceOfServiceVS.html","title":"CMS Place of Service","generation":"generated"},{"nameUrl":"ValueSet-CPTHCPCSModifierCodeVS.html","title":"AMA CPT and CMS HCPCS Modifier Codes","generation":"generated"},{"nameUrl":"ValueSet-CPTHCPCSProcedureCodeVS.html","title":"AMA CPT and CMS HCPCS Procedure Codes","generation":"generated"},{"nameUrl":"ValueSet-ClaimAdjudicationCategoryVS.html","title":"Claim Adjudication Category","generation":"generated"},{"nameUrl":"ValueSet-ClaimInformationCategoryVS.html","title":"Claim Information Category","generation":"generated"},{"nameUrl":"ValueSet-ClaimPayeeTypeCodeVS.html","title":"Claim Payee Type Code","generation":"generated"},{"nameUrl":"ValueSet-ClaimPaymentStatusCodeVS.html","title":"Claim Payment Status Code","generation":"generated"},{"nameUrl":"ValueSet-FDANDCNCPDPCompoundCodeVS.html","title":"FDA NDC NCPDP Compound Code","generation":"generated"},{"nameUrl":"ValueSet-FDANationalDrugCodeVS.html","title":"FDA National Drug Code (NDC)","generation":"generated"},{"nameUrl":"ValueSet-ICD10CMVS.html","title":"ICD-10-CM Diagnosis Codes","generation":"generated"},{"nameUrl":"ValueSet-ICD10PCSVS.html","title":"ICD-10-PCS","generation":"generated"},{"nameUrl":"ValueSet-MSDRGVS.html","title":"MS-DRG","generation":"generated"},{"nameUrl":"ValueSet-NCPDPBrandGenericCodeVS.html","title":"NCPDP Brand Generic Code","generation":"generated"},{"nameUrl":"ValueSet-NCPDPDispensedAsWrittenVS.html","title":"NCPDP Dispensed As Written (DAW)","generation":"generated"},{"nameUrl":"ValueSet-NCPDPPrescriptionOriginCodeVS.html","title":"NCPDP Prescription Origin Code","generation":"generated"},{"nameUrl":"ValueSet-NCPDPRejectCodeVS.html","title":"NCPDP Reject Code","generation":"generated"},{"nameUrl":"ValueSet-NUBCPatientDischargeStatusVS.html","title":"NUBC Patient Discharge Status","generation":"generated"},{"nameUrl":"ValueSet-NUBCPointOfOriginVS.html","title":"NUBC Point of Origin of Admission","generation":"generated"},{"nameUrl":"ValueSet-NUBCPresentOnAdmissionVS.html","title":"NUBC Present On Admission","generation":"generated"},{"nameUrl":"ValueSet-NUBCPriorityOfAdmissionnVS.html","title":"NUBC Priority of Admission","generation":"generated"},{"nameUrl":"ValueSet-NUBCRevenueCodeVS.html","title":"NUBC Revenue Code","generation":"generated"},{"nameUrl":"ValueSet-NUBCTypeOfBillVS.html","title":"NUBC Type of Bill","generation":"generated"},{"nameUrl":"ValueSet-PatientIdentifierTypeVS.html","title":"Patient Identifier Type","generation":"generated"},{"nameUrl":"ValueSet-PayerAdjudicationAmountCategoryVS.html","title":"Payer Adjudication Amount Category","generation":"generated"},{"nameUrl":"ValueSet-PayerAdjudicationValueCodesVS.html","title":"Payer Adjudication Value Codes","generation":"generated"},{"nameUrl":"ValueSet-PayerInpatientfacilitydiagnosistype.html","title":"Diagnosis Type -- Inpatient Facility","generation":"generated"},{"nameUrl":"ValueSet-PayerInstitutionalProviderRoleVS.html","title":"Payer - Inpatient Facility Provider Role","generation":"generated"},{"nameUrl":"ValueSet-PayerOutpatientfacilitydiagnosistype.html","title":"Diagnosis Type -- Outpatient Facility","generation":"generated"},{"nameUrl":"ValueSet-PayerPharmacyProviderRoleVS.html","title":"Payer - Pharmacy Provider Role","generation":"generated"},{"nameUrl":"ValueSet-PayerProfessionalAndNonClinicianProviderRoleVS.html","title":"Payer - Professional and Non-Clinician Provider Role","generation":"generated"},{"nameUrl":"ValueSet-PayerProfessionalandnoncliniciandiagnosistype.html","title":"Diagnosis Type -- Professional and Non-Clinician","generation":"generated"},{"nameUrl":"ValueSet-PayerProviderRoleVS.html","title":"Payer Provider Role","generation":"generated"},{"nameUrl":"ValueSet-ProviderNetworkStatusVS.html","title":"Provider Network Status","generation":"generated"},{"nameUrl":"CodeSystem-AdjudicationSliceCodesCS.html","title":"Adjudication Slice Codes","generation":"generated"},{"nameUrl":"CodeSystem-CMSPlaceOfServiceCS.html","title":"CMS Place of Service","generation":"generated"},{"nameUrl":"CodeSystem-ClaimAdjudicationCategoryCS.html","title":"Claim Adjudication Category","generation":"generated"},{"nameUrl":"CodeSystem-ClaimInformationCategoryCS.html","title":"Claim Information Category","generation":"generated"},{"nameUrl":"CodeSystem-IdentifierTypeCS.html","title":"Identifier Type","generation":"generated"},{"nameUrl":"CodeSystem-PayerAdjudicationCategoryCS.html","title":"Payer Adjudication Category","generation":"generated"},{"nameUrl":"CodeSystem-PayerDiagnosisTypeCS.html","title":"Payer Diagnosis Type","generation":"generated"},{"nameUrl":"CodeSystem-PayerProviderRoleCS.html","title":"Payer Provider Role","generation":"generated"},{"nameUrl":"Coverage-Coverage1.html","title":"Coverage1","generation":"generated"},{"nameUrl":"ExplanationOfBenefit-EOBInpatient1.html","title":"EOBInpatient1","generation":"generated"},{"nameUrl":"Organization-OrganizationPayer1.html","title":"OrganizationPayer1","generation":"generated"},{"nameUrl":"Organization-OrganizationProvider1.html","title":"OrganizationProvider1","generation":"generated"},{"nameUrl":"Patient-Patient1.html","title":"Patient1","generation":"generated"},{"nameUrl":"SearchParameter-explanationofbenefit-identifier.html","title":"ExplanationOfBenefit_Identifier","generation":"generated"},{"nameUrl":"SearchParameter-explanationofbenefit-patient.html","title":"ExplanationOfBenefit_Patient","generation":"generated"},{"nameUrl":"SearchParameter-explanationofbenefit-service-date.html","title":"ExplanationOfBenefit_ServiceDate","generation":"generated"},{"nameUrl":"SearchParameter-explanationofbenefit-type.html","title":"ExplanationOfBenefit_Type","generation":"generated"}]}]},"parameter":[{"code":"path-resource","value":"input/capabilities"},{"code":"path-resource","value":"input/examples"},{"code":"path-resource","value":"input/extensions"},{"code":"path-resource","value":"input/models"},{"code":"path-resource","value":"input/operations"},{"code":"path-resource","value":"input/profiles"},{"code":"path-resource","value":"input/resources"},{"code":"path-resource","value":"input/vocabulary"},{"code":"path-resource","value":"input/maps"},{"code":"path-resource","value":"input/testing"},{"code":"path-resource","value":"input/history"},{"code":"path-pages","value":"template/config"},{"code":"path-pages","value":"input/images"},{"code":"path-tx-cache","value":"input-cache/txcache"}]}}