{"resourceType":"SearchParameter","id":"carin-bb-searchparameter-coverage-patient","meta":{"versionId":"1","lastUpdated":"2019-12-16T06:41:13.000+00:00"},"text":{"status":"generated","div":"<div xmlns=\"http://www.w3.org/1999/xhtml\"><h2>SearchParameter: CARINBlueButton_Coverage_Patient_SearchParameter</h2><p><b> description</b> : Retrieve coverages for a patient\n         </p></div>"},"extension":[{"url":"http://hl7.org/fhir/StructureDefinition/structuredefinition-standards-status","valueCode":"trial-use"}],"url":"http://hl7.org/fhir/us/carin/SearchParameter/carin-bb-searchparameter-coverage-patient","version":"0.1.0","name":"CARINBlueButton_Coverage_Patient_SearchParameter","derivedFrom":"http://hl7.org/fhir/SearchParameter/Coverage-patient","status":"active","experimental":false,"date":"2019-12-01T09:48:45+00:00","publisher":"HL7 Financial Management Working Group","contact":[{"name":"HL7 Financial Management Working Group","telecom":[{"system":"url","value":"http://www.hl7.org/Special/committees/fm/index.cfm"},{"system":"email","value":"fm@lists.HL7.org"}]}],"description":"Retrieve coverages for a patient","jurisdiction":[{"coding":[{"system":"urn:iso:std:iso:3166","code":"US","display":"United States of America"}]}],"code":"patient","base":["Coverage"],"type":"reference","expression":"Coverage.beneficiary","xpath":"f:Coverage/f:beneficiary","xpathUsage":"normal","target":["Patient"]}