{"resourceType":"SearchParameter","id":"explanationofbenefit-type","meta":{"versionId":"1","lastUpdated":"2020-03-31T06:41:13.000+00:00"},"extension":[{"url":"http://hl7.org/fhir/StructureDefinition/structuredefinition-standards-status","valueCode":"trial-use"}],"url":"http://hl7.org/fhir/us/carin-bb/SearchParameter/explanationofbenefit-type","version":"0.4.2","name":"ExplanationOfBenefit_Type","status":"active","experimental":false,"date":"2020-03-31T19:48:45+10:00","publisher":"HL7 Financial Management Working Group","contact":[{"name":"HL7 Financial Management Working Group","telecom":[{"system":"url","value":"http://www.hl7.org/Special/committees/fm/index.cfm"},{"system":"email","value":"fm@lists.HL7.org"}]}],"description":"The type of the ExplanationOfBenefit","jurisdiction":[{"coding":[{"system":"urn:iso:std:iso:3166","code":"US"}]}],"code":"type","base":["ExplanationOfBenefit"],"type":"token","expression":"ExplanationOfBenefit.type","xpath":"f:ExplanationOfBenefit/f:type","xpathUsage":"normal"}