{"resourceType":"SearchParameter","id":"explanationofbenefit-service-date","meta":{"versionId":"1","lastUpdated":"2020-03-31T06:41:13.000+00:00"},"extension":[{"url":"http://hl7.org/fhir/StructureDefinition/structuredefinition-standards-status","valueCode":"trial-use"}],"url":"http://hl7.org/fhir/us/carin-bb/SearchParameter/explanationofbenefit-service-date","version":"0.1.4","name":"ExplanationOfBenefit_ServiceDate","status":"active","experimental":false,"date":"2020-03-31T09:48:45+00:00","publisher":"HL7 Financial Management Working Group","contact":[{"name":"HL7 Financial Management Working Group","telecom":[{"system":"url","value":"http://www.hl7.org/Special/committees/fm/index.cfm"},{"system":"email","value":"fm@lists.HL7.org"}]}],"description":"Date of the service for the EOB","jurisdiction":[{"coding":[{"system":"urn:iso:std:iso:3166","code":"US"}]}],"code":"service-date","base":["ExplanationOfBenefit"],"type":"date","expression":"ExplanationOfBenefit.billablePeriod | ExplanationOfBenefit.serviced as Date |  ExplanationOfBenefit.serviced as Period","xpath":"f:ExplanationOfBenefit/f:billablePeriod | f:ExplanationOfBenefit/f:serviced/f:servicedDate | f:ExplanationOfBenefit/f:serviced/f:servicedPeriod","xpathUsage":"normal","comparator":["eq","ne","gt","ge","lt","le","sa","eb","ap"]}