{"resourceType":"SearchParameter","id":"coverage-payor","extension":[{"url":"http://hl7.org/fhir/StructureDefinition/structuredefinition-standards-status","valueCode":"trial-use"}],"url":"http://hl7.org/fhir/us/carin-bb/SearchParameter/coverage-payor","version":"0.4.0","name":"payor","derivedFrom":"http://hl7.org/fhir/SearchParameter/Coverage-payor","status":"draft","experimental":false,"date":"2019-11-01T09:29:23+11:00","publisher":"HL7 Financial Management Working Group","contact":[{"name":"HL7 Financial Management Working Group","telecom":[{"system":"url","value":"http://www.hl7.org/Special/committees/fm/index.cfm"},{"system":"email","value":"fm@lists.HL7.org"}]}],"description":"The identity of the insurer or party paying for services","jurisdiction":[{"coding":[{"system":"urn:iso:std:iso:3166","code":"US"}]}],"code":"payor","base":["Coverage"],"type":"reference","expression":"Coverage.payor","xpath":"f:Coverage/f:payor","xpathUsage":"normal","target":["Organization","Patient","RelatedPerson"]}