{"resourceType":"SearchParameter","id":"ExplanationOfBenefit-care-team","url":"http://hl7.org/fhir/us/carin-bb/SearchParameter/ExplanationOfBenefit-care-team","version":"0.3.2","status":"draft","date":"2020-07-31T21:56:12+00:00","publisher":"HL7 Financial Management Working Group","contact":[{"name":"HL7 Financial Management Working Group","telecom":[{"system":"url","value":"http://www.hl7.org/Special/committees/fm/index.cfm"},{"system":"email","value":"fm@lists.HL7.org"}]}],"jurisdiction":[{"coding":[{"system":"urn:iso:std:iso:3166","code":"US"}]}]}