{"resourceType":"ValueSet","id":"PayerDiagnosisPresentOnAdmissionDiagnosisType","text":{"status":"generated","div":"<div xmlns=\"http://www.w3.org/1999/xhtml\"><ul><li>Include these codes as defined in <a href=\"CodeSystem-PayerDiagnosisTypeCS.html\"><code>http://hl7.org/fhir/us/carin-bb/CodeSystem/PayerDiagnosisTypeCS</code></a><table class=\"none\"><tr><td style=\"white-space:nowrap\"><b>Code</b></td><td><b>Display</b></td></tr><tr><td><a href=\"CodeSystem-PayerDiagnosisTypeCS.html#PayerDiagnosisTypeCS-principal\">principal</a></td><td>principal</td><td>principal</td></tr><tr><td><a href=\"CodeSystem-PayerDiagnosisTypeCS.html#PayerDiagnosisTypeCS-secondary\">secondary</a></td><td>secondary</td><td>secondary</td></tr><tr><td><a href=\"CodeSystem-PayerDiagnosisTypeCS.html#PayerDiagnosisTypeCS-external-cause-of-injury\">external-cause-of-injury</a></td><td>external-cause-of-injury</td><td>external-cause-of-injury</td></tr></table></li></ul></div>"},"url":"http://hl7.org/fhir/us/carin-bb/ValueSet/PayerDiagnosisPresentOnAdmissionDiagnosisType","version":"0.3.2","name":"PayerDiagnosisPresentOnAdmissionDiagnosisType","title":"Payer Diagnosis Present On Admission Diagnosis Type","status":"active","date":"2020-07-28T23:29:38+00:00","publisher":"HL7 Financial Management Working Group","contact":[{"name":"HL7 Financial Management Working Group","telecom":[{"system":"url","value":"http://www.hl7.org/Special/committees/fm/index.cfm"},{"system":"email","value":"fm@lists.HL7.org"}]}],"description":"Payer Diagnosis Present On Admission Diagnosis Type","jurisdiction":[{"coding":[{"system":"urn:iso:std:iso:3166","code":"US"}]}],"compose":{"include":[{"system":"http://hl7.org/fhir/us/carin-bb/CodeSystem/PayerDiagnosisTypeCS","concept":[{"code":"principal"},{"code":"secondary"},{"code":"external-cause-of-injury"}]}]}}