{"resourceType":"ValueSet","id":"NCPDPDispensedAsWrittenVS","text":{"status":"generated","div":"<div xmlns=\"http://www.w3.org/1999/xhtml\"><p>This value set includes codes based on the following rules:</p><ul/></div>"},"url":"http://hl7.org/fhir/us/carin-bb/ValueSet/NCPDPDispensedAsWrittenVS","version":"0.1.0","name":"NCPDPDispensedAsWrittenVS","title":"NCPDP Dispensed As Written (DAW)","status":"active","date":"2020-06-17T14:14:09+00:00","publisher":"HL7 Financial Management Working Group","contact":[{"name":"HL7 Financial Management Working Group","telecom":[{"system":"url","value":"http://www.hl7.org/Special/committees/fm/index.cfm"},{"system":"email","value":"fm@lists.HL7.org"}]}],"description":"http://www.ncpdp.org/dispensed-as-written-or-product-selection-code"}