{"resourceType":"ValueSet","id":"PayerInpatientFacilityProviderRoleVSProviderRoleVS","text":{"status":"generated","div":"<div xmlns=\"http://www.w3.org/1999/xhtml\"><ul><li>Include these codes as defined in <a href=\"CodeSystem-PayerProviderRoleCS.html\"><code>http://hl7.org/fhir/us/carin-bb/CodeSystem/PayerProviderRoleCS</code></a><table class=\"none\"><tr><td style=\"white-space:nowrap\"><b>Code</b></td><td><b>Display</b></td></tr><tr><td><a href=\"CodeSystem-PayerProviderRoleCS.html#PayerProviderRoleCS-attending\">attending</a></td><td>AttendingProvider</td><td>Attending Provider</td></tr><tr><td><a href=\"CodeSystem-PayerProviderRoleCS.html#PayerProviderRoleCS-pcp\">pcp</a></td><td>Primary Care Provider</td><td>Primary Care Provider</td></tr><tr><td><a href=\"CodeSystem-PayerProviderRoleCS.html#PayerProviderRoleCS-performing\">performing</a></td><td>Performing Provider</td><td>Performing Provider</td></tr><tr><td><a href=\"CodeSystem-PayerProviderRoleCS.html#PayerProviderRoleCS-referring\">referring</a></td><td>Referring Provider</td><td>Referring Provider</td></tr></table></li></ul></div>"},"url":"http://hl7.org/fhir/us/carin-bb/ValueSet/PayerInpatientFacilityProviderRoleVSProviderRoleVS","version":"0.1.0","name":"PayerInpatientFacilityProviderRoleVSProviderRoleVS","title":"Payer - Inpatient Facility Provider Role","status":"active","date":"2020-07-05T19:57:42+00:00","publisher":"HL7 Financial Management Working Group","contact":[{"name":"HL7 Financial Management Working Group","telecom":[{"system":"url","value":"http://www.hl7.org/Special/committees/fm/index.cfm"},{"system":"email","value":"fm@lists.HL7.org"}]}],"description":"Indicates the role of the provider providing the care.","compose":{"include":[{"system":"http://hl7.org/fhir/us/carin-bb/CodeSystem/PayerProviderRoleCS","concept":[{"code":"attending","display":"AttendingProvider"},{"code":"pcp","display":"Primary Care Provider"},{"code":"performing","display":"Performing Provider"},{"code":"referring","display":"Referring Provider"}]}]}}