{"resourceType":"ValueSet","id":"ClaimInformationCategory","text":{"status":"generated","div":"<div xmlns=\"http://www.w3.org/1999/xhtml\"><ul><li>Include all codes defined in <a href=\"CodeSystem-ClaimInformationCategory.html\"><code>http://hl7.org/fhir/us/carin-bb/CodeSystem/ClaimInformationCategory</code></a></li></ul></div>"},"url":"http://hl7.org/fhir/us/carin-bb/ValueSet/ClaimInformationCategory","version":"0.1.3","name":"ClaimInformationCategory","title":"Claim Information Category","status":"active","date":"2020-09-04T21:30:14+00:00","publisher":"HL7 Financial Management Working Group","contact":[{"name":"HL7 Financial Management Working Group","telecom":[{"system":"url","value":"http://www.hl7.org/Special/committees/fm/index.cfm"},{"system":"email","value":"fm@lists.HL7.org"}]}],"description":"Claim Information Category - Used as the discriminator for supportingInfo","jurisdiction":[{"coding":[{"system":"urn:iso:std:iso:3166","code":"US"}]}],"copyright":"This Valueset is not copyrighted.","compose":{"include":[{"system":"http://hl7.org/fhir/us/carin-bb/CodeSystem/ClaimInformationCategory"}]}}