{"resourceType":"ValueSet","id":"ICD10CM","text":{"status":"generated","div":"<div xmlns=\"http://www.w3.org/1999/xhtml\"><ul><li>Include all codes defined in <a href=\"https://terminology.hl7.org/1.0.0//CodeSystem-icd10CM.html\"><code>http://hl7.org/fhir/sid/icd-10-cm</code></a></li></ul></div>"},"url":"http://hl7.org/fhir/us/carin-bb/ValueSet/ICD10CM","version":"0.4.1","name":"ICD10CM","title":"ICD-10-CM Diagnosis Codes","status":"active","date":"2020-08-13T23:53:04+00:00","publisher":"HL7 Financial Management Working Group","contact":[{"name":"HL7 Financial Management Working Group","telecom":[{"system":"url","value":"http://www.hl7.org/Special/committees/fm/index.cfm"},{"system":"email","value":"fm@lists.HL7.org"}]}],"description":"ICD-10-CM Diagnosis Codes.  ***We need ALL Codes, inactive and inactive.   Current binding is to active codes only***","jurisdiction":[{"coding":[{"system":"urn:iso:std:iso:3166","code":"US"}]}],"compose":{"include":[{"system":"http://hl7.org/fhir/sid/icd-10-cm"}]}}