{"resourceType":"ValueSet","id":"AMACPTCMSHCPCSProcedureCodes","text":{"status":"generated","div":"<div xmlns=\"http://www.w3.org/1999/xhtml\"><p>This value set includes codes based on the following rules:</p><ul><li>Include all codes defined in <a href=\"https://terminology.hl7.org/1.0.0//CodeSystem-v3-cpt-4.html\"><code>http://www.ama-assn.org/go/cpt</code></a></li><li>Include all codes defined in <a href=\"CodeSystem-HCPCSProcedureCodesCS.html\"><code>urn:oid:2.16.840.1.113883.6.285</code></a></li></ul></div>"},"url":"http://hl7.org/fhir/us/carin-bb/ValueSet/AMACPTCMSHCPCSProcedureCodes","version":"0.4.1","name":"AMACPTCMSHCPCSProcedureCodes","title":"AMA CPT and CMS HCPCS Procedure Codes","status":"active","date":"2020-08-28T13:07:18+00:00","publisher":"HL7 Financial Management Working Group","contact":[{"name":"HL7 Financial Management Working Group","telecom":[{"system":"url","value":"http://www.hl7.org/Special/committees/fm/index.cfm"},{"system":"email","value":"fm@lists.HL7.org"}]}],"description":"AMA CPT and CMS HCPCS Procedure Codes. The Value Set is a combination of two Code Systems: CPT (HCPCS I) and HCPCS II procedure codes. They are submitted by providers to payers to convey the specific procedure performed.\nAMA CPT CMS HCPCS Procedure Codes leverage US Core Procedure Codes composition.CPT codes are available by subscription from the AMA at http://www.ama-assn.org/go/cpt.  HCPCS codes are available at https://www.cms.gov/Medicare/Coding/HCPCSReleaseCodeSets/Alpha-Numeric-HCPCS.html. \nThe link takes one to a list of files. The HCPCS ANWEB files include modifier and procedure codes. The target set for this Code System is the procedure codes from this file. The code set is owned by CMS and is available for use.","jurisdiction":[{"coding":[{"system":"urn:iso:std:iso:3166","code":"US"}]}],"copyright":"Copyright 2014 American Medical Association (AMA). All rights reserved.  Available by subscription from the AMA.","compose":{"include":[{"system":"http://www.ama-assn.org/go/cpt"},{"system":"urn:oid:2.16.840.1.113883.6.285"}]}}