{"resourceType":"ValueSet","id":"ICD10CM","text":{"status":"generated","div":"<div xmlns=\"http://www.w3.org/1999/xhtml\"><ul><li>Include all codes defined in <a href=\"https://terminology.hl7.org/1.0.0//CodeSystem-icd10CM.html\"><code>http://hl7.org/fhir/sid/icd-10-cm</code></a></li></ul></div>"},"url":"http://hl7.org/fhir/us/carin-bb/ValueSet/ICD10CM","version":"0.1.3","name":"ICD10CM","title":"ICD-10-CM Diagnosis Codes","status":"active","date":"2020-09-09T02:02:32+00:00","publisher":"HL7 Financial Management Working Group","contact":[{"name":"HL7 Financial Management Working Group","telecom":[{"system":"url","value":"http://www.hl7.org/Special/committees/fm/index.cfm"},{"system":"email","value":"fm@lists.HL7.org"}]}],"description":"ICD-10-CM Diagnosis Codes.","jurisdiction":[{"coding":[{"system":"urn:iso:std:iso:3166","code":"US"}]}],"copyright":"The ICD-10-CM code set is maintained by the National Center for Health Statistics (NCHS) of the Centers for Disease Control and Prevention (CDC) for use in the United States. \nIt is based on ICD-10, which was developed by the World Health Organization (WHO) and is used internationally as a medical classification. \nThe code set is owned by the NCHS-CDC and is available for use.  ","compose":{"include":[{"system":"http://hl7.org/fhir/sid/icd-10-cm"}]}}