{"resourceType":"ValueSet","id":"AMACPTCMSHCPCSProcedureModifiers","text":{"status":"generated","div":"<div xmlns=\"http://www.w3.org/1999/xhtml\"><p>This value set includes codes based on the following rules:</p><ul><li>Include all codes defined in <code>http://www.ama-assn.org/go/cpt-modifiers</code></li><li>Include all codes defined in <code>http://www.cms.gov/hcpcs-level-II-modifiers</code></li></ul></div>"},"url":"http://hl7.org/fhir/us/carin-bb/ValueSet/AMACPTCMSHCPCSProcedureModifiers","version":"0.4.0","name":"AMACPTCMSHCPCSProcedureModifiers","title":"AMA CPT and CMS HCPCS Modifier Codes","status":"active","date":"2020-08-13T22:09:43+00:00","publisher":"HL7 Financial Management Working Group","contact":[{"name":"HL7 Financial Management Working Group","telecom":[{"system":"url","value":"http://www.hl7.org/Special/committees/fm/index.cfm"},{"system":"email","value":"fm@lists.HL7.org"}]}],"description":"AMA CPT and CMS HCPCS Modifier Codes","jurisdiction":[{"coding":[{"system":"urn:iso:std:iso:3166","code":"US"}]}],"compose":{"include":[{"system":"http://www.ama-assn.org/go/cpt-modifiers"},{"system":"http://www.cms.gov/hcpcs-level-II-modifiers"}]}}