{"resourceType":"ValueSet","id":"C4BBPayerProviderContractingStatus","text":{"status":"generated","div":"<div xmlns=\"http://www.w3.org/1999/xhtml\"><ul><li>Include these codes as defined in <a href=\"CodeSystem-C4BBAdjudicationCS.html\"><code>http://hl7.org/fhir/us/carin-bb/CodeSystem/C4BBAdjudicationCS</code></a><table class=\"none\"><tr><td style=\"white-space:nowrap\"><b>Code</b></td><td><b>Display</b></td></tr><tr><td><a href=\"CodeSystem-C4BBAdjudicationCS.html#C4BBAdjudicationCS-contracted\">contracted</a></td><td>contracted</td><td/></tr><tr><td><a href=\"CodeSystem-C4BBAdjudicationCS.html#C4BBAdjudicationCS-non-contracted\">non-contracted</a></td><td>non-contracted</td><td/></tr></table></li></ul></div>"},"url":"http://hl7.org/fhir/us/carin-bb/ValueSet/C4BBPayerProviderContractingStatus","version":"0.4.2","name":"C4BBPayerProviderContractingStatus","title":"Provider Provider Contracting Status","status":"active","date":"2020-09-01T00:44:29+00:00","publisher":"HL7 Financial Management Working Group","contact":[{"name":"HL7 Financial Management Working Group","telecom":[{"system":"url","value":"http://www.hl7.org/Special/committees/fm/index.cfm"},{"system":"email","value":"fm@lists.HL7.org"}]}],"description":"Indicates that the Provider has a contract with the Plan (regardless of the network) as of the effective date of service or admission.","jurisdiction":[{"coding":[{"system":"urn:iso:std:iso:3166","code":"US"}]}],"copyright":"This Valueset is not copyrighted.","compose":{"include":[{"system":"http://hl7.org/fhir/us/carin-bb/CodeSystem/C4BBAdjudicationCS","concept":[{"code":"contracted","display":"contracted"},{"code":"non-contracted","display":"non-contracted"}]}]}}