{"resourceType":"ValueSet","id":"NCPDPRejectCode","text":{"status":"generated","div":"<div xmlns=\"http://www.w3.org/1999/xhtml\"><p>This value set includes codes based on the following rules:</p><ul/></div>"},"url":"http://hl7.org/fhir/us/carin-bb/ValueSet/NCPDPRejectCode","version":"0.4.1","name":"NCPDPRejectCode","title":"NCPDP Reject Code","status":"active","date":"2020-08-13T23:53:04+00:00","publisher":"HL7 Financial Management Working Group","contact":[{"name":"HL7 Financial Management Working Group","telecom":[{"system":"url","value":"http://www.hl7.org/Special/committees/fm/index.cfm"},{"system":"email","value":"fm@lists.HL7.org"}]}],"description":"http://www.ncpdp.org/reject-code","jurisdiction":[{"coding":[{"system":"urn:iso:std:iso:3166","code":"US"}]}]}