{"resourceType":"ValueSet","id":"CARINBBPharmacyClaimCareTeamRoleCodes","text":{"status":"generated","div":"<div xmlns=\"http://www.w3.org/1999/xhtml\"><ul><li>Include these codes as defined in <a href=\"CodeSystem-CareTeamRoleCS.html\"><code>http://hl7.org/fhir/us/carin-bb/CodeSystem/CareTeamRoleCS</code></a><table class=\"none\"><tr><td style=\"white-space:nowrap\"><b>Code</b></td><td><b>Display</b></td></tr><tr><td><a href=\"CodeSystem-CareTeamRoleCS.html#CareTeamRoleCS-pcp\">pcp</a></td><td>Primary Care Provider</td><td>Primary Care Provider</td></tr><tr><td><a href=\"CodeSystem-CareTeamRoleCS.html#CareTeamRoleCS-prescribing\">prescribing</a></td><td>Prescribing Provider</td><td>Prescribing Provider</td></tr><tr><td><a href=\"CodeSystem-CareTeamRoleCS.html#CareTeamRoleCS-performing\">performing</a></td><td>Performing Provider</td><td>Performing Provider</td></tr></table></li></ul></div>"},"url":"http://hl7.org/fhir/us/carin-bb/ValueSet/CARINBBPharmacyClaimCareTeamRoleCodes","version":"0.3.2","name":"CARINBBPharmacyClaimCareTeamRoleCodes","title":"CARINBB Pharmacy CareTeam Roles","status":"active","date":"2020-08-03T22:53:41+00:00","publisher":"HL7 Financial Management Working Group","contact":[{"name":"HL7 Financial Management Working Group","telecom":[{"system":"url","value":"http://www.hl7.org/Special/committees/fm/index.cfm"},{"system":"email","value":"fm@lists.HL7.org"}]}],"description":"Indicates the role of the provider providing the care.","jurisdiction":[{"coding":[{"system":"urn:iso:std:iso:3166","code":"US"}]}],"compose":{"include":[{"system":"http://hl7.org/fhir/us/carin-bb/CodeSystem/CareTeamRoleCS","concept":[{"code":"pcp","display":"Primary Care Provider"},{"code":"prescribing","display":"Prescribing Provider"},{"code":"performing","display":"Performing Provider"}]}]}}