{"resourceType":"ValueSet","id":"NCPDPBrandGenericCode","text":{"status":"generated","div":"<div xmlns=\"http://www.w3.org/1999/xhtml\"><ul><li>Include all codes defined in <a href=\"CodeSystem-NCPDPBrandGenericCode.html\"><code>http://www.ncpdp.org/BrandGenericCode</code></a></li></ul></div>"},"url":"http://hl7.org/fhir/us/carin-bb/ValueSet/NCPDPBrandGenericCode","version":"0.1.4","name":"NCPDPBrandGenericCode","title":"NCPDP Brand Generic Code","status":"active","date":"2020-09-29T16:34:56+00:00","publisher":"HL7 Financial Management Working Group","contact":[{"name":"HL7 Financial Management Working Group","telecom":[{"system":"url","value":"http://www.hl7.org/Special/committees/fm/index.cfm"},{"system":"email","value":"fm@lists.HL7.org"}]}],"description":"Indicates whether the plan adjudicated the claim as a brand or generic drug. NCPDP field # 686.","jurisdiction":[{"coding":[{"system":"urn:iso:std:iso:3166","code":"US"}]}],"copyright":"NCPDP codes are available by subscription at ncpdp.org. As HL7 is working with the owning authority to finalize the url, this url is subject to change.","compose":{"include":[{"system":"http://www.ncpdp.org/BrandGenericCode"}]}}