{"resourceType":"ValueSet","id":"NUBCPointOfOriginVS","text":{"status":"generated","div":"<div xmlns=\"http://www.w3.org/1999/xhtml\"><ul><li>Include all codes defined in <code>https://www.nubc.org/point-of-origin-for-admission-or-visit</code></li></ul></div>"},"url":"http://hl7.org/fhir/us/carin-bb/ValueSet/NUBCPointOfOriginVS","version":"0.1.0","name":"NUBCPointOfOriginVS","title":"NUBC Point of Origin of Admission","status":"active","date":"2020-07-13T13:57:49+00:00","publisher":"HL7 Financial Management Working Group","contact":[{"name":"HL7 Financial Management Working Group","telecom":[{"system":"url","value":"http://www.hl7.org/Special/committees/fm/index.cfm"},{"system":"email","value":"fm@lists.HL7.org"}]}],"description":"NUBC Point of Origin of Admission","compose":{"include":[{"system":"https://www.nubc.org/point-of-origin-for-admission-or-visit"}]}}