{"resourceType":"ValueSet","id":"NUBCPresentOnAdmission","text":{"status":"generated","div":"<div xmlns=\"http://www.w3.org/1999/xhtml\"><p>This value set includes codes based on the following rules:</p><ul/></div>"},"url":"http://hl7.org/fhir/us/carin-bb/ValueSet/NUBCPresentOnAdmission","version":"0.2.1","name":"NUBCPresentOnAdmission","title":"NUBC Present On Admission","status":"active","date":"2020-07-17T20:57:43+00:00","publisher":"HL7 Financial Management Working Group","contact":[{"name":"HL7 Financial Management Working Group","telecom":[{"system":"url","value":"http://www.hl7.org/Special/committees/fm/index.cfm"},{"system":"email","value":"fm@lists.HL7.org"}]}],"description":"NUBC Present On Admission"}