{"resourceType":"ValueSet","id":"ICD10PCSVS","text":{"status":"generated","div":"<div xmlns=\"http://www.w3.org/1999/xhtml\"><ul><li>Include all codes defined in <code>http://www.nlm.nih.gov/research/umls/icd10pcs</code></li></ul></div>"},"url":"http://hl7.org/fhir/us/carin-bb/ValueSet/ICD10PCSVS","version":"0.1.0","name":"ICD10PCSVS","title":"ICD-10-PCS","status":"active","date":"2020-07-05T19:57:42+00:00","publisher":"HL7 Financial Management Working Group","contact":[{"name":"HL7 Financial Management Working Group","telecom":[{"system":"url","value":"http://www.hl7.org/Special/committees/fm/index.cfm"},{"system":"email","value":"fm@lists.HL7.org"}]}],"description":"ICD-10-PCS","compose":{"include":[{"system":"http://www.nlm.nih.gov/research/umls/icd10pcs"}]}}