{"resourceType":"ValueSet","id":"ClaimPayeeTypeCodeVS","text":{"status":"generated","div":"<div xmlns=\"http://www.w3.org/1999/xhtml\"><ul><li>Include these codes as defined in <a href=\"CodeSystem-PayerAdjudicationCategoryCS.html\"><code>http://hl7.org/fhir/us/carin-bb/CodeSystem/PayerAdjudicationCategoryCS</code></a><table class=\"none\"><tr><td style=\"white-space:nowrap\"><b>Code</b></td><td><b>Display</b></td></tr><tr><td><a href=\"CodeSystem-PayerAdjudicationCategoryCS.html#PayerAdjudicationCategoryCS-provider\">provider</a></td><td>provider</td><td>provider</td></tr><tr><td><a href=\"CodeSystem-PayerAdjudicationCategoryCS.html#PayerAdjudicationCategoryCS-subscriber\">subscriber</a></td><td>subscriber</td><td>subscriber</td></tr><tr><td><a href=\"CodeSystem-PayerAdjudicationCategoryCS.html#PayerAdjudicationCategoryCS-other\">other</a></td><td>other</td><td>other</td></tr></table></li></ul></div>"},"url":"http://hl7.org/fhir/us/carin-bb/ValueSet/ClaimPayeeTypeCodeVS","version":"0.1.0","name":"ClaimPayeeTypeCodeVS","title":"Claim Payee Type Code","status":"active","date":"2020-06-30T17:40:01+00:00","publisher":"HL7 Financial Management Working Group","contact":[{"name":"HL7 Financial Management Working Group","telecom":[{"system":"url","value":"http://www.hl7.org/Special/committees/fm/index.cfm"},{"system":"email","value":"fm@lists.HL7.org"}]}],"description":"Identifies recipient of benefits payable; i.e., provider or subscriber.","compose":{"include":[{"system":"http://hl7.org/fhir/us/carin-bb/CodeSystem/PayerAdjudicationCategoryCS","concept":[{"code":"provider","display":"provider"},{"code":"subscriber","display":"subscriber"},{"code":"other","display":"other"}]}]}}