{"resourceType":"ValueSet","id":"CARINBBInstitutionalClaimCareTeamRoleCodes","text":{"status":"generated","div":"<div xmlns=\"http://www.w3.org/1999/xhtml\"><p>This value set includes codes based on the following rules:</p><ul><li>Include these codes as defined in <a href=\"https://terminology.hl7.org/1.0.0//CodeSystem-claimcareteamrole.html\"><code>http://terminology.hl7.org/CodeSystem/claimcareteamrole</code></a><table class=\"none\"><tr><td style=\"white-space:nowrap\"><b>Code</b></td><td><b>Display</b></td></tr><tr><td><a href=\"https://terminology.hl7.org/1.0.0//CodeSystem-claimcareteamrole.html#claimcareteamrole-supervisor\">supervisor</a></td><td>Supervising Provider</td><td>Supervising care provider.</td></tr><tr><td><a href=\"https://terminology.hl7.org/1.0.0//CodeSystem-claimcareteamrole.html#claimcareteamrole-primary\">primary</a></td><td>Primary provider.</td><td>The primary care provider.</td></tr></table></li><li>Include these codes as defined in <a href=\"CodeSystem-CareTeamRoleCS.html\"><code>http://hl7.org/fhir/us/carin-bb/CodeSystem/CareTeamRoleCS</code></a><table class=\"none\"><tr><td style=\"white-space:nowrap\"><b>Code</b></td><td><b>Display</b></td></tr><tr><td><a href=\"CodeSystem-CareTeamRoleCS.html#CareTeamRoleCS-attending\">attending</a></td><td>Attending Provider</td><td>Attending Provider</td></tr><tr><td><a href=\"CodeSystem-CareTeamRoleCS.html#CareTeamRoleCS-performing\">performing</a></td><td>Performing Provider</td><td>Performing Provider</td></tr><tr><td><a href=\"CodeSystem-CareTeamRoleCS.html#CareTeamRoleCS-referring\">referring</a></td><td>Referring Provider</td><td>Referring Provider</td></tr><tr><td><a href=\"CodeSystem-CareTeamRoleCS.html#CareTeamRoleCS-site\">site</a></td><td>Site Provider</td><td>Site Provider</td></tr><tr><td><a href=\"CodeSystem-CareTeamRoleCS.html#CareTeamRoleCS-prescribing\">prescribing</a></td><td>Prescribing Provider</td><td>Prescribing Provider</td></tr></table></li></ul></div>"},"url":"http://hl7.org/fhir/us/carin-bb/ValueSet/CARINBBInstitutionalClaimCareTeamRoleCodes","version":"0.3.2","name":"CARINBBInstitutionalClaimCareTeamRoleCodes","title":"CARINBB Institutional Claim Care Team Roles","status":"active","date":"2020-08-03T19:42:59+00:00","publisher":"HL7 Financial Management Working Group","contact":[{"name":"HL7 Financial Management Working Group","telecom":[{"system":"url","value":"http://www.hl7.org/Special/committees/fm/index.cfm"},{"system":"email","value":"fm@lists.HL7.org"}]}],"description":"Indicates the role of the provider providing the care.","jurisdiction":[{"coding":[{"system":"urn:iso:std:iso:3166","code":"US"}]}],"compose":{"include":[{"system":"http://terminology.hl7.org/CodeSystem/claimcareteamrole","concept":[{"code":"supervisor","display":"Supervising Provider"},{"code":"primary","display":"Primary provider."}]},{"system":"http://hl7.org/fhir/us/carin-bb/CodeSystem/CareTeamRoleCS","concept":[{"code":"attending","display":"Attending Provider"},{"code":"performing","display":"Performing Provider"},{"code":"referring","display":"Referring Provider"},{"code":"site","display":"Site Provider"},{"code":"prescribing","display":"Prescribing Provider"}]}]}}