{"resourceType":"ValueSet","id":"C4BBPayeeType","text":{"status":"generated","div":"<div xmlns=\"http://www.w3.org/1999/xhtml\"><p>This value set includes codes based on the following rules:</p><ul><li>Include all codes defined in <a href=\"https://terminology.hl7.org/1.0.0//CodeSystem-payeetype.html\"><code>http://terminology.hl7.org/CodeSystem/payeetype</code></a></li><li>Include all codes defined in <a href=\"CodeSystem-C4BBPayeeType.html\"><code>http://hl7.org/fhir/us/carin-bb/CodeSystem/C4BBPayeeType</code></a></li></ul></div>"},"url":"http://hl7.org/fhir/us/carin-bb/ValueSet/C4BBPayeeType","version":"0.1.3","name":"C4BBPayeeType","title":"C4BB Payee Type","status":"active","date":"2020-09-15T14:24:14+00:00","publisher":"HL7 Financial Management Working Group","contact":[{"name":"HL7 Financial Management Working Group","telecom":[{"system":"url","value":"http://www.hl7.org/Special/committees/fm/index.cfm"},{"system":"email","value":"fm@lists.HL7.org"}]}],"description":"Identifies the type of recipient of the adjudication amount; i.e., provider, subscriber, beneficiary or another recipient.","jurisdiction":[{"coding":[{"system":"urn:iso:std:iso:3166","code":"US"}]}],"copyright":"This Code System is not copyrighted.","compose":{"include":[{"system":"http://terminology.hl7.org/CodeSystem/payeetype"},{"system":"http://hl7.org/fhir/us/carin-bb/CodeSystem/C4BBPayeeType"}]}}