{"resourceType":"ValueSet","id":"X12ClaimAdjustmentReasonCodesCMSRemittanceAdviceRemarkCodes","text":{"status":"generated","div":"<div xmlns=\"http://www.w3.org/1999/xhtml\"><p>This value set includes codes based on the following rules:</p><ul><li>Include all codes defined in <a href=\"CodeSystem-X12ClaimAdjustmentReasonCodes.html\"><code>https://x12.org/codes/claim-adjustment-reason-codes</code></a></li><li>Include all codes defined in <a href=\"CodeSystem-CMSRemittanceAdviceRemarkCodes.html\"><code>https://x12.org/codes/remittance-advice-remark-codes</code></a></li></ul></div>"},"url":"http://hl7.org/fhir/us/carin-bb/ValueSet/X12ClaimAdjustmentReasonCodesCMSRemittanceAdviceRemarkCodes","version":"0.1.4","name":"X12ClaimAdjustmentReasonCodesCMSRemittanceAdviceRemarkCodes","title":"X12 Claim Adjustment Reason Codes (CARC) - CMS- Remittance Advice Remark Codes (RARC)","status":"active","date":"2020-10-05T21:43:23+00:00","publisher":"HL7 Financial Management Working Group","contact":[{"name":"HL7 Financial Management Working Group","telecom":[{"system":"url","value":"http://www.hl7.org/Special/committees/fm/index.cfm"},{"system":"email","value":"fm@lists.HL7.org"}]}],"description":"The Value Set is a combination of two sets of codes:  X12 Claim Adjustment Reason Codes (CARC) and CMS Remittance Advice Remark Codes (RARC).  CARC codes describe why a claim or service line was paid differently than it was billed.  RARC codes provide additional explanation for an adjustment already described by a Claim Adjustment Reason Code (CARC) or convey information about remittance processing.  \nUse of X12 CARC codes require a license.  Reference https://x12.org/codes/.  RARC codes are available at http://www.wpc-edi.com/reference/codelists/healthcare/remittance-advice-remark-codes.","jurisdiction":[{"coding":[{"system":"urn:iso:std:iso:3166","code":"US"}]}],"copyright":"CARC codes are owned, maintained and distributed by X12.  The Centers for Medicare & Medicaid Services (CMS) maintain Remittance Advice Remark Codes (RARC) used throughout the US health care industry.","compose":{"include":[{"system":"https://x12.org/codes/claim-adjustment-reason-codes"},{"system":"https://x12.org/codes/remittance-advice-remark-codes"}]}}