{"resourceType":"ValueSet","id":"ICD10PCS","text":{"status":"generated","div":"<div xmlns=\"http://www.w3.org/1999/xhtml\"><ul><li>Include all codes defined in <code>http://www.nlm.nih.gov/research/umls/icd10pcs</code></li></ul></div>"},"url":"http://hl7.org/fhir/us/carin-bb/ValueSet/ICD10PCS","version":"0.3.2","name":"ICD10PCS","title":"ICD-10-PCS","status":"active","date":"2020-08-02T20:03:56+00:00","publisher":"HL7 Financial Management Working Group","contact":[{"name":"HL7 Financial Management Working Group","telecom":[{"system":"url","value":"http://www.hl7.org/Special/committees/fm/index.cfm"},{"system":"email","value":"fm@lists.HL7.org"}]}],"description":"ICD-10-PCS","jurisdiction":[{"coding":[{"system":"urn:iso:std:iso:3166","code":"US"}]}],"compose":{"include":[{"system":"http://www.nlm.nih.gov/research/umls/icd10pcs"}]}}