{"resourceType":"ValueSet","id":"CMSMS3MAPRDRG","text":{"status":"generated","div":"<div xmlns=\"http://www.w3.org/1999/xhtml\"><p>This value set includes codes based on the following rules:</p><ul><li>Include all codes defined in <a href=\"CodeSystem-CMSMSDRG.html\"><code>http://www.cms.gov/Medicare/Coding/ms-drg/MS</code></a></li><li>Include all codes defined in <a href=\"CodeSystem-THREEMAPRDRG.html\"><code>http://www.3M.com/APR</code></a></li></ul></div>"},"url":"http://hl7.org/fhir/us/carin-bb/ValueSet/CMSMS3MAPRDRG","version":"0.1.4","name":"CMSMS3MAPRDRG","title":"CMS MS 3M APR DRG","status":"active","date":"2020-10-01T13:39:13+00:00","publisher":"HL7 Financial Management Working Group","contact":[{"name":"HL7 Financial Management Working Group","telecom":[{"system":"url","value":"http://www.hl7.org/Special/committees/fm/index.cfm"},{"system":"email","value":"fm@lists.HL7.org"}]}],"description":"This value set defines two sets of DRGs, MS-DRGs (Medicare Severity Diagnosis Related Groups) and APR-DRGs (All Patient Refined Diagnosis Related Groups).  MS-DRGs are owned by CMS; APR-DRGs are owned by 3M.  Assignment of a DRG is defined by a particular set of patient attributes, which include principal diagnosis, specific secondary diagnoses, procedures, sex and discharge status.  Identifying a DRG code requires a version.  ","jurisdiction":[{"coding":[{"system":"urn:iso:std:iso:3166","code":"US"}]}],"copyright":"The Centers for Medicare & Medicaid Services (CMS) maintain the MS-DRGs used throughout the US health care industry.  Use of APR-DRGs require a license.  Reference https://www.3m.com/3M/en_US/health-information-systems-us/drive-value-based-care/patient-classification-methodologies/apr-drgs/.   As HL7 is working with the owning authorities to finalize the urls, the urls are subject to change.","compose":{"include":[{"system":"http://www.cms.gov/Medicare/Coding/ms-drg/MS"},{"system":"http://www.3M.com/APR"}]}}