{"resourceType":"ValueSet","id":"AHANUBCPointOfOriginForAdmissionOrVisit","text":{"status":"generated","div":"<div xmlns=\"http://www.w3.org/1999/xhtml\"><ul><li>Include all codes defined in <a href=\"CodeSystem-AHANUBCPointOfOriginForAdmissionOrVisitCS.html\"><code>http://www.nubc.org/point-of-origin-for-admission-or-visit</code></a></li></ul></div>"},"url":"http://hl7.org/fhir/us/carin-bb/ValueSet/AHANUBCPointOfOriginForAdmissionOrVisit","version":"0.4.1","name":"AHANUBCPointOfOriginForAdmissionOrVisit","title":"UB-04 Point of Origin for Admission or Visit (FL-15)","status":"active","date":"2020-08-28T13:07:18+00:00","publisher":"HL7 Financial Management Working Group","contact":[{"name":"HL7 Financial Management Working Group","telecom":[{"system":"url","value":"http://www.hl7.org/Special/committees/fm/index.cfm"},{"system":"email","value":"fm@lists.HL7.org"}]}],"description":"NUBC Point of Origin for Admission or Visit.","jurisdiction":[{"coding":[{"system":"urn:iso:std:iso:3166","code":"US"}]}],"copyright":"The Official UB-04 Data Specifications Manual, copyrighted by the American Hospital Association, is the only official source of UB-04 billing information adopted by the National Uniform Billing Committee. \nNo other publication—governmental or private/commercial—can be considered authoritative. See their website for licensing terms and conditions.\nAs HL7 is working with the owning authority to finalize the url, this url is subject to change.","compose":{"include":[{"system":"http://www.nubc.org/point-of-origin-for-admission-or-visit"}]}}