{"resourceType":"ValueSet","id":"FDANationalDrugCode","text":{"status":"generated","div":"<div xmlns=\"http://www.w3.org/1999/xhtml\"><ul><li>Include all codes defined in <a href=\"https://terminology.hl7.org/1.0.0//CodeSystem-v3-ndc.html\"><code>http://hl7.org/fhir/sid/ndc</code></a></li></ul></div>"},"url":"http://hl7.org/fhir/us/carin-bb/ValueSet/FDANationalDrugCode","version":"0.4.0","name":"FDANationalDrugCode","title":"FDA National Drug Code (NDC)","status":"active","date":"2020-08-12T01:55:39+00:00","publisher":"HL7 Financial Management Working Group","contact":[{"name":"HL7 Financial Management Working Group","telecom":[{"system":"url","value":"http://www.hl7.org/Special/committees/fm/index.cfm"},{"system":"email","value":"fm@lists.HL7.org"}]}],"description":"FDA National Drug Code (NDC)","jurisdiction":[{"coding":[{"system":"urn:iso:std:iso:3166","code":"US"}]}],"compose":{"include":[{"system":"http://hl7.org/fhir/sid/ndc"}]}}