{"resourceType":"ValueSet","id":"OrganizationIdentifierTypeVS","text":{"status":"generated","div":"<div xmlns=\"http://www.w3.org/1999/xhtml\"><ul><li>Include these codes as defined in <a href=\"CodeSystem-IdentifierTypeCS.html\"><code>http://hl7.org/fhir/us/carin-bb/CodeSystem/IdentifierTypeCS</code></a><table class=\"none\"><tr><td style=\"white-space:nowrap\"><b>Code</b></td><td><b>Display</b></td></tr><tr><td><a href=\"CodeSystem-IdentifierTypeCS.html#IdentifierTypeCS-tax\">tax</a></td><td>Tax ID Number</td><td>Tax ID Number</td></tr><tr><td><a href=\"CodeSystem-IdentifierTypeCS.html#IdentifierTypeCS-npi\">npi</a></td><td>National Provider Identifier</td><td>National Provider Identifier</td></tr><tr><td><a href=\"CodeSystem-IdentifierTypeCS.html#IdentifierTypeCS-payerid\">payerid</a></td><td>Payer ID</td><td>Payer ID</td></tr></table></li></ul></div>"},"url":"http://hl7.org/fhir/us/carin-bb/ValueSet/OrganizationIdentifierTypeVS","version":"0.1.0","name":"OrganizationIdentifierTypeVS","title":"Organization Identifier Type","status":"active","date":"2020-06-30T20:24:02+00:00","publisher":"HL7 Financial Management Working Group","contact":[{"name":"HL7 Financial Management Working Group","telecom":[{"system":"url","value":"http://www.hl7.org/Special/committees/fm/index.cfm"},{"system":"email","value":"fm@lists.HL7.org"}]}],"description":"Organization  Identifier Type","compose":{"include":[{"system":"http://hl7.org/fhir/us/carin-bb/CodeSystem/IdentifierTypeCS","concept":[{"code":"tax"},{"code":"npi"},{"code":"payerid"}]}]}}