{"resourceType":"ValueSet","id":"C4BBClaimProfessionalAndNonClinicianCareTeamRole","text":{"status":"generated","div":"<div xmlns=\"http://www.w3.org/1999/xhtml\"><p>This value set includes codes based on the following rules:</p><ul><li>Include these codes as defined in <a href=\"https://terminology.hl7.org/1.0.0//CodeSystem-claimcareteamrole.html\"><code>http://terminology.hl7.org/CodeSystem/claimcareteamrole</code></a><table class=\"none\"><tr><td style=\"white-space:nowrap\"><b>Code</b></td><td><b>Display</b></td></tr><tr><td><a href=\"https://terminology.hl7.org/1.0.0//CodeSystem-claimcareteamrole.html#claimcareteamrole-primary\">primary</a></td><td>Primary provider.</td><td>The primary care provider.</td></tr></table></li><li>Include these codes as defined in <a href=\"CodeSystem-C4BBClaimCareTeamRole.html\"><code>http://hl7.org/fhir/us/carin-bb/CodeSystem/C4BBClaimCareTeamRole</code></a><table class=\"none\"><tr><td style=\"white-space:nowrap\"><b>Code</b></td><td><b>Display</b></td></tr><tr><td><a href=\"CodeSystem-C4BBClaimCareTeamRole.html#C4BBClaimCareTeamRole-performing\">performing</a></td><td>Performing provider</td><td>The performing or rendering provider</td></tr><tr><td><a href=\"CodeSystem-C4BBClaimCareTeamRole.html#C4BBClaimCareTeamRole-referring\">referring</a></td><td>Referring</td><td>The referring physician</td></tr></table></li></ul></div>"},"url":"http://hl7.org/fhir/us/carin-bb/ValueSet/C4BBClaimProfessionalAndNonClinicianCareTeamRole","version":"0.1.3","name":"C4BBClaimProfessionalAndNonClinicianCareTeamRole","title":"C4BB Claim Professional And Non Clinician Care Team Role ","status":"active","date":"2020-09-06T12:50:51+00:00","publisher":"HL7 Financial Management Working Group","contact":[{"name":"HL7 Financial Management Working Group","telecom":[{"system":"url","value":"http://www.hl7.org/Special/committees/fm/index.cfm"},{"system":"email","value":"fm@lists.HL7.org"}]}],"description":"Describes functional roles of the care team members","jurisdiction":[{"coding":[{"system":"urn:iso:std:iso:3166","code":"US"}]}],"copyright":"This Valueset is not copyrighted.","compose":{"include":[{"system":"http://terminology.hl7.org/CodeSystem/claimcareteamrole","concept":[{"code":"primary","display":"Primary provider."}]},{"system":"http://hl7.org/fhir/us/carin-bb/CodeSystem/C4BBClaimCareTeamRole","concept":[{"code":"performing"},{"code":"referring"}]}]}}