{"resourceType":"ValueSet","id":"C4BBClaimProcedureType","text":{"status":"extensions","div":"<div xmlns=\"http://www.w3.org/1999/xhtml\"><p>This value set includes codes based on the following rules:</p><ul><li>Include these codes as defined in <a href=\"https://terminology.hl7.org/1.0.0//CodeSystem-ex-diagnosistype.html\"><code>http://terminology.hl7.org/CodeSystem/ex-diagnosistype</code></a><table class=\"none\"><tr><td style=\"white-space:nowrap\"><b>Code</b></td><td><b>Display</b></td><td><b>Definition</b></td></tr><tr><td><a href=\"https://terminology.hl7.org/1.0.0//CodeSystem-ex-diagnosistype.html#ex-diagnosistype-principal\">principal</a></td><td>principal</td><td>The single medical diagnosis that is most relevant to the patient's chief complaint or need for treatment.</td></tr></table></li><li>Include these codes as defined in <a href=\"CodeSystem-C4BBClaimProcedureType.html\"><code>http://hl7.org/fhir/us/carin-bb/CodeSystem/C4BBClaimProcedureType</code></a><table class=\"none\"><tr><td style=\"white-space:nowrap\"><b>Code</b></td><td><b>Display</b></td><td><b>Definition</b></td></tr><tr><td><a href=\"CodeSystem-C4BBClaimProcedureType.html#C4BBClaimProcedureType-principal\">principal</a></td><td>Principal</td><td>The Principal Procedure is based on the relation of the procedure to the Principal Diagnosis</td></tr><tr><td><a href=\"CodeSystem-C4BBClaimProcedureType.html#C4BBClaimProcedureType-secondary\">secondary</a></td><td/><td/></tr></table></li></ul></div>"},"url":"http://hl7.org/fhir/us/carin-bb/ValueSet/C4BBClaimProcedureType","version":"0.1.4","name":"C4BBClaimProcedureType","title":"C4BB Claim Procedure Type","status":"active","date":"2020-10-06T14:45:03+00:00","publisher":"HL7 Financial Management Working Group","contact":[{"name":"HL7 Financial Management Working Group","telecom":[{"system":"url","value":"http://www.hl7.org/Special/committees/fm/index.cfm"},{"system":"email","value":"fm@lists.HL7.org"}]}],"description":"Indicates if the professional and non-clinician diagnosis is principal or secondary","jurisdiction":[{"coding":[{"system":"urn:iso:std:iso:3166","code":"US"}]}],"copyright":"This Valueset is not copyrighted.","compose":{"include":[{"system":"http://terminology.hl7.org/CodeSystem/ex-diagnosistype","concept":[{"code":"principal","display":"principal"}]},{"system":"http://hl7.org/fhir/us/carin-bb/CodeSystem/C4BBClaimProcedureType","concept":[{"code":"principal"},{"code":"secondary"}]}]}}