{"resourceType":"ValueSet","id":"NCPDPCompoundCode","text":{"status":"generated","div":"<div xmlns=\"http://www.w3.org/1999/xhtml\"><ul><li>Include all codes defined in <a href=\"CodeSystem-NCPDPCompoundCode.html\"><code>http://www.ncpdp.org/CompoundCode</code></a></li></ul></div>"},"url":"http://hl7.org/fhir/us/carin-bb/ValueSet/NCPDPCompoundCode","version":"0.1.4","name":"NCPDPCompoundCode","title":"NCPDP Compound Code","status":"active","date":"2020-09-17T20:30:49+00:00","publisher":"HL7 Financial Management Working Group","contact":[{"name":"HL7 Financial Management Working Group","telecom":[{"system":"url","value":"http://www.hl7.org/Special/committees/fm/index.cfm"},{"system":"email","value":"fm@lists.HL7.org"}]}],"description":"Indicates whether or not the prescription is a compound NCPDP field # 406-D6.","jurisdiction":[{"coding":[{"system":"urn:iso:std:iso:3166","code":"US"}]}],"copyright":"NCPDP codes are available by subscription at ncpdp.org. As HL7 is working with the owning authority to finalize the url, this url is subject to change.","compose":{"include":[{"system":"http://www.ncpdp.org/CompoundCode"}]}}