{"resourceType":"ValueSet","id":"NUBCPatientDischargeStatusVS","text":{"status":"generated","div":"<div xmlns=\"http://www.w3.org/1999/xhtml\"><ul><li>Include all codes defined in <code>https://www.nubc.org/patient-discharge</code></li></ul></div>"},"url":"http://hl7.org/fhir/us/carin-bb/ValueSet/NUBCPatientDischargeStatusVS","version":"0.1.0","name":"NUBCPatientDischargeStatusVS","title":"NUBC Patient Discharge Status","status":"active","date":"2020-07-14T13:16:56+00:00","publisher":"HL7 Financial Management Working Group","contact":[{"name":"HL7 Financial Management Working Group","telecom":[{"system":"url","value":"http://www.hl7.org/Special/committees/fm/index.cfm"},{"system":"email","value":"fm@lists.HL7.org"}]}],"description":"NUBC Patient Discharge Status","compose":{"include":[{"system":"https://www.nubc.org/patient-discharge"}]}}