{"resourceType":"ValueSet","id":"PayerProfessionalandnoncliniciandiagnosistype","text":{"status":"generated","div":"<div xmlns=\"http://www.w3.org/1999/xhtml\"><ul><li>Include these codes as defined in <a href=\"CodeSystem-PayerDiagnosisTypeCS.html\"><code>http://hl7.org/fhir/us/carin-bb/CodeSystem/PayerDiagnosisTypeCS</code></a><table class=\"none\"><tr><td style=\"white-space:nowrap\"><b>Code</b></td><td><b>Display</b></td></tr><tr><td><a href=\"CodeSystem-PayerDiagnosisTypeCS.html#PayerDiagnosisTypeCS-principal\">principal</a></td><td>principal</td><td>principal</td></tr><tr><td><a href=\"CodeSystem-PayerDiagnosisTypeCS.html#PayerDiagnosisTypeCS-secondary\">secondary</a></td><td>secondary</td><td>secondary</td></tr><tr><td><a href=\"CodeSystem-PayerDiagnosisTypeCS.html#PayerDiagnosisTypeCS-first-listed\">first-listed</a></td><td>first-listed</td><td>first-listed</td></tr></table></li></ul></div>"},"url":"http://hl7.org/fhir/us/carin-bb/ValueSet/PayerProfessionalandnoncliniciandiagnosistype","version":"0.1.0","name":"PayerProfessionalandnoncliniciandiagnosistype","title":"Diagnosis Type -- Professional and Non-Clinician","status":"active","date":"2020-07-06T22:26:44+00:00","publisher":"HL7 Financial Management Working Group","contact":[{"name":"HL7 Financial Management Working Group","telecom":[{"system":"url","value":"http://www.hl7.org/Special/committees/fm/index.cfm"},{"system":"email","value":"fm@lists.HL7.org"}]}],"description":"Payer Professional and Non-Clinician Diagnosis Type","compose":{"include":[{"system":"http://hl7.org/fhir/us/carin-bb/CodeSystem/PayerDiagnosisTypeCS","concept":[{"code":"principal","display":"principal"},{"code":"secondary","display":"secondary"},{"code":"first-listed","display":"first-listed"}]}]}}