{"resourceType":"ValueSet","id":"ClaimTypeVS","text":{"status":"generated","div":"<div xmlns=\"http://www.w3.org/1999/xhtml\"><ul><li>Include all codes defined in <a href=\"CodeSystem-ClaimTypeCS.html\"><code>http://hl7.org/fhir/us/carin-bb/CodeSystem/ClaimTypeCS</code></a></li></ul></div>"},"url":"http://hl7.org/fhir/us/carin-bb/ValueSet/ClaimTypeVS","version":"0.1.0","name":"ClaimTypeVS","title":"Claim Types","status":"active","date":"2020-06-18T03:47:51+00:00","publisher":"HL7 Financial Management Working Group","contact":[{"name":"HL7 Financial Management Working Group","telecom":[{"system":"url","value":"http://www.hl7.org/Special/committees/fm/index.cfm"},{"system":"email","value":"fm@lists.HL7.org"}]}],"description":"Proposed replacement/update for http://hl7.org/fhir/ValueSet/claim-type","compose":{"include":[{"system":"http://hl7.org/fhir/us/carin-bb/CodeSystem/ClaimTypeCS"}]}}