{"resourceType":"ValueSet","id":"AdjudicationDenialReason","text":{"status":"generated","div":"<div xmlns=\"http://www.w3.org/1999/xhtml\"><p>This value set includes codes based on the following rules:</p><ul/></div>"},"url":"http://hl7.org/fhir/us/carin-bb/ValueSet/AdjudicationDenialReason","version":"0.4.0","name":"AdjudicationDenialReason","title":"Adjudication Denial Reason","status":"active","date":"2020-08-06T13:38:14+00:00","publisher":"HL7 Financial Management Working Group","contact":[{"name":"HL7 Financial Management Working Group","telecom":[{"system":"url","value":"http://www.hl7.org/Special/committees/fm/index.cfm"},{"system":"email","value":"fm@lists.HL7.org"}]}],"description":"Reason codes used to interpret the adjudication denial reason.  X12 CARC + CMS RARC","jurisdiction":[{"coding":[{"system":"urn:iso:std:iso:3166","code":"US"}]}]}