{"resourceType":"ValueSet","id":"C4BBPayerClaimPaymentStatusCode","text":{"status":"generated","div":"<div xmlns=\"http://www.w3.org/1999/xhtml\"><ul><li>Include these codes as defined in <a href=\"CodeSystem-C4BBAdjudication.html\"><code>http://hl7.org/fhir/us/carin-bb/CodeSystem/C4BBAdjudication</code></a><table class=\"none\"><tr><td style=\"white-space:nowrap\"><b>Code</b></td><td><b>Display</b></td></tr><tr><td><a href=\"CodeSystem-C4BBAdjudication.html#C4BBAdjudication-paid\">paid</a></td><td>paid</td><td>paid</td></tr><tr><td><a href=\"CodeSystem-C4BBAdjudication.html#C4BBAdjudication-denied\">denied</a></td><td>denied</td><td>denied</td></tr></table></li></ul></div>"},"url":"http://hl7.org/fhir/us/carin-bb/ValueSet/C4BBPayerClaimPaymentStatusCode","version":"0.1.3","name":"C4BBPayerClaimPaymentStatusCode","title":"C4BB Payer Claim Payment Status Code","status":"active","date":"2020-09-06T13:19:34+00:00","publisher":"HL7 Financial Management Working Group","contact":[{"name":"HL7 Financial Management Working Group","telecom":[{"system":"url","value":"http://www.hl7.org/Special/committees/fm/index.cfm"},{"system":"email","value":"fm@lists.HL7.org"}]}],"description":"Indicates whether the claim / item was paid or denied.","jurisdiction":[{"coding":[{"system":"urn:iso:std:iso:3166","code":"US"}]}],"copyright":"This Valueset is not copyrighted.","compose":{"include":[{"system":"http://hl7.org/fhir/us/carin-bb/CodeSystem/C4BBAdjudication","concept":[{"code":"paid","display":"paid"},{"code":"denied","display":"denied"}]}]}}