{"resourceType":"ValueSet","id":"C4BBPayerProviderContractingStatus","text":{"status":"generated","div":"<div xmlns=\"http://www.w3.org/1999/xhtml\"><ul><li>Include these codes as defined in <a href=\"CodeSystem-C4BBPayerAdjudicationStatus.html\"><code>http://hl7.org/fhir/us/carin-bb/CodeSystem/C4BBPayerAdjudicationStatus</code></a><table class=\"none\"><tr><td style=\"white-space:nowrap\"><b>Code</b></td><td><b>Display</b></td></tr><tr><td><a href=\"CodeSystem-C4BBPayerAdjudicationStatus.html#C4BBPayerAdjudicationStatus-contracted\">contracted</a></td><td>Contracted</td><td>Indicates the provider was contracted for the service</td></tr><tr><td><a href=\"CodeSystem-C4BBPayerAdjudicationStatus.html#C4BBPayerAdjudicationStatus-noncontracted\">noncontracted</a></td><td>Non-Contracted</td><td>Indicates the provider was not contracted for the service</td></tr></table></li></ul></div>"},"url":"http://hl7.org/fhir/us/carin-bb/ValueSet/C4BBPayerProviderContractingStatus","version":"0.1.4","name":"C4BBPayerProviderContractingStatus","title":"C4BB Payer Provider Contracting Status","status":"active","date":"2020-09-29T21:10:41+00:00","publisher":"HL7 Financial Management Working Group","contact":[{"name":"HL7 Financial Management Working Group","telecom":[{"system":"url","value":"http://www.hl7.org/Special/committees/fm/index.cfm"},{"system":"email","value":"fm@lists.HL7.org"}]}],"description":"Indicates that the Provider has a contract with the Payer as of the effective date of service or admission.","jurisdiction":[{"coding":[{"system":"urn:iso:std:iso:3166","code":"US"}]}],"copyright":"This Valueset is not copyrighted.","compose":{"include":[{"system":"http://hl7.org/fhir/us/carin-bb/CodeSystem/C4BBPayerAdjudicationStatus","concept":[{"code":"contracted","display":"Contracted"},{"code":"noncontracted","display":"Non-Contracted"}]}]}}