{"resourceType":"ValueSet","id":"NUBCPriorityOfAdmissionnVS","text":{"status":"generated","div":"<div xmlns=\"http://www.w3.org/1999/xhtml\"><ul><li>Include all codes defined in <code>https://www.nubc.org/priority-type-of-admission-or-visit</code></li></ul></div>"},"url":"http://hl7.org/fhir/us/carin-bb/ValueSet/NUBCPriorityOfAdmissionnVS","version":"0.1.0","name":"NUBCPriorityOfAdmissionnVS","title":"NUBC Priority of Admission","status":"active","date":"2020-07-13T18:52:07+00:00","publisher":"HL7 Financial Management Working Group","contact":[{"name":"HL7 Financial Management Working Group","telecom":[{"system":"url","value":"http://www.hl7.org/Special/committees/fm/index.cfm"},{"system":"email","value":"fm@lists.HL7.org"}]}],"description":"NUBC Priority of Admission","compose":{"include":[{"system":"https://www.nubc.org/priority-type-of-admission-or-visit"}]}}