{"resourceType":"ValueSet","id":"FDANationalDrugCodeVS","text":{"status":"generated","div":"<div xmlns=\"http://www.w3.org/1999/xhtml\"><ul><li>Include all codes defined in <code>http://hl7.org/fhir/sid/ndc</code></li></ul></div>"},"url":"http://hl7.org/fhir/us/carin-bb/ValueSet/FDANationalDrugCodeVS","version":"0.1.0","name":"FDANationalDrugCodeVS","title":"FDA National Drug Code (NDC)","status":"active","date":"2020-06-29T21:12:48+00:00","publisher":"HL7 Financial Management Working Group","contact":[{"name":"HL7 Financial Management Working Group","telecom":[{"system":"url","value":"http://www.hl7.org/Special/committees/fm/index.cfm"},{"system":"email","value":"fm@lists.HL7.org"}]}],"description":"FDA National Drug Code (NDC)","compose":{"include":[{"system":"http://hl7.org/fhir/sid/ndc"}]}}