{"resourceType":"ValueSet","id":"CPTHCPCSModifierCode","text":{"status":"generated","div":"<div xmlns=\"http://www.w3.org/1999/xhtml\"><p>This value set includes codes based on the following rules:</p><ul/></div>"},"url":"http://hl7.org/fhir/us/carin-bb/ValueSet/CPTHCPCSModifierCode","version":"0.2.1","name":"CPTHCPCSModifierCode","title":"AMA CPT and CMS HCPCS Modifier Codes","status":"active","date":"2020-07-23T19:16:13+00:00","publisher":"HL7 Financial Management Working Group","contact":[{"name":"HL7 Financial Management Working Group","telecom":[{"system":"url","value":"http://www.hl7.org/Special/committees/fm/index.cfm"},{"system":"email","value":"fm@lists.HL7.org"}]}],"description":"AMA CPT and CMS HCPCS Modifier Codes"}