{"resourceType":"ValueSet","id":"PayerProviderRoleVS","text":{"status":"generated","div":"<div xmlns=\"http://www.w3.org/1999/xhtml\"><ul><li>Include all codes defined in <a href=\"CodeSystem-PayerProviderRoleCS.html\"><code>http://hl7.org/fhir/us/carin-bb/CodeSystem/PayerProviderRoleCS</code></a></li></ul></div>"},"url":"http://hl7.org/fhir/us/carin-bb/ValueSet/PayerProviderRoleVS","version":"0.1.0","name":"PayerProviderRoleVS","title":"Payer Provider Role","status":"active","date":"2020-06-18T23:13:45+00:00","publisher":"HL7 Financial Management Working Group","contact":[{"name":"HL7 Financial Management Working Group","telecom":[{"system":"url","value":"http://www.hl7.org/Special/committees/fm/index.cfm"},{"system":"email","value":"fm@lists.HL7.org"}]}],"description":"Payer Provider Role","compose":{"include":[{"system":"http://hl7.org/fhir/us/carin-bb/CodeSystem/PayerProviderRoleCS"}]}}