{"resourceType":"ValueSet","id":"C4BBClaimOutpatientInstitutionalDiagnosisType","text":{"status":"generated","div":"<div xmlns=\"http://www.w3.org/1999/xhtml\"><ul><li>Include all codes defined in <a href=\"CodeSystem-C4BBClaimDiagnosisType.html\"><code>http://hl7.org/fhir/us/carin-bb/CodeSystem/C4BBClaimDiagnosisType</code></a></li></ul></div>"},"url":"http://hl7.org/fhir/us/carin-bb/ValueSet/C4BBClaimOutpatientInstitutionalDiagnosisType","version":"0.4.2","name":"C4BBClaimOutpatientInstitutionalDiagnosisType","title":"Diagnosis Type -- Outpatient Facility","status":"active","date":"2020-08-31T22:51:03+00:00","publisher":"HL7 Financial Management Working Group","contact":[{"name":"HL7 Financial Management Working Group","telecom":[{"system":"url","value":"http://www.hl7.org/Special/committees/fm/index.cfm"},{"system":"email","value":"fm@lists.HL7.org"}]}],"description":"Payer Outpatient Facility Diagnosis Type","jurisdiction":[{"coding":[{"system":"urn:iso:std:iso:3166","code":"US"}]}],"compose":{"include":[{"system":"http://hl7.org/fhir/us/carin-bb/CodeSystem/C4BBClaimDiagnosisType"}]}}