{"resourceType":"ValueSet","id":"AMACPTCMSHCPCSModifiers","text":{"status":"generated","div":"<div xmlns=\"http://www.w3.org/1999/xhtml\"><p>This value set includes codes based on the following rules:</p><ul><li>Include all codes defined in <a href=\"CodeSystem-AMACPTModifiersCS.html\"><code>http://www.ama-assn.org/go/cpt-modifiers</code></a></li><li>Include all codes defined in <a href=\"CodeSystem-HCPCSModifiersCS.html\"><code>http://www.cms.gov/hcpcs-level-II-modifiers</code></a></li></ul></div>"},"url":"http://hl7.org/fhir/us/carin-bb/ValueSet/AMACPTCMSHCPCSModifiers","version":"0.4.2","name":"AMACPTCMSHCPCSModifiers","title":"AMA CPT CMS HCPCS Modifiers","status":"active","date":"2020-08-28T20:07:08+00:00","publisher":"HL7 Financial Management Working Group","contact":[{"name":"HL7 Financial Management Working Group","telecom":[{"system":"url","value":"http://www.hl7.org/Special/committees/fm/index.cfm"},{"system":"email","value":"fm@lists.HL7.org"}]}],"description":"The Value Set is a combination of two Code Systems: CPT (HCPCS I) and HCPCS II procedure code modifiers. \nModifiers help further describe a procedure code without changing its definition. CPT codes are available by subscription from the AMA at http://www.ama-assn.org/go/cpt. \nHCPCS codes are available at https://www.cms.gov/Medicare/Coding/HCPCSReleaseCodeSets/Alpha-Numeric-HCPCS.html. \nThe link takes one to a list of files. The HCPCS ANWEB files include modifier and procedure codes. The target set for this Code System is the procedure code modifiers from this file.","jurisdiction":[{"coding":[{"system":"urn:iso:std:iso:3166","code":"US"}]}],"copyright":"CCPT copyright 2014 American Medical Association. All rights reserved. The HCPCS II codes are owned by CMS and are available for use. As HL7 is working with the owning authority to finalize the url, this url is subject to change.","compose":{"include":[{"system":"http://www.ama-assn.org/go/cpt-modifiers"},{"system":"http://www.cms.gov/hcpcs-level-II-modifiers"}]}}