{"resourceType":"ValueSet","id":"NCPDPRejectCode","text":{"status":"generated","div":"<div xmlns=\"http://www.w3.org/1999/xhtml\"><ul><li>Include all codes defined in <a href=\"CodeSystem-NCPDPRejectCode.html\"><code>http://ncpdp.org/RejectCode</code></a></li></ul></div>"},"url":"http://hl7.org/fhir/us/carin-bb/ValueSet/NCPDPRejectCode","version":"0.1.4","name":"NCPDPRejectCode","title":"NCPDP Reject Code","status":"active","date":"2020-09-16T22:56:44+00:00","publisher":"HL7 Financial Management Working Group","contact":[{"name":"HL7 Financial Management Working Group","telecom":[{"system":"url","value":"http://www.hl7.org/Special/committees/fm/index.cfm"},{"system":"email","value":"fm@lists.HL7.org"}]}],"description":"The National Council for Prescription Drug Programs, (NCPDP) Reject Code (511-FB) code set contains exception definitions for use when transaction processing cannot be completed.","jurisdiction":[{"coding":[{"system":"urn:iso:std:iso:3166","code":"US"}]}],"copyright":"NCPDP codes are available by subscription at ncpdp.org. As HL7 is working with the owning authority to finalize the url, this url is subject to change.","compose":{"include":[{"system":"http://ncpdp.org/RejectCode"}]}}