{"resourceType":"ValueSet","id":"NUBCPatientDischargeStatus","text":{"status":"generated","div":"<div xmlns=\"http://www.w3.org/1999/xhtml\"><p>This value set includes codes based on the following rules:</p><ul/></div>"},"url":"http://hl7.org/fhir/us/carin-bb/ValueSet/NUBCPatientDischargeStatus","version":"0.3.0","name":"NUBCPatientDischargeStatus","title":"NUBC Patient Discharge Status","status":"active","date":"2020-07-24T21:33:08+00:00","publisher":"HL7 Financial Management Working Group","contact":[{"name":"HL7 Financial Management Working Group","telecom":[{"system":"url","value":"http://www.hl7.org/Special/committees/fm/index.cfm"},{"system":"email","value":"fm@lists.HL7.org"}]}],"description":"NUBC Patient Discharge Status","jurisdiction":[{"coding":[{"system":"urn:iso:std:iso:3166","code":"US"}]}]}