{"resourceType":"ValueSet","id":"C4BBOrganizationIdentifierType","text":{"status":"extensions","div":"<div xmlns=\"http://www.w3.org/1999/xhtml\"><p>This value set includes codes based on the following rules:</p><ul><li>Include these codes as defined in <a href=\"CodeSystem-C4BBIdentifierType.html\"><code>http://hl7.org/fhir/us/carin-bb/CodeSystem/C4BBIdentifierType</code></a><table class=\"none\"><tr><td style=\"white-space:nowrap\"><b>Code</b></td><td><b>Display</b></td><td><b>Definition</b></td></tr><tr><td><a href=\"CodeSystem-C4BBIdentifierType.html#C4BBIdentifierType-npi\">npi</a></td><td>National Provider Identifier</td><td>National Provider Identifier</td></tr><tr><td><a href=\"CodeSystem-C4BBIdentifierType.html#C4BBIdentifierType-payerid\">payerid</a></td><td>Payer ID</td><td>Payer ID</td></tr><tr><td><a href=\"CodeSystem-C4BBIdentifierType.html#C4BBIdentifierType-naiccode\">naiccode</a></td><td>NAIC Code</td><td>NAIC Code</td></tr></table></li><li>Include all codes defined in <a href=\"https://terminology.hl7.org/1.0.0//CodeSystem-v2-0203.html\"><code>http://terminology.hl7.org/CodeSystem/v2-0203</code></a></li></ul></div>"},"url":"http://hl7.org/fhir/us/carin-bb/ValueSet/C4BBOrganizationIdentifierType","version":"0.1.4","name":"C4BBOrganizationIdentifierType","title":"C4BB Organization Identifier Type","status":"active","date":"2020-10-06T18:29:44+00:00","publisher":"HL7 Financial Management Working Group","contact":[{"name":"HL7 Financial Management Working Group","telecom":[{"system":"url","value":"http://www.hl7.org/Special/committees/fm/index.cfm"},{"system":"email","value":"fm@lists.HL7.org"}]}],"description":"Identifies the type of identifiers for organizations","jurisdiction":[{"coding":[{"system":"urn:iso:std:iso:3166","code":"US"}]}],"copyright":"This Valueset is not copyrighted.","compose":{"include":[{"system":"http://hl7.org/fhir/us/carin-bb/CodeSystem/C4BBIdentifierType","concept":[{"code":"npi"},{"code":"payerid"},{"code":"naiccode"}]},{"system":"http://terminology.hl7.org/CodeSystem/v2-0203"}]}}