{"resourceType":"ValueSet","id":"FDANDCNCPDPCompoundCode","text":{"status":"generated","div":"<div xmlns=\"http://www.w3.org/1999/xhtml\"><p>This value set includes codes based on the following rules:</p><ul><li>Include all codes defined in <a href=\"https://terminology.hl7.org/1.0.0//CodeSystem-v3-ndc.html\"><code>http://hl7.org/fhir/sid/ndc</code></a></li><li>Include all codes defined in <a href=\"CodeSystem-NCPDPCompoundCodeCS.html\"><code>http://www.ncpdp.org/compound-code</code></a></li></ul></div>"},"url":"http://hl7.org/fhir/us/carin-bb/ValueSet/FDANDCNCPDPCompoundCode","version":"0.4.1","name":"FDANDCNCPDPCompoundCode","title":"FDA NDC NCPDP Compound Code","status":"active","date":"2020-08-27T22:52:20+00:00","publisher":"HL7 Financial Management Working Group","contact":[{"name":"HL7 Financial Management Working Group","telecom":[{"system":"url","value":"http://www.hl7.org/Special/committees/fm/index.cfm"},{"system":"email","value":"fm@lists.HL7.org"}]}],"description":"NCPDP field # 407-D7 (National Drug Code (NDC)) or NCPDP field # 406-D6 (Compound Code)","jurisdiction":[{"coding":[{"system":"urn:iso:std:iso:3166","code":"US"}]}],"compose":{"include":[{"system":"http://hl7.org/fhir/sid/ndc"},{"system":"http://www.ncpdp.org/compound-code"}]}}