{"resourceType":"ValueSet","id":"FDANDCOrCompound","text":{"status":"generated","div":"<div xmlns=\"http://www.w3.org/1999/xhtml\"><p>This value set includes codes based on the following rules:</p><ul><li>Include all codes defined in <a href=\"https://terminology.hl7.org/1.0.0//CodeSystem-v3-ndc.html\"><code>http://hl7.org/fhir/sid/ndc</code></a></li><li>Include these codes as defined in <a href=\"CodeSystem-C4BBBCompoundLiteralCS.html\"><code>http://hl7.org/fhir/us/carin-bb/CodeSystem/C4BBBCompoundLiteralCS</code></a><table class=\"none\"><tr><td style=\"white-space:nowrap\"><b>Code</b></td><td><b>Display</b></td></tr><tr><td><a href=\"CodeSystem-C4BBBCompoundLiteralCS.html#C4BBBCompoundLiteralCS-compound\">compound</a></td><td>compound</td><td>Compound</td></tr></table></li></ul></div>"},"url":"http://hl7.org/fhir/us/carin-bb/ValueSet/FDANDCOrCompound","version":"0.4.2","name":"FDANDCOrCompound","title":"FDA NDC or Compound ","status":"active","date":"2020-08-31T22:37:38+00:00","publisher":"HL7 Financial Management Working Group","contact":[{"name":"HL7 Financial Management Working Group","telecom":[{"system":"url","value":"http://www.hl7.org/Special/committees/fm/index.cfm"},{"system":"email","value":"fm@lists.HL7.org"}]}],"description":"National Drug Code (NDC).  The US Federal Drug Administration (FDA) Data Standards Council assigns the first 5 digits of the 11 digit code.  NCPDP field # 407-D7.  \nValues will be the NDC Codes when the Compound Code value is 0 or 1.  When the Compound Code value = 2, the value will be the literal, ‘compound’","jurisdiction":[{"coding":[{"system":"urn:iso:std:iso:3166","code":"US"}]}],"compose":{"include":[{"system":"http://hl7.org/fhir/sid/ndc"},{"system":"http://hl7.org/fhir/us/carin-bb/CodeSystem/C4BBBCompoundLiteralCS","concept":[{"code":"compound"}]}]}}