{"resourceType":"ValueSet","id":"X12CARCCMSRARC","text":{"status":"generated","div":"<div xmlns=\"http://www.w3.org/1999/xhtml\"><p>This value set includes codes based on the following rules:</p><ul><li>Include all codes defined in <a href=\"CodeSystem-X12CARCCS.html\"><code>http://www.x12.org/codes/claim-adjustment-reason-codes</code></a></li><li>Include all codes defined in <a href=\"CodeSystem-CMSRARCCS.html\"><code>http://www.wpc-edi.com/remittance-advice-remark</code></a></li></ul></div>"},"url":"http://hl7.org/fhir/us/carin-bb/ValueSet/X12CARCCMSRARC","version":"0.4.1","name":"X12CARCCMSRARC","title":" X12 Claim Adjustment Reason Codes (CARC) and CMS Remittance Advice Remark Codes (RARC)","status":"active","date":"2020-08-27T18:55:19+00:00","publisher":"HL7 Financial Management Working Group","contact":[{"name":"HL7 Financial Management Working Group","telecom":[{"system":"url","value":"http://www.hl7.org/Special/committees/fm/index.cfm"},{"system":"email","value":"fm@lists.HL7.org"}]}],"description":"Reason codes used to interpret the adjudication denial reason.  RARC codes are available at http://www.wpc-edi.com/reference/codelists/healthcare/remittance-advice-remark-codes.","jurisdiction":[{"coding":[{"system":"urn:iso:std:iso:3166","code":"US"}]}],"copyright":"CARC codes are owned, maintained and distributed by X12. Use of X12 codes require licenses. RARC codes are owned by CMS and are available for use.","compose":{"include":[{"system":"http://www.x12.org/codes/claim-adjustment-reason-codes"},{"system":"http://www.wpc-edi.com/remittance-advice-remark"}]}}