{"resourceType":"ValueSet","id":"ICD10CMVS","text":{"status":"generated","div":"<div xmlns=\"http://www.w3.org/1999/xhtml\"><ul><li>Include all codes defined in <code>http://hl7.org/fhir/sid/icd-10-cm</code></li></ul></div>"},"url":"http://hl7.org/fhir/us/carin-bb/ValueSet/ICD10CMVS","version":"0.1.0","name":"ICD10CMVS","title":"ICD-10-CM Diagnosis Codes","status":"active","date":"2020-07-11T23:00:09+00:00","publisher":"HL7 Financial Management Working Group","contact":[{"name":"HL7 Financial Management Working Group","telecom":[{"system":"url","value":"http://www.hl7.org/Special/committees/fm/index.cfm"},{"system":"email","value":"fm@lists.HL7.org"}]}],"description":"ICD-10-CM Diagnosis Codes.  ***We need ALL Codes, inactive and inactive.   Current binding is to active codes only***","compose":{"include":[{"system":"http://hl7.org/fhir/sid/icd-10-cm"}]}}