{"resourceType":"ValueSet","id":"ClaimInformationCategoryVS","text":{"status":"generated","div":"<div xmlns=\"http://www.w3.org/1999/xhtml\"><ul><li>Include all codes defined in <a href=\"CodeSystem-ClaimInformationCategoryCS.html\"><code>http://hl7.org/fhir/us/carin-bb/CodeSystem/ClaimInformationCategoryCS</code></a></li></ul></div>"},"url":"http://hl7.org/fhir/us/carin-bb/ValueSet/ClaimInformationCategoryVS","version":"0.1.0","name":"ClaimInformationCategoryVS","title":"Claim Information Category","status":"active","date":"2020-07-13T18:52:07+00:00","publisher":"HL7 Financial Management Working Group","contact":[{"name":"HL7 Financial Management Working Group","telecom":[{"system":"url","value":"http://www.hl7.org/Special/committees/fm/index.cfm"},{"system":"email","value":"fm@lists.HL7.org"}]}],"description":"Claim Information Category - Used as the discriminator for supportingInfo","compose":{"include":[{"system":"http://hl7.org/fhir/us/carin-bb/CodeSystem/ClaimInformationCategoryCS"}]}}