{"resourceType":"ValueSet","id":"PayerOutpatientfacilitydiagnosistype","text":{"status":"generated","div":"<div xmlns=\"http://www.w3.org/1999/xhtml\"><ul><li>Include all codes defined in <a href=\"CodeSystem-PayerDiagnosisTypeCS.html\"><code>http://hl7.org/fhir/us/carin-bb/CodeSystem/PayerDiagnosisTypeCS</code></a></li></ul></div>"},"url":"http://hl7.org/fhir/us/carin-bb/ValueSet/PayerOutpatientfacilitydiagnosistype","version":"0.1.0","name":"PayerOutpatientfacilitydiagnosistype","title":"Diagnosis Type -- Outpatient Facility","status":"active","date":"2020-07-06T19:20:26+00:00","publisher":"HL7 Financial Management Working Group","contact":[{"name":"HL7 Financial Management Working Group","telecom":[{"system":"url","value":"http://www.hl7.org/Special/committees/fm/index.cfm"},{"system":"email","value":"fm@lists.HL7.org"}]}],"description":"Payer Outpatient Facility Diagnosis Type","compose":{"include":[{"system":"http://hl7.org/fhir/us/carin-bb/CodeSystem/PayerDiagnosisTypeCS"}]}}