{"resourceType":"ValueSet","id":"C4BBClaimOutpatientInstitutionalDiagnosisType","text":{"status":"extensions","div":"<div xmlns=\"http://www.w3.org/1999/xhtml\"><p>This value set includes codes based on the following rules:</p><ul><li>Include these codes as defined in <a href=\"https://terminology.hl7.org/1.0.0//CodeSystem-ex-diagnosistype.html\"><code>http://terminology.hl7.org/CodeSystem/ex-diagnosistype</code></a><table class=\"none\"><tr><td style=\"white-space:nowrap\"><b>Code</b></td><td><b>Display</b></td><td><b>Definition</b></td></tr><tr><td><a href=\"https://terminology.hl7.org/1.0.0//CodeSystem-ex-diagnosistype.html#ex-diagnosistype-principal\">principal</a></td><td>Principal Diagnosis</td><td>The single medical diagnosis that is most relevant to the patient's chief complaint or need for treatment.</td></tr></table></li><li>Include these codes as defined in <a href=\"CodeSystem-C4BBClaimDiagnosisType.html\"><code>http://hl7.org/fhir/us/carin-bb/CodeSystem/C4BBClaimDiagnosisType</code></a><table class=\"none\"><tr><td style=\"white-space:nowrap\"><b>Code</b></td><td><b>Display</b></td><td><b>Definition</b></td></tr><tr><td><a href=\"CodeSystem-C4BBClaimDiagnosisType.html#C4BBClaimDiagnosisType-other\">other</a></td><td>Other</td><td>Required when other conditions coexist or develop subsequently during the treatment</td></tr><tr><td><a href=\"CodeSystem-C4BBClaimDiagnosisType.html#C4BBClaimDiagnosisType-externalcauseofinjury\">externalcauseofinjury</a></td><td>External Cause of Injury</td><td>Required when an external cause of injury is needed to describe the injury</td></tr><tr><td><a href=\"CodeSystem-C4BBClaimDiagnosisType.html#C4BBClaimDiagnosisType-patientreasonforvisit\">patientreasonforvisit</a></td><td>Patient Reason for Visit</td><td>Identifies the patient's reason for the outpatient institutional visit</td></tr></table></li></ul></div>"},"url":"http://hl7.org/fhir/us/carin-bb/ValueSet/C4BBClaimOutpatientInstitutionalDiagnosisType","version":"0.1.4","name":"C4BBClaimOutpatientInstitutionalDiagnosisType","title":"C4BB Claim Outpatient Institutional Diagnosis Type","status":"active","date":"2020-10-06T16:36:15+00:00","publisher":"HL7 Financial Management Working Group","contact":[{"name":"HL7 Financial Management Working Group","telecom":[{"system":"url","value":"http://www.hl7.org/Special/committees/fm/index.cfm"},{"system":"email","value":"fm@lists.HL7.org"}]}],"description":"Indicates if the outpatient institutional diagnosis is principal, other, an external cause of injury or a patient reason for visit.","jurisdiction":[{"coding":[{"system":"urn:iso:std:iso:3166","code":"US"}]}],"copyright":"This Valueset is not copyrighted.","compose":{"include":[{"system":"http://terminology.hl7.org/CodeSystem/ex-diagnosistype","concept":[{"code":"principal"}]},{"system":"http://hl7.org/fhir/us/carin-bb/CodeSystem/C4BBClaimDiagnosisType","concept":[{"code":"other"},{"code":"externalcauseofinjury"},{"code":"patientreasonforvisit"}]}]}}