{
  "resourceType": "CapabilityStatement",
  "id": "carin-bb",
  "text": {
    "status": "generated",
    "div": "<div xmlns=\"http://www.w3.org/1999/xhtml\"><h2 id=\"title\">Carin Bb CapabilityStatement</h2><ul><li>Implementation Guide Version: 1.0.0</li><li>FHIR Version: 4.0.1</li><li>Supported formats: xml, json</li><li>Published: 2020-07-30</li><li>Published by: HL7 Financial Management Working Group (FM WG)</li></ul><p><p>This Section describes the expected capabilities of the Carin-bb Server actor which is responsible for providing responses to the queries submitted by the Carin-bb Requestors.</p></p><h3 id=\"behavior\">FHIR RESTful Capabilities</h3><p>The Carin-bb  Server <strong>SHALL</strong>:</p><ol><li>Support all profiles defined in this Implementation Guide..</li><li>Implement the RESTful behavior according to the FHIR specification.</li><li>Return the following response classes:\n<ul><li>(Status 400): invalid parameter</li><li>(Status 401/4xx): unauthorized request</li><li>(Status 403): insufficient scope</li><li>(Status 404): unknown resource</li><li>(Status 410): deleted resource.</li></ul>\n</li><li>Support json source formats for all Plan-Net interactions.</li><li>Identify the Plan-Net  profiles supported as part of the FHIR <code>meta.profile</code> attribute for each instance.</li></ol><p>The Plan-Net  Server <strong>SHOULD</strong>:</p><ol><li>Support xml source formats for all Plan-Net  interactions.</li></ol><p id=\"security\"><strong>Security:</strong></p><ol><li>See the <a href=\"security.html\">General Security Considerations</a> section for requirements and recommendations.</li><li>A server <strong>SHALL</strong> reject any unauthorized requests by returning an <code>HTTP 401</code> unauthorized response code.</li></ol><p><strong>Summary of System Wide Interactions</strong></p><li><strong/> support the\t<code>transaction</code> interaction.</li><li><strong/> support the\t<code>batch</code> interaction.</li><li><strong/> support the\t<code>search-system</code> interaction.</li><li><strong/> support the\t<code>history-system</code> interaction.</li><h3 id=\"resource--details\" class=\"no_toc\">RESTful Capabilities by Resource/Profile:</h3><p><strong>Summary of Search Criteria</strong></p><table class=\"grid\"><thead><tr><th>Resource Type</th><th>Supported Profiles</th><th>Supported Searches</th><th>Supported <code>_includes</code></th><th>Supported <code>_revincludes</code></th><th>Supported Operations</th></tr></thead><tbody><tr><td><a href=\"#coverage\">Coverage</a></td><td><a href=\"StructureDefinition-CARIN-BB-Coverage.html\">CARIN-BB-Coverage</a></td><td>\n\t\t\t\t\t\t\t\n\t\t\t\t\t\t</td><td>\n\t\t\t\t\t\t\t\n\t\t\t\t\t\t</td><td>\n              \n            </td><td>\n\t\t\t\t\t\t\t\n\t\t\t\t\t\t</td></tr><tr><td><a href=\"#explanationofbenefit\">ExplanationOfBenefit</a></td><td><a href=\"StructureDefinition-CARIN-BB-ExplanationOfBenefit-Inpatient-Facility.html\">CARIN-BB-ExplanationOfBenefit-Inpatient-Facility</a>, \n\n\t\t\t\t\t\t<a href=\"http://hl7.org/fhir/us/carin-bb/StructureDefinition/CARIN-BB-ExplanationOfBenefit-outpatient-Facility\">CARIN-BB-ExplanationOfBenefit-Outpatient-Facility</a>, \n\n\t\t\t\t\t\t<a href=\"StructureDefinition-CARIN-BB-ExplanationOfBenefit-Pharmacy.html\">CARIN-BB-ExplanationOfBenefit-Pharmacy</a>, \n\n\t\t\t\t\t\t<a href=\"StructureDefinition-CARIN-BB-ExplanationOfBenefit-Professional-NonClinician.html\">CARIN-BB-ExplanationOfBenefit-Professional-NonClinician</a></td><td>\n\t\t\t\t\t\t\t\n\t\t\t\t\t\t\t_id, patient, _lastUpdated, type, identifier, service-date\n\t\t\t\t\t\t\t\n\t\t\t\t\t\t\t\n\t\t\t\t\t\t\t\n\t\t\t\t\t\t</td><td>\n\t\t\t\t\t\t\tExplanationOfBenefit:provider, ExplanationOfBenefit:care-team, ExplanationOfBenefit:coverage, ExplanationOfBenefit:location, ExplanationOfBenefit:insurer\n\t\t\t\t\t\t</td><td>\n              \n            </td><td>\n\t\t\t\t\t\t\t\n\t\t\t\t\t\t</td></tr><tr><td><a href=\"#organization\">Organization</a></td><td><a href=\"StructureDefinition-CARIN-BB-Organization.html\">CARIN-BB-Organization</a></td><td>\n\t\t\t\t\t\t\t\n\t\t\t\t\t\t</td><td>\n\t\t\t\t\t\t\t\n\t\t\t\t\t\t</td><td>\n              \n            </td><td>\n\t\t\t\t\t\t\t\n\t\t\t\t\t\t</td></tr><tr><td><a href=\"#patient\">Patient</a></td><td><a href=\"StructureDefinition-CARIN-BB-Patient.html\">CARIN-BB-Patient</a></td><td>\n\t\t\t\t\t\t\t\n\t\t\t\t\t\t</td><td>\n\t\t\t\t\t\t\t\n\t\t\t\t\t\t</td><td>\n              \n            </td><td>\n\t\t\t\t\t\t\t\n\t\t\t\t\t\t</td></tr><tr><td><a href=\"#practitioner\">Practitioner</a></td><td><a href=\"StructureDefinition-CARIN-BB-Practitioner.html\">CARIN-BB-Practitioner</a></td><td>\n\t\t\t\t\t\t\t\n\t\t\t\t\t\t</td><td>\n\t\t\t\t\t\t\t\n\t\t\t\t\t\t</td><td>\n              \n            </td><td>\n\t\t\t\t\t\t\t\n\t\t\t\t\t\t</td></tr><tr><td><a href=\"#practitionerrole\">PractitionerRole</a></td><td><a href=\"StructureDefinition-CARIN-BB-PractitionerRole.html\">CARIN-BB-PractitionerRole</a></td><td>\n\t\t\t\t\t\t\t\n\t\t\t\t\t\t</td><td>\n\t\t\t\t\t\t\t\n\t\t\t\t\t\t</td><td>\n              \n            </td><td>\n\t\t\t\t\t\t\t\n\t\t\t\t\t\t</td></tr></tbody></table><br/><h4 id=\"coverage\" class=\"no_toc\">Coverage</h4><p>Conformance Expectation:\t<strong>SHALL</strong></p><p>Supported Profiles:\n\t\t\t\t\n\t\t\t\t\t\t\t\t\t\t\t<a href=\"StructureDefinition-CARIN-BB-Coverage.html\">CARIN-BB-Coverage</a>\n\t\t\t\t\n\t\t\t\t</p><p>Resource Specific Documentation:</p><blockquote><p>Coverage MarkDown Documentation is here</p></blockquote><p>Reference Policy: <code>resolves</code></p><p>Profile Interaction Summary:</p><ul><li><strong>SHALL</strong> support \n\t\t\t\t\t\t\t\t\t\t\t\t\t\t\t\t\t\t\t\t\t\t\t<code>search-type</code>, \n\t\t\t\t\t\t\t\t\t\t\t\t\t\t\t\t\t\t\t\t\t\t\t<code>read</code>.</li></ul><p>Fetch and Search Criteria:</p><ul><li>\n\t\t\t\t\tA Server <strong>SHALL</strong> be capable of returning a Coverage resource using:\n\t\t\t\t\t<br/>\n\t\t\t\t\t\t<code class=\"highlighter-rouge\">GET [base]/Coverage/[id]</code>\n\t\t\t\t</li><br/>  <!-- Only SHOULDs for include for now the capability statement does not create the primitive extensios for this yet -->  <!-- Only SHALLs for revinclude for now the capability statement does not create the primitive extensios for this yet --></ul><hr/><h4 id=\"explanationofbenefit\" class=\"no_toc\">ExplanationOfBenefit</h4><p>Conformance Expectation:\t<strong>SHALL</strong></p><p>Supported Profiles:\n\t\t\t\t\n\t\t\t\t\t\t\t\t\t\t\t<a href=\"StructureDefinition-CARIN-BB-ExplanationOfBenefit-Inpatient-Facility.html\">CARIN-BB-ExplanationOfBenefit-Inpatient-Facility</a>, \n\t\t\t\t\n\t\t\t\t\t\t\t\t\t\t\t<a href=\"http://hl7.org/fhir/us/carin-bb/StructureDefinition/CARIN-BB-ExplanationOfBenefit-outpatient-Facility\">CARIN-BB-ExplanationOfBenefit-Outpatient-Facility</a>, \n\t\t\t\t\n\t\t\t\t\t\t\t\t\t\t\t<a href=\"StructureDefinition-CARIN-BB-ExplanationOfBenefit-Pharmacy.html\">CARIN-BB-ExplanationOfBenefit-Pharmacy</a>, \n\t\t\t\t\n\t\t\t\t\t\t\t\t\t\t\t<a href=\"StructureDefinition-CARIN-BB-ExplanationOfBenefit-Professional-NonClinician.html\">CARIN-BB-ExplanationOfBenefit-Professional-NonClinician</a>\n\t\t\t\t\n\t\t\t\t</p><p>Resource Specific Documentation:</p><blockquote><p>ExplanationOfBeneffit MarkDown Documentation is here</p></blockquote><p>Reference Policy: <code>resolves</code></p><p>Profile Interaction Summary:</p><ul><li><strong>SHALL</strong> support \n\t\t\t\t\t\t\t\t\t\t\t\t\t\t\t\t\t\t\t\t\t\t\t<code>search-type</code>, \n\t\t\t\t\t\t\t\t\t\t\t\t\t\t\t\t\t\t\t\t\t\t\t<code>read</code>.</li></ul><p>Fetch and Search Criteria:</p><ul><li>\n\t\t\t\t\tA Server <strong>SHALL</strong> be capable of returning a ExplanationOfBenefit resource using:\n\t\t\t\t\t<br/>\n\t\t\t\t\t\t<code class=\"highlighter-rouge\">GET [base]/ExplanationOfBenefit/[id]</code>\n\t\t\t\t</li><br/>  <!-- Only SHOULDs for include for now the capability statement does not create the primitive extensios for this yet --><li>\n\t\t\t\t\tA Server <strong>SHOULD</strong> be capable of supporting the following _includes:\n\t\t\t\t\t<br/>\n\t\t\t\t\t\n\t\t\t\t\t\tExplanationOfBenefit:provider - <code class=\"highlighter-rouge\">GET [base]/ExplanationOfBenefit?[parameter=value]&amp;_include=ExplanationOfBenefit:provider</code><br/>\n\t\t\t\t\t\n\t\t\t\t\t\tExplanationOfBenefit:care-team - <code class=\"highlighter-rouge\">GET [base]/ExplanationOfBenefit?[parameter=value]&amp;_include=ExplanationOfBenefit:care-team</code><br/>\n\t\t\t\t\t\n\t\t\t\t\t\tExplanationOfBenefit:coverage - <code class=\"highlighter-rouge\">GET [base]/ExplanationOfBenefit?[parameter=value]&amp;_include=ExplanationOfBenefit:coverage</code><br/>\n\t\t\t\t\t\n\t\t\t\t\t\tExplanationOfBenefit:location - <code class=\"highlighter-rouge\">GET [base]/ExplanationOfBenefit?[parameter=value]&amp;_include=ExplanationOfBenefit:location</code><br/>\n\t\t\t\t\t\n\t\t\t\t\t\tExplanationOfBenefit:insurer - <code class=\"highlighter-rouge\">GET [base]/ExplanationOfBenefit?[parameter=value]&amp;_include=ExplanationOfBenefit:insurer</code><br/>\n\t\t\t\t\t\n\t\t\t\t</li><br/>  <!-- Only SHALLs for revinclude for now the capability statement does not create the primitive extensios for this yet --></ul><p>Search Parameter Summary:</p><table class=\"grid\"><thead><tr><th>Conformance</th><th>Parameter</th><th>Type</th><th>Example</th></tr></thead><tbody><tr><td><strong>SHALL</strong></td><td><a href=\"null\">_id</a></td><td>\n\t\t\t\t\t\t\ttoken\n\t\t\t\t\t\t</td><td><code class=\"highlighter-rouge\">GET [base]/ExplanationOfBenefit?_id=[id]</code></td></tr><tr><td><strong>SHALL</strong></td><td><a href=\"SearchParameter-explanationofbenefit-patient.html\">patient</a></td><td>\n\t\t\t\t\t\t\treference\n\t\t\t\t\t\t</td><td><code class=\"highlighter-rouge\">GET [base]/ExplanationOfBenefit?patient=[patient]</code></td></tr><tr><td><strong>SHALL</strong></td><td><a href=\"null\">_lastUpdated</a></td><td>\n\t\t\t\t\t\t\tdate\n\t\t\t\t\t\t</td><td><code class=\"highlighter-rouge\">GET [base]/ExplanationOfBenefit?_lastUpdated=[_lastUpdated]</code></td></tr><tr><td><strong>SHALL</strong></td><td><a href=\"SearchParameter-explanationofbenefit-type.html\">type</a></td><td>\n\t\t\t\t\t\t\ttoken\n\t\t\t\t\t\t</td><td><code class=\"highlighter-rouge\">GET [base]/ExplanationOfBenefit?type=[system]|[code]</code></td></tr><tr><td><strong>SHALL</strong></td><td><a href=\"SearchParameter-explanationofbenefit-identifier.html\">identifier</a></td><td>\n\t\t\t\t\t\t\ttoken\n\t\t\t\t\t\t</td><td><code class=\"highlighter-rouge\">GET [base]/ExplanationOfBenefit?identifier=[system]|[code]</code></td></tr><tr><td><strong>SHALL</strong></td><td><a href=\"SearchParameter-explanationofbenefit-service-date.html\">service-date</a></td><td>\n\t\t\t\t\t\t\tdate\n\t\t\t\t\t\t</td><td><code class=\"highlighter-rouge\">GET [base]/ExplanationOfBenefit?service-date=[service-date]</code></td></tr></tbody></table><hr/><h4 id=\"organization\" class=\"no_toc\">Organization</h4><p>Conformance Expectation:\t<strong>SHALL</strong></p><p>Supported Profiles:\n\t\t\t\t\n\t\t\t\t\t\t\t\t\t\t\t<a href=\"StructureDefinition-CARIN-BB-Organization.html\">CARIN-BB-Organization</a>\n\t\t\t\t\n\t\t\t\t</p><p>Resource Specific Documentation:</p><blockquote><p>Organization MarkDown Documentation is here</p></blockquote><p>Reference Policy: <code>resolves</code></p><p>Profile Interaction Summary:</p><ul><li><strong>SHALL</strong> support \n\t\t\t\t\t\t\t\t\t\t\t\t\t\t\t\t\t\t\t\t\t\t\t<code>search-type</code>, \n\t\t\t\t\t\t\t\t\t\t\t\t\t\t\t\t\t\t\t\t\t\t\t<code>read</code>.</li><li><strong>SHOULD</strong> support \n\t\t\t\t\t\t\t\t\t\t\t\t\t\t\t\t\t\t\t\t\t\t\t<code>vread</code>.</li></ul><p>Fetch and Search Criteria:</p><ul><li>\n\t\t\t\t\tA Server <strong>SHALL</strong> be capable of returning a Organization resource using:\n\t\t\t\t\t<br/>\n\t\t\t\t\t\t<code class=\"highlighter-rouge\">GET [base]/Organization/[id]</code>\n\t\t\t\t</li><br/>  <!-- Only SHOULDs for include for now the capability statement does not create the primitive extensios for this yet -->  <!-- Only SHALLs for revinclude for now the capability statement does not create the primitive extensios for this yet --></ul><hr/><h4 id=\"patient\" class=\"no_toc\">Patient</h4><p>Conformance Expectation:\t<strong>SHALL</strong></p><p>Supported Profiles:\n\t\t\t\t\n\t\t\t\t\t\t\t\t\t\t\t<a href=\"StructureDefinition-CARIN-BB-Patient.html\">CARIN-BB-Patient</a>\n\t\t\t\t\n\t\t\t\t</p><p>Resource Specific Documentation:</p><blockquote><p>Patient MarkDown Documentation is here</p></blockquote><p>Reference Policy: <code>resolves</code></p><p>Profile Interaction Summary:</p><ul><li><strong>SHALL</strong> support \n\t\t\t\t\t\t\t\t\t\t\t\t\t\t\t\t\t\t\t\t\t\t\t<code>search-type</code>, \n\t\t\t\t\t\t\t\t\t\t\t\t\t\t\t\t\t\t\t\t\t\t\t<code>read</code>.</li><li><strong>SHOULD</strong> support \n\t\t\t\t\t\t\t\t\t\t\t\t\t\t\t\t\t\t\t\t\t\t\t<code>vread</code>.</li></ul><p>Fetch and Search Criteria:</p><ul><li>\n\t\t\t\t\tA Server <strong>SHALL</strong> be capable of returning a Patient resource using:\n\t\t\t\t\t<br/>\n\t\t\t\t\t\t<code class=\"highlighter-rouge\">GET [base]/Patient/[id]</code>\n\t\t\t\t</li><br/>  <!-- Only SHOULDs for include for now the capability statement does not create the primitive extensios for this yet -->  <!-- Only SHALLs for revinclude for now the capability statement does not create the primitive extensios for this yet --></ul><hr/><h4 id=\"practitioner\" class=\"no_toc\">Practitioner</h4><p>Conformance Expectation:\t<strong>SHALL</strong></p><p>Supported Profiles:\n\t\t\t\t\n\t\t\t\t\t\t\t\t\t\t\t<a href=\"StructureDefinition-CARIN-BB-Practitioner.html\">CARIN-BB-Practitioner</a>\n\t\t\t\t\n\t\t\t\t</p><p>Resource Specific Documentation:</p><blockquote><p>Practitioner MarkDown Documentation is here</p></blockquote><p>Reference Policy: <code>resolves</code></p><p>Profile Interaction Summary:</p><ul><li><strong>SHALL</strong> support \n\t\t\t\t\t\t\t\t\t\t\t\t\t\t\t\t\t\t\t\t\t\t\t<code>search-type</code>, \n\t\t\t\t\t\t\t\t\t\t\t\t\t\t\t\t\t\t\t\t\t\t\t<code>read</code>.</li><li><strong>SHOULD</strong> support \n\t\t\t\t\t\t\t\t\t\t\t\t\t\t\t\t\t\t\t\t\t\t\t<code>vread</code>.</li></ul><p>Fetch and Search Criteria:</p><ul><li>\n\t\t\t\t\tA Server <strong>SHALL</strong> be capable of returning a Practitioner resource using:\n\t\t\t\t\t<br/>\n\t\t\t\t\t\t<code class=\"highlighter-rouge\">GET [base]/Practitioner/[id]</code>\n\t\t\t\t</li><br/>  <!-- Only SHOULDs for include for now the capability statement does not create the primitive extensios for this yet -->  <!-- Only SHALLs for revinclude for now the capability statement does not create the primitive extensios for this yet --></ul><hr/><h4 id=\"practitionerrole\" class=\"no_toc\">PractitionerRole</h4><p>Conformance Expectation:\t<strong>SHALL</strong></p><p>Supported Profiles:\n\t\t\t\t\n\t\t\t\t\t\t\t\t\t\t\t<a href=\"StructureDefinition-CARIN-BB-PractitionerRole.html\">CARIN-BB-PractitionerRole</a>\n\t\t\t\t\n\t\t\t\t</p><p>Resource Specific Documentation:</p><blockquote><p>PractitionerRole MarkDown Documentation is here</p></blockquote><p>Reference Policy: <code>resolves</code></p><p>Profile Interaction Summary:</p><ul><li><strong>SHALL</strong> support \n\t\t\t\t\t\t\t\t\t\t\t\t\t\t\t\t\t\t\t\t\t\t\t<code>search-type</code>, \n\t\t\t\t\t\t\t\t\t\t\t\t\t\t\t\t\t\t\t\t\t\t\t<code>read</code>.</li><li><strong>SHOULD</strong> support \n\t\t\t\t\t\t\t\t\t\t\t\t\t\t\t\t\t\t\t\t\t\t\t<code>vread</code>.</li></ul><p>Fetch and Search Criteria:</p><ul><li>\n\t\t\t\t\tA Server <strong>SHALL</strong> be capable of returning a PractitionerRole resource using:\n\t\t\t\t\t<br/>\n\t\t\t\t\t\t<code class=\"highlighter-rouge\">GET [base]/PractitionerRole/[id]</code>\n\t\t\t\t</li><br/>  <!-- Only SHOULDs for include for now the capability statement does not create the primitive extensios for this yet -->  <!-- Only SHALLs for revinclude for now the capability statement does not create the primitive extensios for this yet --></ul><hr/><br/></div>"
  },
  "url": "http://hl7.org/fhir/us/carin-bb/CapabilityStatement/carin-bb",
  "version": "0.3.2",
  "name": "CarinBbCapabilityStatement",
  "title": "Carin Bb CapabilityStatement",
  "status": "active",
  "experimental": false,
  "date": "2020-07-30",
  "publisher": "HL7 Financial Management Working Group",
  "contact": [
    {
      "name": "HL7 Financial Management Working Group",
      "telecom": [
        {
          "system": "url",
          "value": "http://www.hl7.org/Special/committees/fm/index.cfm"
        },
        {
          "system": "email",
          "value": "fm@lists.HL7.org"
        }
      ]
    }
  ],
  "description": "This Section describes the expected capabilities of the Carin-bb Server actor which is responsible for providing responses to the queries submitted by the Carin-bb Requestors. ",
  "jurisdiction": [
    {
      "coding": [
        {
          "system": "urn:iso:std:iso:3166",
          "code": "US"
        }
      ]
    }
  ],
  "kind": "requirements",
  "fhirVersion": "4.0.1",
  "format": [
    "xml",
    "json"
  ],
  "patchFormat": [
    "application/json-patch+json"
  ],
  "implementationGuide": [
    "http://hl7.org/fhir/us/carin-bb/ImplementationGuide/hl7.fhir.us.davinci-pdex-plan-net"
  ],
  "rest": [
    {
      "mode": "server",
      "documentation": "The Carin-bb  Server **SHALL**:\n\n1. Support all profiles defined in this Implementation Guide..\n1.  Implement the RESTful behavior according to the FHIR specification.\n1. Return the following response classes:\n   - (Status 400): invalid parameter\n   - (Status 401/4xx): unauthorized request\n   - (Status 403): insufficient scope\n   - (Status 404): unknown resource\n   - (Status 410): deleted resource.\n1. Support json source formats for all Plan-Net interactions.\n1. Identify the Plan-Net  profiles supported as part of the FHIR `meta.profile` attribute for each instance.\n\nThe Plan-Net  Server **SHOULD**:\n\n1. Support xml source formats for all Plan-Net  interactions.\n",
      "security": {
        "description": "1. See the [General Security Considerations](security.html) section for requirements and recommendations.\n1. A server **SHALL** reject any unauthorized requests by returning an `HTTP 401` unauthorized response code."
      },
      "resource": [
        {
          "extension": [
            {
              "url": "http://hl7.org/fhir/StructureDefinition/capabilitystatement-expectation",
              "valueCode": "SHALL"
            }
          ],
          "type": "Coverage",
          "supportedProfile": [
            "http://hl7.org/fhir/us/carin-bb/StructureDefinition/CARIN-BB-Coverage"
          ],
          "documentation": "Coverage MarkDown Documentation is here",
          "interaction": [
            {
              "extension": [
                {
                  "url": "http://hl7.org/fhir/StructureDefinition/capabilitystatement-expectation",
                  "valueCode": "SHALL"
                }
              ],
              "code": "search-type"
            },
            {
              "extension": [
                {
                  "url": "http://hl7.org/fhir/StructureDefinition/capabilitystatement-expectation",
                  "valueCode": "SHALL"
                }
              ],
              "code": "read"
            }
          ],
          "referencePolicy": [
            "resolves"
          ]
        },
        {
          "extension": [
            {
              "url": "http://hl7.org/fhir/StructureDefinition/capabilitystatement-expectation",
              "valueCode": "SHALL"
            }
          ],
          "type": "ExplanationOfBenefit",
          "supportedProfile": [
            "http://hl7.org/fhir/us/carin-bb/StructureDefinition/CARIN-BB-ExplanationOfBenefit-Inpatient-Facility",
            "http://hl7.org/fhir/us/carin-bb/StructureDefinition/CARIN-BB-ExplanationOfBenefit-outpatient-Facility",
            "http://hl7.org/fhir/us/carin-bb/StructureDefinition/CARIN-BB-ExplanationOfBenefit-Pharmacy",
            "http://hl7.org/fhir/us/carin-bb/StructureDefinition/CARIN-BB-ExplanationOfBenefit-Professional-NonClinician"
          ],
          "documentation": "ExplanationOfBeneffit MarkDown Documentation is here",
          "interaction": [
            {
              "extension": [
                {
                  "url": "http://hl7.org/fhir/StructureDefinition/capabilitystatement-expectation",
                  "valueCode": "SHALL"
                }
              ],
              "code": "search-type"
            },
            {
              "extension": [
                {
                  "url": "http://hl7.org/fhir/StructureDefinition/capabilitystatement-expectation",
                  "valueCode": "SHALL"
                }
              ],
              "code": "read"
            }
          ],
          "referencePolicy": [
            "resolves"
          ],
          "searchInclude": [
            "ExplanationOfBenefit:provider",
            "ExplanationOfBenefit:care-team",
            "ExplanationOfBenefit:coverage",
            "ExplanationOfBenefit:location",
            "ExplanationOfBenefit:insurer"
          ],
          "searchParam": [
            {
              "extension": [
                {
                  "url": "http://hl7.org/fhir/StructureDefinition/capabilitystatement-expectation",
                  "valueCode": "SHALL"
                }
              ],
              "name": "_id",
              "definition": "http://hl7.org/fhir/us/carin-bb/SearchParameter/explanationofbenefit-id",
              "type": "token"
            },
            {
              "extension": [
                {
                  "url": "http://hl7.org/fhir/StructureDefinition/capabilitystatement-expectation",
                  "valueCode": "SHALL"
                }
              ],
              "name": "patient",
              "definition": "http://hl7.org/fhir/us/carin-bb/SearchParameter/explanationofbenefit-patient",
              "type": "reference"
            },
            {
              "extension": [
                {
                  "url": "http://hl7.org/fhir/StructureDefinition/capabilitystatement-expectation",
                  "valueCode": "SHALL"
                }
              ],
              "name": "_lastUpdated",
              "definition": "http://hl7.org/fhir/us/carin-bb/SearchParameter/explanationofbenefit-lastUpdated",
              "type": "date"
            },
            {
              "extension": [
                {
                  "url": "http://hl7.org/fhir/StructureDefinition/capabilitystatement-expectation",
                  "valueCode": "SHALL"
                }
              ],
              "name": "type",
              "definition": "http://hl7.org/fhir/us/carin-bb/SearchParameter/explanationofbenefit-type",
              "type": "token"
            },
            {
              "extension": [
                {
                  "url": "http://hl7.org/fhir/StructureDefinition/capabilitystatement-expectation",
                  "valueCode": "SHALL"
                }
              ],
              "name": "identifier",
              "definition": "http://hl7.org/fhir/us/carin-bb/SearchParameter/explanationofbenefit-identifier",
              "type": "token"
            },
            {
              "extension": [
                {
                  "url": "http://hl7.org/fhir/StructureDefinition/capabilitystatement-expectation",
                  "valueCode": "SHALL"
                }
              ],
              "name": "service-date",
              "definition": "http://hl7.org/fhir/us/carin-bb/SearchParameter/explanationofbenefit-service-date",
              "type": "date"
            }
          ]
        },
        {
          "extension": [
            {
              "url": "http://hl7.org/fhir/StructureDefinition/capabilitystatement-expectation",
              "valueCode": "SHALL"
            }
          ],
          "type": "Organization",
          "supportedProfile": [
            "http://hl7.org/fhir/us/carin-bb/StructureDefinition/CARIN-BB-Organization"
          ],
          "documentation": "Organization MarkDown Documentation is here",
          "interaction": [
            {
              "extension": [
                {
                  "url": "http://hl7.org/fhir/StructureDefinition/capabilitystatement-expectation",
                  "valueCode": "SHALL"
                }
              ],
              "code": "search-type"
            },
            {
              "extension": [
                {
                  "url": "http://hl7.org/fhir/StructureDefinition/capabilitystatement-expectation",
                  "valueCode": "SHALL"
                }
              ],
              "code": "read"
            },
            {
              "extension": [
                {
                  "url": "http://hl7.org/fhir/StructureDefinition/capabilitystatement-expectation",
                  "valueCode": "SHOULD"
                }
              ],
              "code": "vread"
            }
          ],
          "referencePolicy": [
            "resolves"
          ]
        },
        {
          "extension": [
            {
              "url": "http://hl7.org/fhir/StructureDefinition/capabilitystatement-expectation",
              "valueCode": "SHALL"
            },
            {
              "extension": [
                {
                  "url": "http://hl7.org/fhir/StructureDefinition/capabilitystatement-expectation"
                },
                {
                  "url": "required"
                }
              ],
              "url": "http://hl7.org/fhir/StructureDefinition/capabilitystatement-search-parameter-combination"
            }
          ],
          "type": "Patient",
          "supportedProfile": [
            "http://hl7.org/fhir/us/carin-bb/StructureDefinition/CARIN-BB-Patient"
          ],
          "documentation": "Patient MarkDown Documentation is here",
          "interaction": [
            {
              "extension": [
                {
                  "url": "http://hl7.org/fhir/StructureDefinition/capabilitystatement-expectation",
                  "valueCode": "SHALL"
                }
              ],
              "code": "search-type"
            },
            {
              "extension": [
                {
                  "url": "http://hl7.org/fhir/StructureDefinition/capabilitystatement-expectation",
                  "valueCode": "SHALL"
                }
              ],
              "code": "read"
            },
            {
              "extension": [
                {
                  "url": "http://hl7.org/fhir/StructureDefinition/capabilitystatement-expectation",
                  "valueCode": "SHOULD"
                }
              ],
              "code": "vread"
            }
          ],
          "referencePolicy": [
            "resolves"
          ]
        },
        {
          "extension": [
            {
              "url": "http://hl7.org/fhir/StructureDefinition/capabilitystatement-expectation",
              "valueCode": "SHALL"
            }
          ],
          "type": "Practitioner",
          "supportedProfile": [
            "http://hl7.org/fhir/us/carin-bb/StructureDefinition/CARIN-BB-Practitioner"
          ],
          "documentation": "Practitioner MarkDown Documentation is here",
          "interaction": [
            {
              "extension": [
                {
                  "url": "http://hl7.org/fhir/StructureDefinition/capabilitystatement-expectation",
                  "valueCode": "SHALL"
                }
              ],
              "code": "search-type"
            },
            {
              "extension": [
                {
                  "url": "http://hl7.org/fhir/StructureDefinition/capabilitystatement-expectation",
                  "valueCode": "SHALL"
                }
              ],
              "code": "read"
            },
            {
              "extension": [
                {
                  "url": "http://hl7.org/fhir/StructureDefinition/capabilitystatement-expectation",
                  "valueCode": "SHOULD"
                }
              ],
              "code": "vread"
            }
          ],
          "referencePolicy": [
            "resolves"
          ]
        },
        {
          "extension": [
            {
              "url": "http://hl7.org/fhir/StructureDefinition/capabilitystatement-expectation",
              "valueCode": "SHALL"
            }
          ],
          "type": "PractitionerRole",
          "supportedProfile": [
            "http://hl7.org/fhir/us/carin-bb/StructureDefinition/CARIN-BB-PractitionerRole"
          ],
          "documentation": "PractitionerRole MarkDown Documentation is here",
          "interaction": [
            {
              "extension": [
                {
                  "url": "http://hl7.org/fhir/StructureDefinition/capabilitystatement-expectation",
                  "valueCode": "SHALL"
                }
              ],
              "code": "search-type"
            },
            {
              "extension": [
                {
                  "url": "http://hl7.org/fhir/StructureDefinition/capabilitystatement-expectation",
                  "valueCode": "SHALL"
                }
              ],
              "code": "read"
            },
            {
              "extension": [
                {
                  "url": "http://hl7.org/fhir/StructureDefinition/capabilitystatement-expectation",
                  "valueCode": "SHOULD"
                }
              ],
              "code": "vread"
            }
          ],
          "referencePolicy": [
            "resolves"
          ]
        }
      ],
      "interaction": [
        {
          "extension": [
            {
              "url": "http://hl7.org/fhir/StructureDefinition/capabilitystatement-expectation"
            }
          ],
          "code": "transaction"
        },
        {
          "extension": [
            {
              "url": "http://hl7.org/fhir/StructureDefinition/capabilitystatement-expectation"
            }
          ],
          "code": "batch"
        },
        {
          "extension": [
            {
              "url": "http://hl7.org/fhir/StructureDefinition/capabilitystatement-expectation"
            }
          ],
          "code": "search-system"
        },
        {
          "extension": [
            {
              "url": "http://hl7.org/fhir/StructureDefinition/capabilitystatement-expectation"
            }
          ],
          "code": "history-system"
        }
      ]
    }
  ]
}