{
  "resourceType": "CodeSystem",
  "id": "NCPDPCompoundCodeCS",
  "text": {
    "status": "generated",
    "div": "<div xmlns=\"http://www.w3.org/1999/xhtml\"><p>This code system http://www.ncpdp.org/compound-code defines many codes, but they are not represented here</p></div>"
  },
  "url": "http://www.ncpdp.org/compound-code",
  "version": "0.4.1",
  "name": "NCPDPCompoundCodeCS",
  "title": "NCPDP Compound Code",
  "status": "active",
  "date": "2020-08-25T20:58:20+00:00",
  "publisher": "HL7 Financial Management Working Group",
  "contact": [
    {
      "name": "HL7 Financial Management Working Group",
      "telecom": [
        {
          "system": "url",
          "value": "http://www.hl7.org/Special/committees/fm/index.cfm"
        },
        {
          "system": "email",
          "value": "fm@lists.HL7.org"
        }
      ]
    }
  ],
  "description": "National Council for Prescription Drug Programs, (NCPDP) field # 406-D6 (Compound Code).",
  "jurisdiction": [
    {
      "coding": [
        {
          "system": "urn:iso:std:iso:3166",
          "code": "US"
        }
      ]
    }
  ],
  "copyright": "The code set and codes are Copyright National Council for Prescription Drug Programs, Inc, and are available by subscription.",
  "content": "not-present"
}