{
  "resourceType": "CodeSystem",
  "id": "AdjudicationSliceCodesCS",
  "text": {
    "status": "generated",
    "div": "<div xmlns=\"http://www.w3.org/1999/xhtml\"><p>This code system http://hl7.org/fhir/us/carin-bb/CodeSystem/AdjudicationSliceCodesCS defines the following codes:</p><table class=\"codes\"><tr><td style=\"white-space:nowrap\"><b>Code</b></td><td><b>Display</b></td><td><b>Definition</b></td></tr><tr><td style=\"white-space:nowrap\">inoutnetwork<a name=\"AdjudicationSliceCodesCS-inoutnetwork\"> </a></td><td>In Out Network</td><td>In Out Network</td></tr><tr><td style=\"white-space:nowrap\">denialreason<a name=\"AdjudicationSliceCodesCS-denialreason\"> </a></td><td>Denial Reason</td><td>Denial Reason</td></tr><tr><td style=\"white-space:nowrap\">adjudicationamounttype<a name=\"AdjudicationSliceCodesCS-adjudicationamounttype\"> </a></td><td>Ajudication Amount Type</td><td>Ajudication Amount Type</td></tr><tr><td style=\"white-space:nowrap\">allowedunits<a name=\"AdjudicationSliceCodesCS-allowedunits\"> </a></td><td>Allowed Units</td><td>Allowed Units</td></tr></table></div>"
  },
  "url": "http://hl7.org/fhir/us/carin-bb/CodeSystem/AdjudicationSliceCodesCS",
  "version": "0.1.0",
  "name": "AdjudicationSliceCodesCS",
  "title": "Adjudication Slice Codes",
  "status": "active",
  "date": "2020-07-13T21:47:27+00:00",
  "publisher": "HL7 Financial Management Working Group",
  "contact": [
    {
      "name": "HL7 Financial Management Working Group",
      "telecom": [
        {
          "system": "url",
          "value": "http://www.hl7.org/Special/committees/fm/index.cfm"
        },
        {
          "system": "email",
          "value": "fm@lists.HL7.org"
        }
      ]
    }
  ],
  "description": "Codes used to discriminate slices of adjudication and item.adjudication",
  "content": "complete",
  "concept": [
    {
      "code": "inoutnetwork",
      "display": "In Out Network",
      "definition": "In Out Network"
    },
    {
      "code": "denialreason",
      "display": "Denial Reason",
      "definition": "Denial Reason"
    },
    {
      "code": "adjudicationamounttype",
      "display": "Ajudication Amount Type",
      "definition": "Ajudication Amount Type"
    },
    {
      "code": "allowedunits",
      "display": "Allowed Units",
      "definition": "Allowed Units"
    }
  ]
}