{
  "resourceType": "CodeSystem",
  "id": "X12CARCCS",
  "text": {
    "status": "generated",
    "div": "<div xmlns=\"http://www.w3.org/1999/xhtml\"><p>This code system http://www.x12.org/codes/claim-adjustment-reason-codes defines many codes, but they are not represented here</p></div>"
  },
  "url": "http://www.x12.org/codes/claim-adjustment-reason-codes",
  "version": "0.4.1",
  "name": "X12CARCCS",
  "title": "X12 Claim Adjustment Reason Codes (CARC)",
  "status": "active",
  "date": "2020-08-27T22:52:20+00:00",
  "publisher": "HL7 Financial Management Working Group",
  "contact": [
    {
      "name": "HL7 Financial Management Working Group",
      "telecom": [
        {
          "system": "url",
          "value": "http://www.hl7.org/Special/committees/fm/index.cfm"
        },
        {
          "system": "email",
          "value": "fm@lists.HL7.org"
        }
      ]
    }
  ],
  "description": "Denial Reasons - Reason codes used to interpret the adjudication denial reason",
  "jurisdiction": [
    {
      "coding": [
        {
          "system": "urn:iso:std:iso:3166",
          "code": "US"
        }
      ]
    }
  ],
  "copyright": "CARC codes are owned, maintained and distributed by X12.  Use of X12 codes require licenses. ",
  "content": "not-present"
}