{
  "resourceType": "CodeSystem",
  "id": "C4BBClaimCareTeamRole",
  "text": {
    "status": "generated",
    "div": "<div xmlns=\"http://www.w3.org/1999/xhtml\"><p>This code system http://hl7.org/fhir/us/carin-bb/CodeSystem/C4BBClaimCareTeamRole defines the following codes:</p><table class=\"codes\"><tr><td style=\"white-space:nowrap\"><b>Code</b></td><td><b>Display</b></td><td><b>Definition</b></td></tr><tr><td style=\"white-space:nowrap\">attending<a name=\"C4BBClaimCareTeamRole-attending\"> </a></td><td>Attending</td><td>The attending physicianr</td></tr><tr><td style=\"white-space:nowrap\">referring<a name=\"C4BBClaimCareTeamRole-referring\"> </a></td><td>Referring</td><td>The referring physician</td></tr><tr><td style=\"white-space:nowrap\">operating<a name=\"C4BBClaimCareTeamRole-operating\"> </a></td><td>Operating</td><td>The operating physician</td></tr><tr><td style=\"white-space:nowrap\">performing<a name=\"C4BBClaimCareTeamRole-performing\"> </a></td><td>Performing provider</td><td>The performing or rendering provider</td></tr><tr><td style=\"white-space:nowrap\">prescribing<a name=\"C4BBClaimCareTeamRole-prescribing\"> </a></td><td>Prescribing provider</td><td>The prescribing provider</td></tr></table></div>"
  },
  "url": "http://hl7.org/fhir/us/carin-bb/CodeSystem/C4BBClaimCareTeamRole",
  "version": "0.1.4",
  "name": "C4BBClaimCareTeamRole",
  "title": "C4BB Claim Care Team Role",
  "status": "active",
  "date": "2020-09-25T04:12:20+00:00",
  "publisher": "HL7 Financial Management Working Group",
  "contact": [
    {
      "name": "HL7 Financial Management Working Group",
      "telecom": [
        {
          "system": "url",
          "value": "http://www.hl7.org/Special/committees/fm/index.cfm"
        },
        {
          "system": "email",
          "value": "fm@lists.HL7.org"
        }
      ]
    }
  ],
  "description": "Describes functional roles of the care team members.  Complements http://terminology.hl7.org/CodeSystem/claimcareteamrole",
  "jurisdiction": [
    {
      "coding": [
        {
          "system": "urn:iso:std:iso:3166",
          "code": "US"
        }
      ]
    }
  ],
  "copyright": "This Code System is not copyrighted.",
  "content": "complete",
  "count": 5,
  "concept": [
    {
      "code": "attending",
      "display": "Attending",
      "definition": "The attending physicianr"
    },
    {
      "code": "referring",
      "display": "Referring",
      "definition": "The referring physician"
    },
    {
      "code": "operating",
      "display": "Operating",
      "definition": "The operating physician"
    },
    {
      "code": "performing",
      "display": "Performing provider",
      "definition": "The performing or rendering provider"
    },
    {
      "code": "prescribing",
      "display": "Prescribing provider",
      "definition": "The prescribing provider"
    }
  ]
}