{
  "resourceType": "CodeSystem",
  "id": "AMACPTCS",
  "text": {
    "status": "generated",
    "div": "<div xmlns=\"http://www.w3.org/1999/xhtml\"><p>This code system http://www.ama-assn.org/go/cpt defines many codes, but they are not represented here</p></div>"
  },
  "url": "http://www.ama-assn.org/go/cpt",
  "version": "0.4.1",
  "name": "AMACPTCS",
  "title": "AMA CPT",
  "status": "active",
  "date": "2020-08-26T21:53:04+00:00",
  "publisher": "HL7 Financial Management Working Group",
  "contact": [
    {
      "name": "HL7 Financial Management Working Group",
      "telecom": [
        {
          "system": "url",
          "value": "http://www.hl7.org/Special/committees/fm/index.cfm"
        },
        {
          "system": "email",
          "value": "fm@lists.HL7.org"
        }
      ]
    }
  ],
  "description": "American Medical Association (AMA) Current Procedural Codes (CPT)",
  "jurisdiction": [
    {
      "coding": [
        {
          "system": "urn:iso:std:iso:3166",
          "code": "US"
        }
      ]
    }
  ],
  "copyright": "CPT Copyright © 2014 American Medical Association. All rights reserved.",
  "content": "not-present"
}