{
  "resourceType": "CodeSystem",
  "id": "CMSRemittanceAdviceRemarkCodes",
  "text": {
    "status": "generated",
    "div": "<div xmlns=\"http://www.w3.org/1999/xhtml\"><p>This code system https://x12.org/codes/remittance-advice-remark-codes defines many codes, but they are not represented here</p></div>"
  },
  "url": "https://x12.org/codes/remittance-advice-remark-codes",
  "version": "0.1.4",
  "name": "CMSRemittanceAdviceRemarkCodes",
  "title": "CMS- Remittance Advice Remark Codes (RARC)",
  "status": "active",
  "date": "2020-09-30T14:59:56+00:00",
  "publisher": "HL7 Financial Management Working Group",
  "contact": [
    {
      "name": "HL7 Financial Management Working Group",
      "telecom": [
        {
          "system": "url",
          "value": "http://www.hl7.org/Special/committees/fm/index.cfm"
        },
        {
          "system": "email",
          "value": "fm@lists.HL7.org"
        }
      ]
    }
  ],
  "description": "RARC codes provide additional explanation for an adjustment already described by a Claim Adjustment Reason Code (CARC) or convey information about remittance processing.  \nRARC codes are available at http://www.wpc-edi.com/reference/codelists/healthcare/remittance-advice-remark-codes.",
  "jurisdiction": [
    {
      "coding": [
        {
          "system": "urn:iso:std:iso:3166",
          "code": "US"
        }
      ]
    }
  ],
  "copyright": "The Centers for Medicare & Medicaid Services (CMS) maintain Remittance Advice Remark Codes (RARC) used throughout the US health care industry.",
  "content": "not-present"
}