{
  "resourceType": "CodeSystem",
  "id": "C4BBPayeeType",
  "text": {
    "status": "generated",
    "div": "<div xmlns=\"http://www.w3.org/1999/xhtml\"><p>This code system http://hl7.org/fhir/us/carin-bb/CodeSystem/C4BBPayeeType defines the following codes:</p><table class=\"codes\"><tr><td style=\"white-space:nowrap\"><b>Code</b></td><td><b>Display</b></td><td><b>Definition</b></td></tr><tr><td style=\"white-space:nowrap\">beneficiary<a name=\"C4BBPayeeType-beneficiary\"> </a></td><td>Beneficiary</td><td>The beneficiary (patient) will be reimbursed.</td></tr></table></div>"
  },
  "url": "http://hl7.org/fhir/us/carin-bb/CodeSystem/C4BBPayeeType",
  "version": "0.1.4",
  "name": "C4BBPayeeType",
  "title": "C4BB Payee Type",
  "status": "active",
  "date": "2020-09-24T19:18:46+00:00",
  "publisher": "HL7 Financial Management Working Group",
  "contact": [
    {
      "name": "HL7 Financial Management Working Group",
      "telecom": [
        {
          "system": "url",
          "value": "http://www.hl7.org/Special/committees/fm/index.cfm"
        },
        {
          "system": "email",
          "value": "fm@lists.HL7.org"
        }
      ]
    }
  ],
  "description": "Indicates that a payee type may be a beneficiary.",
  "jurisdiction": [
    {
      "coding": [
        {
          "system": "urn:iso:std:iso:3166",
          "code": "US"
        }
      ]
    }
  ],
  "copyright": "This CodeSystem is not copyrighted.",
  "content": "complete",
  "count": 1,
  "concept": [
    {
      "code": "beneficiary",
      "display": "Beneficiary",
      "definition": "The beneficiary (patient) will be reimbursed."
    }
  ]
}