{
  "resourceType": "CodeSystem",
  "id": "C4BBCompoundLiteral",
  "text": {
    "status": "generated",
    "div": "<div xmlns=\"http://www.w3.org/1999/xhtml\"><p>This code system http://hl7.org/fhir/us/carin-bb/CodeSystem/C4BBCompoundLiteral defines the following codes:</p><table class=\"codes\"><tr><td style=\"white-space:nowrap\"><b>Code</b></td><td><b>Display</b></td><td><b>Definition</b></td></tr><tr><td style=\"white-space:nowrap\">compound<a name=\"C4BBCompoundLiteral-compound\"> </a></td><td>compound</td><td>Compound</td></tr></table></div>"
  },
  "url": "http://hl7.org/fhir/us/carin-bb/CodeSystem/C4BBCompoundLiteral",
  "version": "0.1.4",
  "name": "C4BBCompoundLiteral",
  "title": "C4BB Compound Literal",
  "status": "active",
  "date": "2020-09-30T14:59:56+00:00",
  "publisher": "HL7 Financial Management Working Group",
  "contact": [
    {
      "name": "HL7 Financial Management Working Group",
      "telecom": [
        {
          "system": "url",
          "value": "http://www.hl7.org/Special/committees/fm/index.cfm"
        },
        {
          "system": "email",
          "value": "fm@lists.HL7.org"
        }
      ]
    }
  ],
  "description": "CodeSystem for a Literal 'compound' value",
  "jurisdiction": [
    {
      "coding": [
        {
          "system": "urn:iso:std:iso:3166",
          "code": "US"
        }
      ]
    }
  ],
  "copyright": "This CodeSystem is not copyrighted.",
  "content": "complete",
  "count": 1,
  "concept": [
    {
      "code": "compound",
      "display": "compound",
      "definition": "Compound"
    }
  ]
}