{
  "resourceType": "CodeSystem",
  "id": "ICD10CMCS",
  "text": {
    "status": "generated",
    "div": "<div xmlns=\"http://www.w3.org/1999/xhtml\"><p>This code system http://hl7.org/fhir/sid/icd-10-cm defines many codes, but they are not represented here</p></div>"
  },
  "url": "http://hl7.org/fhir/sid/icd-10-cm",
  "version": "0.1.3",
  "name": "ICD10CMCS",
  "title": "ICD-10-CM",
  "status": "active",
  "date": "2020-09-09T01:49:50+00:00",
  "publisher": "HL7 Financial Management Working Group",
  "contact": [
    {
      "name": "HL7 Financial Management Working Group",
      "telecom": [
        {
          "system": "url",
          "value": "http://www.hl7.org/Special/committees/fm/index.cfm"
        },
        {
          "system": "email",
          "value": "fm@lists.HL7.org"
        }
      ]
    }
  ],
  "description": "International Classification of Diseases, Tenth Revision, Clinical Modification)",
  "jurisdiction": [
    {
      "coding": [
        {
          "system": "urn:iso:std:iso:3166",
          "code": "US"
        }
      ]
    }
  ],
  "copyright": "The ICD-10-CM code set is maintained by the National Center for Health Statistics (NCHS) of the Centers for Disease Control and Prevention (CDC) for use in the United States. \nIt is based on ICD-10, which was developed by the World Health Organization (WHO) and is used internationally as a medical classification. \nThe code set is owned by the NCHS-CDC and is available for use.  ",
  "content": "not-present"
}