{
  "resourceType": "CodeSystem",
  "id": "CMSPlaceOfServiceCS",
  "text": {
    "status": "generated",
    "div": "<div xmlns=\"http://www.w3.org/1999/xhtml\"><p>This code system http://www.cms.gov/place-of-service defines many codes, but they are not represented here</p></div>"
  },
  "url": "http://www.cms.gov/place-of-service",
  "version": "0.4.1",
  "name": "CMSPlaceOfServiceCS",
  "title": "CMS Place of Service",
  "status": "active",
  "date": "2020-08-26T22:04:25+00:00",
  "publisher": "HL7 Financial Management Working Group",
  "contact": [
    {
      "name": "HL7 Financial Management Working Group",
      "telecom": [
        {
          "system": "url",
          "value": "http://www.hl7.org/Special/committees/fm/index.cfm"
        },
        {
          "system": "email",
          "value": "fm@lists.HL7.org"
        }
      ]
    }
  ],
  "description": "Place of Service codes are placed on health care professional claims to indicate the setting in which a service was provided",
  "jurisdiction": [
    {
      "coding": [
        {
          "system": "urn:iso:std:iso:3166",
          "code": "US"
        }
      ]
    }
  ],
  "copyright": "https://www.cms.gov/Medicare/Coding/place-of-service-codes/Place_of_Service_Code_Set.html.  The link takes one to the Place of Service list as an html document; it is not a file to which an IG can be bound.  The code set is owned by CMS and is available for use.",
  "content": "not-present"
}