{
  "resourceType": "CodeSystem",
  "id": "C4BBRelatedClaimRelationshipCodes",
  "text": {
    "status": "generated",
    "div": "<div xmlns=\"http://www.w3.org/1999/xhtml\"><p>This code system http://hl7.org/fhir/us/carin-bb/CodeSystem/C4BBRelatedClaimRelationshipCodes defines the following codes:</p><table class=\"codes\"><tr><td style=\"white-space:nowrap\"><b>Code</b></td><td><b>Display</b></td><td><b>Definition</b></td></tr><tr><td style=\"white-space:nowrap\">replacedby<a name=\"C4BBRelatedClaimRelationshipCodes-replacedby\"> </a></td><td>Replaced by claim number</td><td>The current claim has been adjusted; i.e., replaced by or merged to another claim number.</td></tr></table></div>"
  },
  "url": "http://hl7.org/fhir/us/carin-bb/CodeSystem/C4BBRelatedClaimRelationshipCodes",
  "version": "0.1.4",
  "name": "C4BBRelatedClaimRelationshipCodes",
  "title": "C4BB Related Claim Relationship Codes",
  "status": "active",
  "date": "2020-09-16T23:02:05+00:00",
  "publisher": "HL7 Financial Management Working Group",
  "contact": [
    {
      "name": "HL7 Financial Management Working Group",
      "telecom": [
        {
          "system": "url",
          "value": "http://www.hl7.org/Special/committees/fm/index.cfm"
        },
        {
          "system": "email",
          "value": "fm@lists.HL7.org"
        }
      ]
    }
  ],
  "description": "Identifies if the current claim represents a claim that has been adjusted and was given a prior claim number or if the current claim has been adjusted; i.e., replaced by or merged to another claim number.",
  "jurisdiction": [
    {
      "coding": [
        {
          "system": "urn:iso:std:iso:3166",
          "code": "US"
        }
      ]
    }
  ],
  "copyright": "This CodeSystem is not copyrighted.",
  "content": "complete",
  "count": 1,
  "concept": [
    {
      "code": "replacedby",
      "display": "Replaced by claim number",
      "definition": "The current claim has been adjusted; i.e., replaced by or merged to another claim number."
    }
  ]
}