{
  "resourceType": "CodeSystem",
  "id": "HCPCSModifiersCS",
  "text": {
    "status": "generated",
    "div": "<div xmlns=\"http://www.w3.org/1999/xhtml\"><p>This code system http://www.cms.gov/hcpcs-level-II-modifiers defines many codes, but they are not represented here</p></div>"
  },
  "url": "http://www.cms.gov/hcpcs-level-II-modifiers",
  "version": "0.4.1",
  "name": "HCPCSModifiersCS",
  "title": "AMA CPT Modifiers",
  "status": "active",
  "date": "2020-08-27T17:45:13+00:00",
  "publisher": "HL7 Financial Management Working Group",
  "contact": [
    {
      "name": "HL7 Financial Management Working Group",
      "telecom": [
        {
          "system": "url",
          "value": "http://www.hl7.org/Special/committees/fm/index.cfm"
        },
        {
          "system": "email",
          "value": "fm@lists.HL7.org"
        }
      ]
    }
  ],
  "description": "Healthcare Common Procedure Coding System (HCPCS) Procedure Code Modifiers",
  "jurisdiction": [
    {
      "coding": [
        {
          "system": "urn:iso:std:iso:3166",
          "code": "US"
        }
      ]
    }
  ],
  "copyright": "HCPCS modifiers are available at https://www.cms.gov/Medicare/Coding/HCPCSReleaseCodeSets/Alpha-Numeric-HCPCS.html.  The link takes one to a list of files.  The HCPCS ANWEB files include modifier and procedure codes.    \nThe target set for this Code System is the procedure code modifiers from this file.  The code set is owned by CMS and is available for use.",
  "content": "not-present"
}