{
  "resourceType": "CodeSystem",
  "id": "NCPDPCompoundCodeCS",
  "text": {
    "status": "generated",
    "div": "<div xmlns=\"http://www.w3.org/1999/xhtml\"><p>This code system http://www.ncpdp.org/compound-code defines many codes, but they are not represented here</p></div>"
  },
  "url": "http://www.ncpdp.org/compound-code",
  "version": "0.4.2",
  "name": "NCPDPCompoundCodeCS",
  "title": "NCPDP Compound Code",
  "status": "active",
  "date": "2020-08-31T22:51:03+00:00",
  "publisher": "HL7 Financial Management Working Group",
  "contact": [
    {
      "name": "HL7 Financial Management Working Group",
      "telecom": [
        {
          "system": "url",
          "value": "http://www.hl7.org/Special/committees/fm/index.cfm"
        },
        {
          "system": "email",
          "value": "fm@lists.HL7.org"
        }
      ]
    }
  ],
  "description": "Indicates whether or not the prescription is a compound NCPDP field # 406-D6.",
  "jurisdiction": [
    {
      "coding": [
        {
          "system": "urn:iso:std:iso:3166",
          "code": "US"
        }
      ]
    }
  ],
  "copyright": "NCPDP codes are available by subscription at ncpdp.org. As HL7 is working with the owning authority to finalize the url, this url is subject to change.",
  "content": "not-present"
}