{
  "resourceType": "CodeSystem",
  "id": "PayerAdjudicationCategoryCS",
  "text": {
    "status": "generated",
    "div": "<div xmlns=\"http://www.w3.org/1999/xhtml\"><p>This code system http://hl7.org/fhir/us/carin-bb/CodeSystem/PayerAdjudicationCategoryCS defines the following codes:</p><table class=\"codes\"><tr><td style=\"white-space:nowrap\"><b>Code</b></td><td><b>Display</b></td><td><b>Definition</b></td></tr><tr><td style=\"white-space:nowrap\">in-network<a name=\"PayerAdjudicationCategoryCS-in-network\"> </a></td><td>in-network</td><td>in-network</td></tr><tr><td style=\"white-space:nowrap\">out-of-network<a name=\"PayerAdjudicationCategoryCS-out-of-network\"> </a></td><td>out-of-network</td><td>out-of-network</td></tr><tr><td style=\"white-space:nowrap\">other<a name=\"PayerAdjudicationCategoryCS-other\"> </a></td><td>other</td><td>other</td></tr><tr><td style=\"white-space:nowrap\">contracted<a name=\"PayerAdjudicationCategoryCS-contracted\"> </a></td><td>contracted</td><td>contracted</td></tr><tr><td style=\"white-space:nowrap\">non-contracted<a name=\"PayerAdjudicationCategoryCS-non-contracted\"> </a></td><td>non-contracted</td><td>non-contracted</td></tr><tr><td style=\"white-space:nowrap\">subscriber<a name=\"PayerAdjudicationCategoryCS-subscriber\"> </a></td><td>subscriber</td><td>subscriber</td></tr><tr><td style=\"white-space:nowrap\">provider<a name=\"PayerAdjudicationCategoryCS-provider\"> </a></td><td>provider</td><td>provider</td></tr><tr><td style=\"white-space:nowrap\">paid<a name=\"PayerAdjudicationCategoryCS-paid\"> </a></td><td>paid</td><td>paid</td></tr><tr><td style=\"white-space:nowrap\">denied<a name=\"PayerAdjudicationCategoryCS-denied\"> </a></td><td>denied</td><td>denied</td></tr><tr><td style=\"white-space:nowrap\">submitted<a name=\"PayerAdjudicationCategoryCS-submitted\"> </a></td><td>Submitted</td><td>Submitted</td></tr><tr><td style=\"white-space:nowrap\">allowed<a name=\"PayerAdjudicationCategoryCS-allowed\"> </a></td><td>Allowed</td><td>Allowed</td></tr><tr><td style=\"white-space:nowrap\">deductible<a name=\"PayerAdjudicationCategoryCS-deductible\"> </a></td><td>Deductible</td><td>Deductible</td></tr><tr><td style=\"white-space:nowrap\">coins<a name=\"PayerAdjudicationCategoryCS-coins\"> </a></td><td>coins</td><td>coins</td></tr><tr><td style=\"white-space:nowrap\">copay<a name=\"PayerAdjudicationCategoryCS-copay\"> </a></td><td>copay</td><td>copay</td></tr><tr><td style=\"white-space:nowrap\">noncovered<a name=\"PayerAdjudicationCategoryCS-noncovered\"> </a></td><td>noncovered</td><td>noncovered</td></tr><tr><td style=\"white-space:nowrap\">priorpayerpaid<a name=\"PayerAdjudicationCategoryCS-priorpayerpaid\"> </a></td><td>priorpayerpaid</td><td>priorpayerpaid</td></tr><tr><td style=\"white-space:nowrap\">payment<a name=\"PayerAdjudicationCategoryCS-payment\"> </a></td><td>payment</td><td>payment</td></tr><tr><td style=\"white-space:nowrap\">paidbypatient<a name=\"PayerAdjudicationCategoryCS-paidbypatient\"> </a></td><td>paid by patient</td><td>paid by patient</td></tr><tr><td style=\"white-space:nowrap\">paidtopatient<a name=\"PayerAdjudicationCategoryCS-paidtopatient\"> </a></td><td>paid to patient</td><td>paid to patient</td></tr><tr><td style=\"white-space:nowrap\">paidtoprovider<a name=\"PayerAdjudicationCategoryCS-paidtoprovider\"> </a></td><td>paid to provider</td><td>paid to provider</td></tr><tr><td style=\"white-space:nowrap\">memberliability<a name=\"PayerAdjudicationCategoryCS-memberliability\"> </a></td><td>member liability</td><td>member liability</td></tr><tr><td style=\"white-space:nowrap\">discount<a name=\"PayerAdjudicationCategoryCS-discount\"> </a></td><td>discount</td><td>discount</td></tr><tr><td style=\"white-space:nowrap\">drugcost<a name=\"PayerAdjudicationCategoryCS-drugcost\"> </a></td><td>drug cost</td><td>drugcost</td></tr></table></div>"
  },
  "url": "http://hl7.org/fhir/us/carin-bb/CodeSystem/PayerAdjudicationCategoryCS",
  "version": "0.1.0",
  "name": "PayerAdjudicationCategoryCS",
  "title": "Payer Adjudication Category",
  "status": "active",
  "date": "2020-06-17T14:40:32+00:00",
  "publisher": "HL7 Financial Management Working Group",
  "contact": [
    {
      "name": "HL7 Financial Management Working Group",
      "telecom": [
        {
          "system": "url",
          "value": "http://www.hl7.org/Special/committees/fm/index.cfm"
        },
        {
          "system": "email",
          "value": "fm@lists.HL7.org"
        }
      ]
    }
  ],
  "description": "Payer Adjudication Category",
  "content": "complete",
  "concept": [
    {
      "code": "in-network",
      "display": "in-network",
      "definition": "in-network"
    },
    {
      "code": "out-of-network",
      "display": "out-of-network",
      "definition": "out-of-network"
    },
    {
      "code": "other",
      "display": "other",
      "definition": "other"
    },
    {
      "code": "contracted",
      "display": "contracted",
      "definition": "contracted"
    },
    {
      "code": "non-contracted",
      "display": "non-contracted",
      "definition": "non-contracted"
    },
    {
      "code": "subscriber",
      "display": "subscriber",
      "definition": "subscriber"
    },
    {
      "code": "provider",
      "display": "provider",
      "definition": "provider"
    },
    {
      "code": "paid",
      "display": "paid",
      "definition": "paid"
    },
    {
      "code": "denied",
      "display": "denied",
      "definition": "denied"
    },
    {
      "code": "submitted",
      "display": "Submitted",
      "definition": "Submitted"
    },
    {
      "code": "allowed",
      "display": "Allowed",
      "definition": "Allowed"
    },
    {
      "code": "deductible",
      "display": "Deductible",
      "definition": "Deductible"
    },
    {
      "code": "coins",
      "display": "coins",
      "definition": "coins"
    },
    {
      "code": "copay",
      "display": "copay",
      "definition": "copay"
    },
    {
      "code": "noncovered",
      "display": "noncovered",
      "definition": "noncovered"
    },
    {
      "code": "priorpayerpaid",
      "display": "priorpayerpaid",
      "definition": "priorpayerpaid"
    },
    {
      "code": "payment",
      "display": "payment",
      "definition": "payment"
    },
    {
      "code": "paidbypatient",
      "display": "paid by patient",
      "definition": "paid by patient"
    },
    {
      "code": "paidtopatient",
      "display": "paid to patient",
      "definition": "paid to patient"
    },
    {
      "code": "paidtoprovider",
      "display": "paid to provider",
      "definition": "paid to provider"
    },
    {
      "code": "memberliability",
      "display": "member liability",
      "definition": "member liability"
    },
    {
      "code": "discount",
      "display": "discount",
      "definition": "discount"
    },
    {
      "code": "drugcost",
      "display": "drug cost",
      "definition": "drugcost"
    }
  ]
}