{
  "resourceType": "CodeSystem",
  "id": "CMSHCPCSCodes",
  "text": {
    "status": "generated",
    "div": "<div xmlns=\"http://www.w3.org/1999/xhtml\"><p>This code system http://www.cms.gov/Medicare/Coding/HCPCSReleaseCodeSets defines many codes, but they are not represented here</p></div>"
  },
  "url": "http://www.cms.gov/Medicare/Coding/HCPCSReleaseCodeSets",
  "version": "0.1.4",
  "name": "CMSHCPCSCodes",
  "title": "CMS HCPCS Codes",
  "status": "active",
  "date": "2020-10-06T18:36:01+00:00",
  "publisher": "HL7 Financial Management Working Group",
  "contact": [
    {
      "name": "HL7 Financial Management Working Group",
      "telecom": [
        {
          "system": "url",
          "value": "http://www.hl7.org/Special/committees/fm/index.cfm"
        },
        {
          "system": "email",
          "value": "fm@lists.HL7.org"
        }
      ]
    }
  ],
  "description": "HCPCS procedure codes and modifiers are submitted by providers to payers to convey the specific procedure performed.\nHCPCS codes are available at http://www.cms.gov/Medicare/Coding/HCPCSReleaseCodeSets.",
  "jurisdiction": [
    {
      "coding": [
        {
          "system": "urn:iso:std:iso:3166",
          "code": "US"
        }
      ]
    }
  ],
  "copyright": "HCPCS Level II Alphanumeric Codes are maintained by the US Centers for Medicare and Medicaid Services (CMS) and are available for public use. As HL7 is working with the owning authority to finalize the url, this url is subject to change.",
  "content": "not-present"
}