{
  "resourceType": "CodeSystem",
  "id": "NCPDPPrescriptionOriginCodeCS",
  "text": {
    "status": "generated",
    "div": "<div xmlns=\"http://www.w3.org/1999/xhtml\"><p>This code system http://www.ncpdp.org/prescription-origin-code defines many codes, but they are not represented here</p></div>"
  },
  "url": "http://www.ncpdp.org/prescription-origin-code",
  "version": "0.4.1",
  "name": "NCPDPPrescriptionOriginCodeCS",
  "title": "NCPDP Prescription Origin Code",
  "status": "active",
  "date": "2020-08-26T22:04:25+00:00",
  "publisher": "HL7 Financial Management Working Group",
  "contact": [
    {
      "name": "HL7 Financial Management Working Group",
      "telecom": [
        {
          "system": "url",
          "value": "http://www.hl7.org/Special/committees/fm/index.cfm"
        },
        {
          "system": "email",
          "value": "fm@lists.HL7.org"
        }
      ]
    }
  ],
  "description": "National Council for Prescription Drug Programs, (NCPDP)  field # 419-DJ (Prescription Origin Code).",
  "jurisdiction": [
    {
      "coding": [
        {
          "system": "urn:iso:std:iso:3166",
          "code": "US"
        }
      ]
    }
  ],
  "copyright": "NCPDPCopyright",
  "content": "not-present"
}