{
  "resourceType": "CodeSystem",
  "id": "ClaimInformationCategoryCS",
  "text": {
    "status": "generated",
    "div": "<div xmlns=\"http://www.w3.org/1999/xhtml\"><p>This code system http://hl7.org/fhir/us/carin-bb/CodeSystem/ClaimInformationCategoryCS defines the following codes:</p><table class=\"codes\"><tr><td style=\"white-space:nowrap\"><b>Code</b></td><td><b>Display</b></td><td><b>Definition</b></td></tr><tr><td style=\"white-space:nowrap\">billingnetworkcontractingstatus<a name=\"ClaimInformationCategoryCS-billingnetworkcontractingstatus\"> </a></td><td>billingnetworkcontractingstatus</td><td>Indicates the network  status of the billing physician.</td></tr><tr><td style=\"white-space:nowrap\">attendingnetworkcontractingstatus<a name=\"ClaimInformationCategoryCS-attendingnetworkcontractingstatus\"> </a></td><td>attendingnetworkcontractingstatus</td><td>Indicates the network  status of the attending physician.</td></tr><tr><td style=\"white-space:nowrap\">sitenetworkcontractingstatus<a name=\"ClaimInformationCategoryCS-sitenetworkcontractingstatus\"> </a></td><td>sitenetworkcontractingstatus</td><td>Indicates the network  status of the site of service.</td></tr><tr><td style=\"white-space:nowrap\">referringnetworkcontractingstatus<a name=\"ClaimInformationCategoryCS-referringnetworkcontractingstatus\"> </a></td><td>referringnetworkcontractingstatus</td><td>Indicates the network  status of the referring physician.</td></tr><tr><td style=\"white-space:nowrap\">performingnetworkcontractingstatus<a name=\"ClaimInformationCategoryCS-performingnetworkcontractingstatus\"> </a></td><td>performingnetworkcontractingstatus</td><td>Indicates the network  status of the performing physician.</td></tr><tr><td style=\"white-space:nowrap\">prescribingnetworkcontractingstatus<a name=\"ClaimInformationCategoryCS-prescribingnetworkcontractingstatus\"> </a></td><td>prescribingnetworkcontractingstatus</td><td>Indicates the network  status of the prescribing physician.</td></tr><tr><td style=\"white-space:nowrap\">supervisingnetworkcontractingstatus<a name=\"ClaimInformationCategoryCS-supervisingnetworkcontractingstatus\"> </a></td><td>supervisingingnetworkcontractingstatus</td><td>Indicates the network  status of the supervising physician.</td></tr><tr><td style=\"white-space:nowrap\">clmrecvddate<a name=\"ClaimInformationCategoryCS-clmrecvddate\"> </a></td><td>clmrecvddate</td><td>The date the claim was received by the payer.</td></tr><tr><td style=\"white-space:nowrap\">typeofservice<a name=\"ClaimInformationCategoryCS-typeofservice\"> </a></td><td>typeofservice</td><td>High level classification of services into logical grouping.</td></tr><tr><td style=\"white-space:nowrap\">tob-typeoffacility<a name=\"ClaimInformationCategoryCS-tob-typeoffacility\"> </a></td><td>tob-typeoffacility</td><td>UB04 (Form Locator 4) type of bill code provides specific information for payer purposes. The first digit of the three-digit number denotes the type of facility.</td></tr><tr><td style=\"white-space:nowrap\">tob-billclassification<a name=\"ClaimInformationCategoryCS-tob-billclassification\"> </a></td><td>tob-billclassification</td><td>UB04 (Form Locator 4) type of bill code provides specific information for payer purposes. The second digit classifies the type of care (service classification) being billed.</td></tr><tr><td style=\"white-space:nowrap\">tob-frequency<a name=\"ClaimInformationCategoryCS-tob-frequency\"> </a></td><td>tob-frequency</td><td>UB04 (Form Locator 4) type of bill code provides specific information for payer purposes. The third digit identifies the frequency of the bill for a specific course of treatment or inpatient confinement.</td></tr><tr><td style=\"white-space:nowrap\">admsrc<a name=\"ClaimInformationCategoryCS-admsrc\"> </a></td><td>admsrc</td><td>Identifies the place where the patient was identified as needing admission to a facility. This is a two position code mapped from the standard values for the UB-04 Source of Admission code (FL-15).</td></tr><tr><td style=\"white-space:nowrap\">admtype<a name=\"ClaimInformationCategoryCS-admtype\"> </a></td><td>admtype</td><td>Priority of the admission. Information located on (UB04 Form Locator 14). For example, an admission type of elective indicates that the patient's condition permitted time for medical services to be scheduled.</td></tr><tr><td style=\"white-space:nowrap\">discharge-status<a name=\"ClaimInformationCategoryCS-discharge-status\"> </a></td><td>discharge-status</td><td>Patient’s status as of the discharge date for a facility stay.</td></tr><tr><td style=\"white-space:nowrap\">drg<a name=\"ClaimInformationCategoryCS-drg\"> </a></td><td>drg</td><td>Diagnosis Related Group</td></tr><tr><td style=\"white-space:nowrap\">placeofservice<a name=\"ClaimInformationCategoryCS-placeofservice\"> </a></td><td>placeofservice</td><td>Code indicating the location, such as inpatient, outpatient facility, office, or home health agency, where this service was performed.</td></tr><tr><td style=\"white-space:nowrap\">dayssupply<a name=\"ClaimInformationCategoryCS-dayssupply\"> </a></td><td>dayssupply</td><td>Number of days supply of medication dispensed by the pharmacy.</td></tr><tr><td style=\"white-space:nowrap\">dawcode<a name=\"ClaimInformationCategoryCS-dawcode\"> </a></td><td>dawcode</td><td>Prescriber's instruction regarding substitution of generic equivalents or order to dispense the specific prescribed medication.</td></tr><tr><td style=\"white-space:nowrap\">refillnum<a name=\"ClaimInformationCategoryCS-refillnum\"> </a></td><td>refillnum</td><td>The number fill of the current dispensed supply (0, 1, 2, etc.).</td></tr><tr><td style=\"white-space:nowrap\">rxorigincode<a name=\"ClaimInformationCategoryCS-rxorigincode\"> </a></td><td>rxorigincode</td><td>Whether the prescription was transmitted as an electronic prescription, by phone, by fax, or as a written paper copy</td></tr><tr><td style=\"white-space:nowrap\">brandgenericcode<a name=\"ClaimInformationCategoryCS-brandgenericcode\"> </a></td><td>brandgenericcode</td><td>Whether the plan adjudicated the claim as a brand or generic drug.</td></tr><tr><td style=\"white-space:nowrap\">typeofbill<a name=\"ClaimInformationCategoryCS-typeofbill\"> </a></td><td>Type of Bill</td><td>Type of Bill</td></tr><tr><td style=\"white-space:nowrap\">onadmissionitype<a name=\"ClaimInformationCategoryCS-onadmissionitype\"> </a></td><td>On Admission Type</td><td>On Admission Type</td></tr></table></div>"
  },
  "url": "http://hl7.org/fhir/us/carin-bb/CodeSystem/ClaimInformationCategoryCS",
  "version": "0.3.2",
  "name": "ClaimInformationCategoryCS",
  "title": "Claim Information Category",
  "status": "active",
  "date": "2020-08-04T16:15:02+00:00",
  "publisher": "HL7 Financial Management Working Group",
  "contact": [
    {
      "name": "HL7 Financial Management Working Group",
      "telecom": [
        {
          "system": "url",
          "value": "http://www.hl7.org/Special/committees/fm/index.cfm"
        },
        {
          "system": "email",
          "value": "fm@lists.HL7.org"
        }
      ]
    }
  ],
  "description": "Claim Information Category - Used as the discriminator for supportingInfo",
  "jurisdiction": [
    {
      "coding": [
        {
          "system": "urn:iso:std:iso:3166",
          "code": "US"
        }
      ]
    }
  ],
  "content": "complete",
  "count": 24,
  "concept": [
    {
      "code": "billingnetworkcontractingstatus",
      "display": "billingnetworkcontractingstatus",
      "definition": "Indicates the network  status of the billing physician."
    },
    {
      "code": "attendingnetworkcontractingstatus",
      "display": "attendingnetworkcontractingstatus",
      "definition": "Indicates the network  status of the attending physician."
    },
    {
      "code": "sitenetworkcontractingstatus",
      "display": "sitenetworkcontractingstatus",
      "definition": "Indicates the network  status of the site of service."
    },
    {
      "code": "referringnetworkcontractingstatus",
      "display": "referringnetworkcontractingstatus",
      "definition": "Indicates the network  status of the referring physician."
    },
    {
      "code": "performingnetworkcontractingstatus",
      "display": "performingnetworkcontractingstatus",
      "definition": "Indicates the network  status of the performing physician."
    },
    {
      "code": "prescribingnetworkcontractingstatus",
      "display": "prescribingnetworkcontractingstatus",
      "definition": "Indicates the network  status of the prescribing physician."
    },
    {
      "code": "supervisingnetworkcontractingstatus",
      "display": "supervisingingnetworkcontractingstatus",
      "definition": "Indicates the network  status of the supervising physician."
    },
    {
      "code": "clmrecvddate",
      "display": "clmrecvddate",
      "definition": "The date the claim was received by the payer."
    },
    {
      "code": "typeofservice",
      "display": "typeofservice",
      "definition": "High level classification of services into logical grouping."
    },
    {
      "code": "tob-typeoffacility",
      "display": "tob-typeoffacility",
      "definition": "UB04 (Form Locator 4) type of bill code provides specific information for payer purposes. The first digit of the three-digit number denotes the type of facility."
    },
    {
      "code": "tob-billclassification",
      "display": "tob-billclassification",
      "definition": "UB04 (Form Locator 4) type of bill code provides specific information for payer purposes. The second digit classifies the type of care (service classification) being billed."
    },
    {
      "code": "tob-frequency",
      "display": "tob-frequency",
      "definition": "UB04 (Form Locator 4) type of bill code provides specific information for payer purposes. The third digit identifies the frequency of the bill for a specific course of treatment or inpatient confinement."
    },
    {
      "code": "admsrc",
      "display": "admsrc",
      "definition": "Identifies the place where the patient was identified as needing admission to a facility. This is a two position code mapped from the standard values for the UB-04 Source of Admission code (FL-15)."
    },
    {
      "code": "admtype",
      "display": "admtype",
      "definition": "Priority of the admission. Information located on (UB04 Form Locator 14). For example, an admission type of elective indicates that the patient's condition permitted time for medical services to be scheduled."
    },
    {
      "code": "discharge-status",
      "display": "discharge-status",
      "definition": "Patient’s status as of the discharge date for a facility stay."
    },
    {
      "code": "drg",
      "display": "drg",
      "definition": "Diagnosis Related Group"
    },
    {
      "code": "placeofservice",
      "display": "placeofservice",
      "definition": "Code indicating the location, such as inpatient, outpatient facility, office, or home health agency, where this service was performed."
    },
    {
      "code": "dayssupply",
      "display": "dayssupply",
      "definition": "Number of days supply of medication dispensed by the pharmacy."
    },
    {
      "code": "dawcode",
      "display": "dawcode",
      "definition": "Prescriber's instruction regarding substitution of generic equivalents or order to dispense the specific prescribed medication."
    },
    {
      "code": "refillnum",
      "display": "refillnum",
      "definition": "The number fill of the current dispensed supply (0, 1, 2, etc.)."
    },
    {
      "code": "rxorigincode",
      "display": "rxorigincode",
      "definition": "Whether the prescription was transmitted as an electronic prescription, by phone, by fax, or as a written paper copy"
    },
    {
      "code": "brandgenericcode",
      "display": "brandgenericcode",
      "definition": "Whether the plan adjudicated the claim as a brand or generic drug."
    },
    {
      "code": "typeofbill",
      "display": "Type of Bill",
      "definition": "Type of Bill"
    },
    {
      "code": "onadmissionitype",
      "display": "On Admission Type",
      "definition": "On Admission Type"
    }
  ]
}