{
  "resourceType": "CodeSystem",
  "id": "PayerProviderRoleCS",
  "text": {
    "status": "generated",
    "div": "<div xmlns=\"http://www.w3.org/1999/xhtml\"><p>This code system http://hl7.org/fhir/us/carin-bb/CodeSystem/PayerProviderRoleCS defines the following codes:</p><table class=\"codes\"><tr><td style=\"white-space:nowrap\"><b>Code</b></td><td><b>Display</b></td><td><b>Definition</b></td></tr><tr><td style=\"white-space:nowrap\">attending<a name=\"PayerProviderRoleCS-attending\"> </a></td><td>attending</td><td>Attending Provider</td></tr><tr><td style=\"white-space:nowrap\">performing<a name=\"PayerProviderRoleCS-performing\"> </a></td><td>performing</td><td>Performing Provider</td></tr><tr><td style=\"white-space:nowrap\">pcp<a name=\"PayerProviderRoleCS-pcp\"> </a></td><td>pcp</td><td>Primary Care Provider</td></tr><tr><td style=\"white-space:nowrap\">site<a name=\"PayerProviderRoleCS-site\"> </a></td><td>site</td><td>Site Provider</td></tr><tr><td style=\"white-space:nowrap\">prescribing<a name=\"PayerProviderRoleCS-prescribing\"> </a></td><td>prescribing</td><td>Prescribing Provider</td></tr></table></div>"
  },
  "url": "http://hl7.org/fhir/us/carin-bb/CodeSystem/PayerProviderRoleCS",
  "version": "0.1.0",
  "name": "PayerProviderRoleCS",
  "title": "Payer Provider Role",
  "status": "active",
  "date": "2020-06-17T14:40:32+00:00",
  "publisher": "HL7 Financial Management Working Group",
  "contact": [
    {
      "name": "HL7 Financial Management Working Group",
      "telecom": [
        {
          "system": "url",
          "value": "http://www.hl7.org/Special/committees/fm/index.cfm"
        },
        {
          "system": "email",
          "value": "fm@lists.HL7.org"
        }
      ]
    }
  ],
  "description": "Payer Provider Role",
  "content": "complete",
  "concept": [
    {
      "code": "attending",
      "display": "attending",
      "definition": "Attending Provider"
    },
    {
      "code": "performing",
      "display": "performing",
      "definition": "Performing Provider"
    },
    {
      "code": "pcp",
      "display": "pcp",
      "definition": "Primary Care Provider"
    },
    {
      "code": "site",
      "display": "site",
      "definition": "Site Provider"
    },
    {
      "code": "prescribing",
      "display": "prescribing",
      "definition": "Prescribing Provider"
    }
  ]
}