{
  "resourceType": "Coverage",
  "id": "01234567801-20200101-99991231-SEA22",
  "meta": {
    "lastUpdated": "2020-09-08T00:00:00+00:00",
    "source": "Organization/Organization1UPMC",
    "profile": [
      "http://hl7.org/fhir/us/carin-bb/StructureDefinition/C4BB-Coverage"
    ]
  },
  "language": "en-US",
  "text": {
    "status": "generated",
    "div": "<div xmlns=\"http://www.w3.org/1999/xhtml\" xml:lang=\"en-US\" lang=\"en-US\"><p><b>Generated Narrative</b></p><h3>Ids</h3><table class=\"grid\"><tr><td>-</td></tr><tr><td>*</td></tr></table><h3>Meta</h3><table class=\"grid\"><tr><td>-</td></tr><tr><td>*</td></tr></table><p><b>language</b>: en-US</p><p><b>identifier</b>: Member ID: 01234567801</p><p><b>status</b>: active</p><p><b>policyHolder</b>: <a href=\"Patient-Patient1UPMC.html\">Generated Summary: language: en-US; Member ID: 01234567801; active; Johnny Example1 ; Phone: (301)666-1212; gender: male; birthDate: 1990-01-01; <span title=\"Codes: {http://terminology.hl7.org/CodeSystem/v3-NullFlavor UNK}\">unknown</span></a></p><p><b>subscriber</b>: <a href=\"Patient-Patient1UPMC.html\">Generated Summary: language: en-US; Member ID: 01234567801; active; Johnny Example1 ; Phone: (301)666-1212; gender: male; birthDate: 1990-01-01; <span title=\"Codes: {http://terminology.hl7.org/CodeSystem/v3-NullFlavor UNK}\">unknown</span></a></p><p><b>subscriberId</b>: 012345678</p><p><b>beneficiary</b>: <a href=\"Patient-Patient1UPMC.html\">Generated Summary: language: en-US; Member ID: 01234567801; active; Johnny Example1 ; Phone: (301)666-1212; gender: male; birthDate: 1990-01-01; <span title=\"Codes: {http://terminology.hl7.org/CodeSystem/v3-NullFlavor UNK}\">unknown</span></a></p><p><b>dependent</b>: 01</p><p><b>relationship</b>: <span title=\"Codes: {http://terminology.hl7.org/CodeSystem/subscriber-relationship self}\">Self</span></p><p><b>period</b>: Jan 1, 2020, 5:00:00 AM --&gt; (ongoing)</p><p><b>payor</b>: <a href=\"Organization-Organization1UPMC.html\">UPMC Health Plan. Generated Summary: id: 95216; active; <span title=\"Codes: {http://terminology.hl7.org/CodeSystem/organization-type pay}\">Payer</span>; name: UPMC Health Plan; Phone: 1-844-220-4785 TTY: 711, Phone: 1-866-406-8762</a></p><blockquote><p><b>class</b></p><p><b>type</b>: <span title=\"Codes: {http://terminology.hl7.org/CodeSystem/coverage-class group}\">An employee group</span></p><p><b>value</b>: 007653</p><p><b>name</b>: CORPORATE SERVICES</p></blockquote><blockquote><p><b>class</b></p><p><b>type</b>: <span title=\"Codes: {http://terminology.hl7.org/CodeSystem/coverage-class subgroup}\">A sub-group of an employee group</span></p><p><b>value</b>: C24</p><p><b>name</b>: CRP SVCS ADV HSA</p></blockquote><blockquote><p><b>class</b></p><p><b>type</b>: <span title=\"Codes: {http://terminology.hl7.org/CodeSystem/coverage-class plan}\">A specific suite of benefits.</span></p><p><b>value</b>: SEA22</p><p><b>name</b>: SEA22-Advantage HSA EPO</p></blockquote><p><b>network</b>: SEA22-Advantage HSA EPO</p></div>"
  },
  "identifier": [
    {
      "type": {
        "coding": [
          {
            "system": "http://hl7.org/fhir/us/carin-bb/CodeSystem/C4BBIdentifierType",
            "code": "mb"
          }
        ]
      },
      "system": "https://www.upmchealthplan.com/fhir/memberidentifier",
      "value": "01234567801",
      "assigner": {
        "reference": "Organization/Organization1UPMC",
        "display": "UPMC Health Plan"
      }
    }
  ],
  "status": "active",
  "policyHolder": {
    "reference": "Patient/Patient1UPMC"
  },
  "subscriber": {
    "reference": "Patient/Patient1UPMC"
  },
  "subscriberId": "012345678",
  "beneficiary": {
    "reference": "Patient/Patient1UPMC"
  },
  "dependent": "01",
  "relationship": {
    "coding": [
      {
        "system": "http://terminology.hl7.org/CodeSystem/subscriber-relationship",
        "code": "self"
      }
    ],
    "text": "Self"
  },
  "period": {
    "start": "2020-01-01T00:00:00-05:00"
  },
  "payor": [
    {
      "reference": "Organization/Organization1UPMC",
      "display": "UPMC Health Plan"
    }
  ],
  "class": [
    {
      "type": {
        "coding": [
          {
            "system": "http://terminology.hl7.org/CodeSystem/coverage-class",
            "code": "group",
            "display": "Group"
          }
        ],
        "text": "An employee group"
      },
      "value": "007653",
      "name": "CORPORATE SERVICES"
    },
    {
      "type": {
        "coding": [
          {
            "system": "http://terminology.hl7.org/CodeSystem/coverage-class",
            "code": "subgroup",
            "display": "SubGroup"
          }
        ],
        "text": "A sub-group of an employee group"
      },
      "value": "C24",
      "name": "CRP SVCS ADV HSA"
    },
    {
      "type": {
        "coding": [
          {
            "system": "http://terminology.hl7.org/CodeSystem/coverage-class",
            "code": "plan",
            "display": "Plan"
          }
        ],
        "text": "A specific suite of benefits."
      },
      "value": "SEA22",
      "name": "SEA22-Advantage HSA EPO"
    }
  ],
  "network": "SEA22-Advantage HSA EPO"
}