{
  "resourceType": "ExplanationOfBenefit",
  "id": "EOBInpatient1",
  "meta": {
    "lastUpdated": "2019-12-12T09:14:11+00:00",
    "profile": [
      "http://hl7.org/fhir/us/carin-bb/StructureDefinition/CARIN-BB-ExplanationOfBenefit-Inpatient-Facility"
    ]
  },
  "language": "en-US",
  "text": {
    "status": "generated",
    "div": "<div xmlns=\"http://www.w3.org/1999/xhtml\" xml:lang=\"en-US\" lang=\"en-US\"><p><b>Generated Narrative</b></p><p><b>id</b>: EOBInpatient1</p><p><b>meta</b>: </p><p><b>language</b>: en-US</p><p><b>identifier</b>: Claim Number: AW123412341234123412341234123412</p><p><b>status</b>: active</p><p><b>type</b>: <span title=\"Codes: {http://terminology.hl7.org/CodeSystem/claim-type institutional}\">Inpatient Facility</span></p><p><b>use</b>: claim</p><p><b>patient</b>: <a href=\"Patient-Patient1.html\">Generated Summary: id: Patient1; language: en-US; Member ID: 1234-234-1243-12345678901, Medical record number: 1234-234-1243-12345678901m, Unique Member ID: 1234-234-1243-12345678901u, Patient Account Number: 1234-234-1243-12345678901a; active; Johnny Example1 ; ph: (301)666-1212; gender: male; birthDate: 1986-01-01; <span title=\"Codes: {http://terminology.hl7.org/CodeSystem/v3-NullFlavor UNK}\">unknown</span></a></p><p><b>billablePeriod</b>: Jan 1, 2019, 12:00:00 AM --&gt; Oct 31, 2019, 12:00:00 AM</p><p><b>created</b>: Jul 2, 2019, 12:00:00 AM</p><p><b>insurer</b>: <a href=\"Organization-OrganizationPayer1.html\">XXX Health Plan. Generated Summary: id: OrganizationPayer1; language: en-US; National Provider Identifier: 345678, Payer ID: 901234; active; name: Payer 1</a></p><p><b>provider</b>: <a href=\"Organization-OrganizationProvider1.html\">XXX Health Plan. Generated Summary: id: OrganizationProvider1; language: en-US; National Provider Identifier: 345678, Tax ID number: 123-45-6789; active; name: Provider 1</a></p><p><b>outcome</b>: partial</p><h3>Diagnoses</h3><table class=\"grid\"><tr><td>-</td><td><b>Sequence</b></td><td><b>Diagnosis[x]</b></td><td><b>Type</b></td></tr><tr><td>*</td><td>1</td><td><span title=\"Codes: {http://hl7.org/fhir/sid/icd-10-cm S06.0x1A}\">S06.0x1A</span></td><td><span title=\"Codes: {http://hl7.org/fhir/us/carin-bb/CodeSystem/C4BBClaimDiagnosisType principal}\">principal</span></td></tr></table><h3>Insurances</h3><table class=\"grid\"><tr><td>-</td><td><b>Focal</b></td><td><b>Coverage</b></td></tr><tr><td>*</td><td>true</td><td><a href=\"Coverage-Coverage1.html\">Generated Summary: id: Coverage1; language: en-US; Member ID: 1234-234-1243-12345678901; status: active; <span title=\"Codes: {http://terminology.hl7.org/CodeSystem/v3-ActCode HIP}\">health insurance plan policy</span>; subscriberId: 12345678901; dependent: 01; <span title=\"Codes: {http://terminology.hl7.org/CodeSystem/subscriber-relationship self}\">Self</span>; period: Jan 1, 2019, 12:00:00 AM --&gt; Oct 31, 2019, 12:00:00 AM; network: XYZ123-UPMC CONSUMER ADVA</a></td></tr></table><blockquote><p><b>total</b></p><p><b>category</b>: <span title=\"Codes: {http://hl7.org/fhir/us/carin-bb/CodeSystem/C4BBAdjudicationCS paidtoprovider}\">Payment Amount</span></p><p><b>amount</b>: </p></blockquote><blockquote><p><b>total</b></p><p><b>category</b>: <span title=\"Codes: {http://terminology.hl7.org/CodeSystem/adjudication submitted}\">Submitted Amount</span></p><p><b>amount</b>: </p></blockquote><blockquote><p><b>total</b></p><p><b>category</b>: <span title=\"Codes: {http://hl7.org/fhir/us/carin-bb/CodeSystem/C4BBAdjudicationCS paidbypatient}\">Patient Pay Amount</span></p><p><b>amount</b>: </p></blockquote><blockquote><p><b>total</b></p><p><b>category</b>: <span title=\"Codes: {http://hl7.org/fhir/us/carin-bb/CodeSystem/C4BBAdjudicationCS innetwork}\">innetwork</span></p><p><b>amount</b>: </p></blockquote></div>"
  },
  "identifier": [
    {
      "type": {
        "coding": [
          {
            "system": "http://hl7.org/fhir/us/carin-bb/CodeSystem/IdentifierTypeCS",
            "code": "cn"
          }
        ]
      },
      "system": "https://www.xxxplan.com/fhir/EOBIdentifier",
      "value": "AW123412341234123412341234123412"
    }
  ],
  "status": "active",
  "type": {
    "coding": [
      {
        "system": "http://terminology.hl7.org/CodeSystem/claim-type",
        "code": "institutional"
      }
    ],
    "text": "Inpatient Facility"
  },
  "use": "claim",
  "patient": {
    "reference": "Patient/Patient1"
  },
  "billablePeriod": {
    "start": "2019-01-01T00:00:00+00:00",
    "end": "2019-10-31T00:00:00+00:00"
  },
  "created": "2019-07-02T00:00:00+00:00",
  "insurer": {
    "reference": "Organization/OrganizationPayer1",
    "display": "XXX Health Plan"
  },
  "provider": {
    "reference": "Organization/OrganizationProvider1",
    "display": "XXX Health Plan"
  },
  "outcome": "partial",
  "diagnosis": [
    {
      "sequence": 1,
      "diagnosisCodeableConcept": {
        "coding": [
          {
            "system": "http://hl7.org/fhir/sid/icd-10-cm",
            "code": "S06.0x1A"
          }
        ]
      },
      "type": [
        {
          "coding": [
            {
              "system": "http://hl7.org/fhir/us/carin-bb/CodeSystem/C4BBClaimDiagnosisType",
              "code": "principal"
            }
          ]
        }
      ]
    }
  ],
  "insurance": [
    {
      "focal": true,
      "coverage": {
        "reference": "Coverage/Coverage1"
      }
    }
  ],
  "total": [
    {
      "category": {
        "coding": [
          {
            "system": "http://hl7.org/fhir/us/carin-bb/CodeSystem/C4BBAdjudicationCS",
            "code": "paidtoprovider"
          }
        ],
        "text": "Payment Amount"
      },
      "amount": {
        "value": 620,
        "currency": "USD"
      }
    },
    {
      "category": {
        "coding": [
          {
            "system": "http://terminology.hl7.org/CodeSystem/adjudication",
            "code": "submitted"
          }
        ],
        "text": "Submitted Amount"
      },
      "amount": {
        "value": 2650,
        "currency": "USD"
      }
    },
    {
      "category": {
        "coding": [
          {
            "system": "http://hl7.org/fhir/us/carin-bb/CodeSystem/C4BBAdjudicationCS",
            "code": "paidbypatient"
          }
        ],
        "text": "Patient Pay Amount"
      },
      "amount": {
        "value": 0,
        "currency": "USD"
      }
    },
    {
      "category": {
        "coding": [
          {
            "system": "http://hl7.org/fhir/us/carin-bb/CodeSystem/C4BBAdjudicationCS",
            "code": "innetwork"
          }
        ]
      },
      "amount": {
        "value": 0,
        "currency": "USD"
      }
    }
  ]
}