{
  "resourceType": "ImplementationGuide",
  "id": "hl7.fhir.us.carin-bb",
  "text": {
    "status": "extensions",
    "div": "<div xmlns=\"http://www.w3.org/1999/xhtml\"><h2>CARINConsumerDirectedPayerDataExchange</h2><p>The official URL for this implementation guide is: </p><pre>http://hl7.org/fhir/us/carin-bb/ImplementationGuide/hl7.fhir.us.carin-bb</pre><div><p>CARIN Consumer Directed Payer Data Exchange</p>\n</div></div>"
  },
  "url": "http://hl7.org/fhir/us/carin-bb/ImplementationGuide/hl7.fhir.us.carin-bb",
  "version": "0.4.2",
  "name": "CARINConsumerDirectedPayerDataExchange",
  "title": "CARIN Consumer Directed Payer Data Exchange",
  "status": "active",
  "date": "2020-08-31T22:37:38+00:00",
  "publisher": "HL7 Financial Management Working Group",
  "contact": [
    {
      "name": "HL7 Financial Management Working Group",
      "telecom": [
        {
          "system": "url",
          "value": "http://www.hl7.org/Special/committees/fm/index.cfm"
        },
        {
          "system": "email",
          "value": "fm@lists.HL7.org"
        }
      ]
    }
  ],
  "description": "CARIN Consumer Directed Payer Data Exchange",
  "jurisdiction": [
    {
      "coding": [
        {
          "system": "urn:iso:std:iso:3166",
          "code": "US"
        }
      ]
    }
  ],
  "packageId": "hl7.fhir.us.carin-bb",
  "license": "CC0-1.0",
  "fhirVersion": [
    "4.0.1"
  ],
  "dependsOn": [
    {
      "id": "hl7_fhir_us_core",
      "uri": "http://hl7.org/fhir/us/core/ImplementationGuide/hl7.fhir.us.core",
      "packageId": "hl7.fhir.us.core",
      "version": "3.1.0"
    }
  ],
  "definition": {
    "extension": [
      {
        "extension": [
          {
            "url": "code",
            "valueString": "copyrightyear"
          },
          {
            "url": "value",
            "valueString": "2020+"
          }
        ],
        "url": "http://hl7.org/fhir/tools/StructureDefinition/ig-parameter"
      },
      {
        "extension": [
          {
            "url": "code",
            "valueString": "releaselabel"
          },
          {
            "url": "value",
            "valueString": "STU1"
          }
        ],
        "url": "http://hl7.org/fhir/tools/StructureDefinition/ig-parameter"
      },
      {
        "extension": [
          {
            "url": "code",
            "valueString": "show-inherited-invariants"
          },
          {
            "url": "value",
            "valueString": "false"
          }
        ],
        "url": "http://hl7.org/fhir/tools/StructureDefinition/ig-parameter"
      },
      {
        "extension": [
          {
            "url": "code",
            "valueString": "apply-jurisdiction"
          },
          {
            "url": "value",
            "valueString": "true"
          }
        ],
        "url": "http://hl7.org/fhir/tools/StructureDefinition/ig-parameter"
      },
      {
        "extension": [
          {
            "url": "code",
            "valueString": "apply-publisher"
          },
          {
            "url": "value",
            "valueString": "true"
          }
        ],
        "url": "http://hl7.org/fhir/tools/StructureDefinition/ig-parameter"
      },
      {
        "extension": [
          {
            "url": "code",
            "valueString": "path-history"
          },
          {
            "url": "value",
            "valueString": "http://hl7.org/fhir/us/carin-bb/history.html"
          }
        ],
        "url": "http://hl7.org/fhir/tools/StructureDefinition/ig-parameter"
      },
      {
        "extension": [
          {
            "url": "code",
            "valueString": "autoload-resources"
          },
          {
            "url": "value",
            "valueString": "true"
          }
        ],
        "url": "http://hl7.org/fhir/tools/StructureDefinition/ig-parameter"
      },
      {
        "extension": [
          {
            "url": "code",
            "valueString": "path-liquid"
          },
          {
            "url": "value",
            "valueString": "template/liquid"
          }
        ],
        "url": "http://hl7.org/fhir/tools/StructureDefinition/ig-parameter"
      },
      {
        "extension": [
          {
            "url": "code",
            "valueString": "path-liquid"
          },
          {
            "url": "value",
            "valueString": "input/liquid"
          }
        ],
        "url": "http://hl7.org/fhir/tools/StructureDefinition/ig-parameter"
      },
      {
        "extension": [
          {
            "url": "code",
            "valueString": "path-qa"
          },
          {
            "url": "value",
            "valueString": "temp/qa"
          }
        ],
        "url": "http://hl7.org/fhir/tools/StructureDefinition/ig-parameter"
      },
      {
        "extension": [
          {
            "url": "code",
            "valueString": "path-temp"
          },
          {
            "url": "value",
            "valueString": "temp/pages"
          }
        ],
        "url": "http://hl7.org/fhir/tools/StructureDefinition/ig-parameter"
      },
      {
        "extension": [
          {
            "url": "code",
            "valueString": "path-output"
          },
          {
            "url": "value",
            "valueString": "output"
          }
        ],
        "url": "http://hl7.org/fhir/tools/StructureDefinition/ig-parameter"
      },
      {
        "extension": [
          {
            "url": "code",
            "valueString": "path-suppressed-warnings"
          },
          {
            "url": "value",
            "valueString": "input/ignoreWarnings.txt"
          }
        ],
        "url": "http://hl7.org/fhir/tools/StructureDefinition/ig-parameter"
      },
      {
        "extension": [
          {
            "url": "code",
            "valueString": "template-html"
          },
          {
            "url": "value",
            "valueString": "template-page.html"
          }
        ],
        "url": "http://hl7.org/fhir/tools/StructureDefinition/ig-parameter"
      },
      {
        "extension": [
          {
            "url": "code",
            "valueString": "template-md"
          },
          {
            "url": "value",
            "valueString": "template-page-md.html"
          }
        ],
        "url": "http://hl7.org/fhir/tools/StructureDefinition/ig-parameter"
      },
      {
        "extension": [
          {
            "url": "code",
            "valueString": "apply-contact"
          },
          {
            "url": "value",
            "valueString": "true"
          }
        ],
        "url": "http://hl7.org/fhir/tools/StructureDefinition/ig-parameter"
      },
      {
        "extension": [
          {
            "url": "code",
            "valueString": "apply-context"
          },
          {
            "url": "value",
            "valueString": "true"
          }
        ],
        "url": "http://hl7.org/fhir/tools/StructureDefinition/ig-parameter"
      },
      {
        "extension": [
          {
            "url": "code",
            "valueString": "apply-copyright"
          },
          {
            "url": "value",
            "valueString": "true"
          }
        ],
        "url": "http://hl7.org/fhir/tools/StructureDefinition/ig-parameter"
      },
      {
        "extension": [
          {
            "url": "code",
            "valueString": "apply-license"
          },
          {
            "url": "value",
            "valueString": "true"
          }
        ],
        "url": "http://hl7.org/fhir/tools/StructureDefinition/ig-parameter"
      },
      {
        "extension": [
          {
            "url": "code",
            "valueString": "apply-version"
          },
          {
            "url": "value",
            "valueString": "true"
          }
        ],
        "url": "http://hl7.org/fhir/tools/StructureDefinition/ig-parameter"
      },
      {
        "extension": [
          {
            "url": "code",
            "valueString": "active-tables"
          },
          {
            "url": "value",
            "valueString": "true"
          }
        ],
        "url": "http://hl7.org/fhir/tools/StructureDefinition/ig-parameter"
      }
    ],
    "resource": [
      {
        "extension": [
          {
            "url": "http://hl7.org/fhir/tools/StructureDefinition/resource-information",
            "valueString": "StructureDefinition:resource"
          },
          {
            "url": "http://hl7.org/fhir/StructureDefinition/implementationguide-page",
            "valueUri": "StructureDefinition-CARIN-BB-Coverage.html"
          }
        ],
        "reference": {
          "reference": "StructureDefinition/CARIN-BB-Coverage"
        },
        "name": "CARIN BB Coverage",
        "description": "Data that reflect a payer's coverage that was effective as of the date of service  or the date of admission of the claim will be added to the Coverage Profile overview.",
        "exampleBoolean": false
      },
      {
        "extension": [
          {
            "url": "http://hl7.org/fhir/tools/StructureDefinition/resource-information",
            "valueString": "StructureDefinition:resource:abstract"
          },
          {
            "url": "http://hl7.org/fhir/StructureDefinition/implementationguide-page",
            "valueUri": "StructureDefinition-CARIN-BB-ExplanationOfBenefit.html"
          }
        ],
        "reference": {
          "reference": "StructureDefinition/CARIN-BB-ExplanationOfBenefit"
        },
        "name": "CARIN BB Explanation Of Benefit",
        "description": "Abstract parent profile that includes constraints that are common to the four specific ExplanationOfBenefit (EOB) profiles defined in this Implementation Guide.\nAll EOB instances should be from one of the four non-abstract EOB profiles defined in this Implementation Guide:  Inpatient, Outpatient, Pharmacy, and Professional/NonClinician",
        "exampleBoolean": false
      },
      {
        "extension": [
          {
            "url": "http://hl7.org/fhir/tools/StructureDefinition/resource-information",
            "valueString": "StructureDefinition:resource"
          },
          {
            "url": "http://hl7.org/fhir/StructureDefinition/implementationguide-page",
            "valueUri": "StructureDefinition-CARIN-BB-ExplanationOfBenefit-Inpatient-Facility.html"
          }
        ],
        "reference": {
          "reference": "StructureDefinition/CARIN-BB-ExplanationOfBenefit-Inpatient-Facility"
        },
        "name": "CARIN BB ExplanationOfBenefit Inpatient Facility",
        "description": "The profile is used for Explanation of Benefits (EOBs) based on claims submitted by clinics, hospitals, skilled nursing facilities and other institutions for inpatient services, which may include the use of equipment and supplies, laboratory services, radiology services and other charges. Inpatient claims are submitted for services rendered at a facility as part of an overnight stay. \nThe claims data is based on the institutional claim format UB-04, submission standards adopted by the Department of Health and Human Services as form CMS-1450.",
        "exampleBoolean": false
      },
      {
        "extension": [
          {
            "url": "http://hl7.org/fhir/tools/StructureDefinition/resource-information",
            "valueString": "StructureDefinition:resource"
          },
          {
            "url": "http://hl7.org/fhir/StructureDefinition/implementationguide-page",
            "valueUri": "StructureDefinition-CARIN-BB-ExplanationOfBenefit-Outpatient-Facility.html"
          }
        ],
        "reference": {
          "reference": "StructureDefinition/CARIN-BB-ExplanationOfBenefit-Outpatient-Facility"
        },
        "name": "CARIN BB ExplanationOfBenefit Outpatient Facility",
        "description": "This profile is used for Explanation of Benefits (EOBs) based on claims submitted by clinics, hospitals, skilled nursing facilities and other institutions for outpatient services, which may include including the use of equipment and supplies, laboratory services, radiology services and other charges. Outpatient claims are submitted for services rendered at a facility that are not part of an overnight stay. \nThe claims data is based on the institutional claim form UB-04, submission standards adopted by the Department of Health and Human Services as form CMS-1450.",
        "exampleBoolean": false
      },
      {
        "extension": [
          {
            "url": "http://hl7.org/fhir/tools/StructureDefinition/resource-information",
            "valueString": "StructureDefinition:resource"
          },
          {
            "url": "http://hl7.org/fhir/StructureDefinition/implementationguide-page",
            "valueUri": "StructureDefinition-CARIN-BB-ExplanationOfBenefit-Pharmacy.html"
          }
        ],
        "reference": {
          "reference": "StructureDefinition/CARIN-BB-ExplanationOfBenefit-Pharmacy"
        },
        "name": "CARIN BB ExplanationOfBenefit Pharmacy",
        "description": "This profile is used for Explanation of Benefits (EOBs) based on claims submitted by retail pharmacies. \nThe claims data is based on submission standards adopted by the Department of Health and Human Services defined by NCPDP (National Council for Prescription Drug Program)",
        "exampleBoolean": false
      },
      {
        "extension": [
          {
            "url": "http://hl7.org/fhir/tools/StructureDefinition/resource-information",
            "valueString": "StructureDefinition:resource"
          },
          {
            "url": "http://hl7.org/fhir/StructureDefinition/implementationguide-page",
            "valueUri": "StructureDefinition-CARIN-BB-ExplanationOfBenefit-Professional-NonClinician.html"
          }
        ],
        "reference": {
          "reference": "StructureDefinition/CARIN-BB-ExplanationOfBenefit-Professional-NonClinician"
        },
        "name": "CARIN BB ExplanationOfBenefit Professional NonClinician",
        "description": "This profile is used for Explanation of Benefits (EOBs) based on claims submitted by physicians, suppliers and other non-institutional providers for professional services. These services may be rendered in inpatient or outpatient, including office locations. \nThe claims data is based on the professional claim form 1500, submission standards adopted by the Department of Health and Human Services as form CMS-1500.",
        "exampleBoolean": false
      },
      {
        "extension": [
          {
            "url": "http://hl7.org/fhir/tools/StructureDefinition/resource-information",
            "valueString": "StructureDefinition:resource"
          },
          {
            "url": "http://hl7.org/fhir/StructureDefinition/implementationguide-page",
            "valueUri": "StructureDefinition-CARIN-BB-Organization.html"
          }
        ],
        "reference": {
          "reference": "StructureDefinition/CARIN-BB-Organization"
        },
        "name": "CARIN BB Organization",
        "description": "This profile builds upon the US Core Organization profile. It is used to convey a payer or provider organization may be updated to include service facility pending resolution of FHIR-26705.\n.",
        "exampleBoolean": false
      },
      {
        "extension": [
          {
            "url": "http://hl7.org/fhir/tools/StructureDefinition/resource-information",
            "valueString": "StructureDefinition:resource"
          },
          {
            "url": "http://hl7.org/fhir/StructureDefinition/implementationguide-page",
            "valueUri": "StructureDefinition-CARIN-BB-Patient.html"
          }
        ],
        "reference": {
          "reference": "StructureDefinition/CARIN-BB-Patient"
        },
        "name": "CARIN BB Patient",
        "description": "This profile builds upon the US Core Organization profile. It is used to convey patient information about the patient who received the services described on the claim.",
        "exampleBoolean": false
      },
      {
        "extension": [
          {
            "url": "http://hl7.org/fhir/tools/StructureDefinition/resource-information",
            "valueString": "StructureDefinition:resource"
          },
          {
            "url": "http://hl7.org/fhir/StructureDefinition/implementationguide-page",
            "valueUri": "StructureDefinition-CARIN-BB-Practitioner.html"
          }
        ],
        "reference": {
          "reference": "StructureDefinition/CARIN-BB-Practitioner"
        },
        "name": "CARIN BB Practitioner",
        "description": "This profile builds upon the US Core Organization profile. It is used to convey patient information about the patient who received the services described on the claim.",
        "exampleBoolean": false
      },
      {
        "extension": [
          {
            "url": "http://hl7.org/fhir/tools/StructureDefinition/resource-information",
            "valueString": "ValueSet"
          },
          {
            "url": "http://hl7.org/fhir/StructureDefinition/implementationguide-page",
            "valueUri": "ValueSet-AHANUBCPatientDischargeStatus.html"
          }
        ],
        "reference": {
          "reference": "ValueSet/AHANUBCPatientDischargeStatus"
        },
        "name": "AHA NUBC Patient Discharge Status",
        "description": "UB-04 Patient Discharge Status (FL-17)",
        "exampleBoolean": false
      },
      {
        "extension": [
          {
            "url": "http://hl7.org/fhir/tools/StructureDefinition/resource-information",
            "valueString": "ValueSet"
          },
          {
            "url": "http://hl7.org/fhir/StructureDefinition/implementationguide-page",
            "valueUri": "ValueSet-AHANUBCPointOfOriginForAdmissionOrVisit.html"
          }
        ],
        "reference": {
          "reference": "ValueSet/AHANUBCPointOfOriginForAdmissionOrVisit"
        },
        "name": "UB-04 Point of Origin for Admission or Visit (FL-15)",
        "description": "NUBC Point of Origin for Admission or Visit.",
        "exampleBoolean": false
      },
      {
        "extension": [
          {
            "url": "http://hl7.org/fhir/tools/StructureDefinition/resource-information",
            "valueString": "ValueSet"
          },
          {
            "url": "http://hl7.org/fhir/StructureDefinition/implementationguide-page",
            "valueUri": "ValueSet-AHANUBCPresentOnAdmission.html"
          }
        ],
        "reference": {
          "reference": "ValueSet/AHANUBCPresentOnAdmission"
        },
        "name": "AHA NUBC Present On Admission",
        "description": "UB-04 Present on Admission (FL-67)",
        "exampleBoolean": false
      },
      {
        "extension": [
          {
            "url": "http://hl7.org/fhir/tools/StructureDefinition/resource-information",
            "valueString": "ValueSet"
          },
          {
            "url": "http://hl7.org/fhir/StructureDefinition/implementationguide-page",
            "valueUri": "ValueSet-AHANUBCPriorityTypeOfAdmissionOrVisit.html"
          }
        ],
        "reference": {
          "reference": "ValueSet/AHANUBCPriorityTypeOfAdmissionOrVisit"
        },
        "name": "AHA NUBC Priority Type Of Admission Or Visit",
        "description": "AHA NUBC Priority Type Of Admission Or Visit",
        "exampleBoolean": false
      },
      {
        "extension": [
          {
            "url": "http://hl7.org/fhir/tools/StructureDefinition/resource-information",
            "valueString": "ValueSet"
          },
          {
            "url": "http://hl7.org/fhir/StructureDefinition/implementationguide-page",
            "valueUri": "ValueSet-AHANUBCRevenueCodes.html"
          }
        ],
        "reference": {
          "reference": "ValueSet/AHANUBCRevenueCodes"
        },
        "name": "UB-04 Revenue Code (FL-42).",
        "description": "NUBC Revenue codes are used to convey specific accomodation, ancillary service or unique billing calculations or arrangements. They are listed within the UB-04 Data Specifications Manual and maintained by the National Uniform Billing Committee (NUBC)",
        "exampleBoolean": false
      },
      {
        "extension": [
          {
            "url": "http://hl7.org/fhir/tools/StructureDefinition/resource-information",
            "valueString": "ValueSet"
          },
          {
            "url": "http://hl7.org/fhir/StructureDefinition/implementationguide-page",
            "valueUri": "ValueSet-AHANUBCTypeOfBill.html"
          }
        ],
        "reference": {
          "reference": "ValueSet/AHANUBCTypeOfBill"
        },
        "name": "UB-04 Type of Bill (FL-4)",
        "description": "AHA NUBC Type of Bill codes.",
        "exampleBoolean": false
      },
      {
        "extension": [
          {
            "url": "http://hl7.org/fhir/tools/StructureDefinition/resource-information",
            "valueString": "ValueSet"
          },
          {
            "url": "http://hl7.org/fhir/StructureDefinition/implementationguide-page",
            "valueUri": "ValueSet-AMACPTCMSHCPCSModifiers.html"
          }
        ],
        "reference": {
          "reference": "ValueSet/AMACPTCMSHCPCSModifiers"
        },
        "name": "AMA CPT CMS HCPCS Modifiers",
        "description": "The Value Set is a combination of two Code Systems: CPT (HCPCS I) and HCPCS II procedure code modifiers. \nModifiers help further describe a procedure code without changing its definition. CPT codes are available by subscription from the AMA at http://www.ama-assn.org/go/cpt. \nHCPCS codes are available at https://www.cms.gov/Medicare/Coding/HCPCSReleaseCodeSets/Alpha-Numeric-HCPCS.html. \nThe link takes one to a list of files. The HCPCS ANWEB files include modifier and procedure codes. The target set for this Code System is the procedure code modifiers from this file.",
        "exampleBoolean": false
      },
      {
        "extension": [
          {
            "url": "http://hl7.org/fhir/tools/StructureDefinition/resource-information",
            "valueString": "ValueSet"
          },
          {
            "url": "http://hl7.org/fhir/StructureDefinition/implementationguide-page",
            "valueUri": "ValueSet-AMACPTCMSHCPCSProcedureCodes.html"
          }
        ],
        "reference": {
          "reference": "ValueSet/AMACPTCMSHCPCSProcedureCodes"
        },
        "name": "AMA CPT CMS HCPCS Procedure Codes",
        "description": "The Value Set is a combination of two Code Systems: CPT (HCPCS I) and HCPCS II procedure codes. They are submitted by providers to payers to convey the specific \nprocedure performed. AMA CPT CMS HCPCS Procedure Codes leverage US Core Procedure Codes composition. CPT codes are available by subscription from the AMA at http://www.ama-assn.org/go/cpt. \nHCPCS codes are available at https://www.cms.gov/Medicare/Coding/HCPCSReleaseCodeSets/Alpha-Numeric-HCPCS.html. \nThe link takes one to a list of files. The HCPCS ANWEB files include modifier and procedure codes. The target set for this Code System is the procedure codes from this file.",
        "exampleBoolean": false
      },
      {
        "extension": [
          {
            "url": "http://hl7.org/fhir/tools/StructureDefinition/resource-information",
            "valueString": "ValueSet"
          },
          {
            "url": "http://hl7.org/fhir/StructureDefinition/implementationguide-page",
            "valueUri": "ValueSet-C4BBAdjudication.html"
          }
        ],
        "reference": {
          "reference": "ValueSet/C4BBAdjudication"
        },
        "name": "Adjudication CARINBB Value Codes",
        "description": "As per Jira FHIR-26992... HL7 Requested to fix HL7 Adjudication codesystem",
        "exampleBoolean": false
      },
      {
        "extension": [
          {
            "url": "http://hl7.org/fhir/tools/StructureDefinition/resource-information",
            "valueString": "ValueSet"
          },
          {
            "url": "http://hl7.org/fhir/StructureDefinition/implementationguide-page",
            "valueUri": "ValueSet-C4BBClaimInpatientInstitutionalDiagnosisType.html"
          }
        ],
        "reference": {
          "reference": "ValueSet/C4BBClaimInpatientInstitutionalDiagnosisType"
        },
        "name": "Diagnosis Type -- Inpatient Facility",
        "description": "Payer Inpatient Facility Diagnosis Type",
        "exampleBoolean": false
      },
      {
        "extension": [
          {
            "url": "http://hl7.org/fhir/tools/StructureDefinition/resource-information",
            "valueString": "ValueSet"
          },
          {
            "url": "http://hl7.org/fhir/StructureDefinition/implementationguide-page",
            "valueUri": "ValueSet-C4BBClaimInstitutionalCareTeamRole.html"
          }
        ],
        "reference": {
          "reference": "ValueSet/C4BBClaimInstitutionalCareTeamRole"
        },
        "name": "C4BB Claim Institutional Care Team Role ",
        "description": "Describes functional roles of the care team members.",
        "exampleBoolean": false
      },
      {
        "extension": [
          {
            "url": "http://hl7.org/fhir/tools/StructureDefinition/resource-information",
            "valueString": "ValueSet"
          },
          {
            "url": "http://hl7.org/fhir/StructureDefinition/implementationguide-page",
            "valueUri": "ValueSet-C4BBClaimOutpatientInstitutionalDiagnosisType.html"
          }
        ],
        "reference": {
          "reference": "ValueSet/C4BBClaimOutpatientInstitutionalDiagnosisType"
        },
        "name": "Diagnosis Type -- Outpatient Facility",
        "description": "Payer Outpatient Facility Diagnosis Type",
        "exampleBoolean": false
      },
      {
        "extension": [
          {
            "url": "http://hl7.org/fhir/tools/StructureDefinition/resource-information",
            "valueString": "ValueSet"
          },
          {
            "url": "http://hl7.org/fhir/StructureDefinition/implementationguide-page",
            "valueUri": "ValueSet-C4BBClaimPharmacyTeamRole.html"
          }
        ],
        "reference": {
          "reference": "ValueSet/C4BBClaimPharmacyTeamRole"
        },
        "name": "CARINBB Pharmacy CareTeam Roles",
        "description": "Indicates the role of the provider providing the care.",
        "exampleBoolean": false
      },
      {
        "extension": [
          {
            "url": "http://hl7.org/fhir/tools/StructureDefinition/resource-information",
            "valueString": "ValueSet"
          },
          {
            "url": "http://hl7.org/fhir/StructureDefinition/implementationguide-page",
            "valueUri": "ValueSet-C4BBClaimProfessionalAndNonClinicianCareTeamRole.html"
          }
        ],
        "reference": {
          "reference": "ValueSet/C4BBClaimProfessionalAndNonClinicianCareTeamRole"
        },
        "name": "C4BB Claim Professional And Non Clinician Care Team Role ",
        "description": "Describes functional roles of the care team members",
        "exampleBoolean": false
      },
      {
        "extension": [
          {
            "url": "http://hl7.org/fhir/tools/StructureDefinition/resource-information",
            "valueString": "ValueSet"
          },
          {
            "url": "http://hl7.org/fhir/StructureDefinition/implementationguide-page",
            "valueUri": "ValueSet-C4BBClaimProfessionalAndNonClinicianDiagnosisType.html"
          }
        ],
        "reference": {
          "reference": "ValueSet/C4BBClaimProfessionalAndNonClinicianDiagnosisType"
        },
        "name": "Diagnosis Type -- Professional and Non-Clinician",
        "description": "Payer Professional and Non-Clinician Diagnosis Type",
        "exampleBoolean": false
      },
      {
        "extension": [
          {
            "url": "http://hl7.org/fhir/tools/StructureDefinition/resource-information",
            "valueString": "ValueSet"
          },
          {
            "url": "http://hl7.org/fhir/StructureDefinition/implementationguide-page",
            "valueUri": "ValueSet-C4BBPayerBenefitPaymentStatus.html"
          }
        ],
        "reference": {
          "reference": "ValueSet/C4BBPayerBenefitPaymentStatus"
        },
        "name": "Benefit Payment Status",
        "description": "Indicates the in network or out of network payment status of the claim.",
        "exampleBoolean": false
      },
      {
        "extension": [
          {
            "url": "http://hl7.org/fhir/tools/StructureDefinition/resource-information",
            "valueString": "ValueSet"
          },
          {
            "url": "http://hl7.org/fhir/StructureDefinition/implementationguide-page",
            "valueUri": "ValueSet-C4BBPayerClaimPaymentStatusCode.html"
          }
        ],
        "reference": {
          "reference": "ValueSet/C4BBPayerClaimPaymentStatusCode"
        },
        "name": "Claim Payment Status Code",
        "description": "Indicates whether the claim / item was paid or denied.",
        "exampleBoolean": false
      },
      {
        "extension": [
          {
            "url": "http://hl7.org/fhir/tools/StructureDefinition/resource-information",
            "valueString": "ValueSet"
          },
          {
            "url": "http://hl7.org/fhir/StructureDefinition/implementationguide-page",
            "valueUri": "ValueSet-C4BBPayerProviderContractingStatus.html"
          }
        ],
        "reference": {
          "reference": "ValueSet/C4BBPayerProviderContractingStatus"
        },
        "name": "Provider Provider Contracting Status",
        "description": "Indicates that the Provider has a contract with the Plan (regardless of the network) as of the effective date of service or admission.",
        "exampleBoolean": false
      },
      {
        "extension": [
          {
            "url": "http://hl7.org/fhir/tools/StructureDefinition/resource-information",
            "valueString": "ValueSet"
          },
          {
            "url": "http://hl7.org/fhir/StructureDefinition/implementationguide-page",
            "valueUri": "ValueSet-CMSDRG.html"
          }
        ],
        "reference": {
          "reference": "ValueSet/CMSDRG"
        },
        "name": "CMS-DRG",
        "description": "Diagnosis Related Group - any of the payment categories that are used to classify patients and especially Medicare patients for the purpose of reimbursing hospitals for each case in a \ngiven category with a fixed fee regardless of the actual costs incurred (Other DRGs, such as AP-DRGs, requires defining their specific Value Sets and Code Systems.) \nhttps://www.cms.gov/Medicare/Medicare-Fee-for-Service-Payment/AcuteInpatientPPS/MS-DRG-Classifications-and-Software.html This link takes one to a list of files. The code set is owned by CMS and is available for use.",
        "exampleBoolean": false
      },
      {
        "extension": [
          {
            "url": "http://hl7.org/fhir/tools/StructureDefinition/resource-information",
            "valueString": "ValueSet"
          },
          {
            "url": "http://hl7.org/fhir/StructureDefinition/implementationguide-page",
            "valueUri": "ValueSet-CMSPlaceOfService.html"
          }
        ],
        "reference": {
          "reference": "ValueSet/CMSPlaceOfService"
        },
        "name": "CMS Place of Service",
        "description": "Place of Service codes are placed on health care professional claims to indicate the setting in which a service was provided. \nCMS Place of Service codes are available at https://www.cms.gov/Medicare/Coding/place-of-service-codes/Place_of_Service_Code_Set.html.",
        "exampleBoolean": false
      },
      {
        "extension": [
          {
            "url": "http://hl7.org/fhir/tools/StructureDefinition/resource-information",
            "valueString": "ValueSet"
          },
          {
            "url": "http://hl7.org/fhir/StructureDefinition/implementationguide-page",
            "valueUri": "ValueSet-ClaimInformationCategory.html"
          }
        ],
        "reference": {
          "reference": "ValueSet/ClaimInformationCategory"
        },
        "name": "Claim Information Category",
        "description": "Claim Information Category - Used as the discriminator for supportingInfo",
        "exampleBoolean": false
      },
      {
        "extension": [
          {
            "url": "http://hl7.org/fhir/tools/StructureDefinition/resource-information",
            "valueString": "ValueSet"
          },
          {
            "url": "http://hl7.org/fhir/StructureDefinition/implementationguide-page",
            "valueUri": "ValueSet-FDANDC.html"
          }
        ],
        "reference": {
          "reference": "ValueSet/FDANDC"
        },
        "name": "FDA NDC",
        "description": "National Drug Code (NDC).  The US Federal Drug Administration (FDA) Data Standards Council assigns the first 5 digits of the 11 digit code.  NCPDP field # 407-D7.  ",
        "exampleBoolean": false
      },
      {
        "extension": [
          {
            "url": "http://hl7.org/fhir/tools/StructureDefinition/resource-information",
            "valueString": "ValueSet"
          },
          {
            "url": "http://hl7.org/fhir/StructureDefinition/implementationguide-page",
            "valueUri": "ValueSet-FDANDCOrCompound.html"
          }
        ],
        "reference": {
          "reference": "ValueSet/FDANDCOrCompound"
        },
        "name": "FDA NDC or Compound ",
        "description": "National Drug Code (NDC).  The US Federal Drug Administration (FDA) Data Standards Council assigns the first 5 digits of the 11 digit code.  NCPDP field # 407-D7.  \nValues will be the NDC Codes when the Compound Code value is 0 or 1.  When the Compound Code value = 2, the value will be the literal, ‘compound’",
        "exampleBoolean": false
      },
      {
        "extension": [
          {
            "url": "http://hl7.org/fhir/tools/StructureDefinition/resource-information",
            "valueString": "ValueSet"
          },
          {
            "url": "http://hl7.org/fhir/StructureDefinition/implementationguide-page",
            "valueUri": "ValueSet-FDANationalDrugCode.html"
          }
        ],
        "reference": {
          "reference": "ValueSet/FDANationalDrugCode"
        },
        "name": "FDA National Drug Code (NDC)",
        "description": "FDA National Drug Code (NDC)",
        "exampleBoolean": false
      },
      {
        "extension": [
          {
            "url": "http://hl7.org/fhir/tools/StructureDefinition/resource-information",
            "valueString": "ValueSet"
          },
          {
            "url": "http://hl7.org/fhir/StructureDefinition/implementationguide-page",
            "valueUri": "ValueSet-ICD10CM.html"
          }
        ],
        "reference": {
          "reference": "ValueSet/ICD10CM"
        },
        "name": "ICD-10-CM Diagnosis Codes",
        "description": "ICD-10-CM Diagnosis Codes.",
        "exampleBoolean": false
      },
      {
        "extension": [
          {
            "url": "http://hl7.org/fhir/tools/StructureDefinition/resource-information",
            "valueString": "ValueSet"
          },
          {
            "url": "http://hl7.org/fhir/StructureDefinition/implementationguide-page",
            "valueUri": "ValueSet-ICD10PCS.html"
          }
        ],
        "reference": {
          "reference": "ValueSet/ICD10PCS"
        },
        "name": "ICD-10-PCS",
        "description": "ICD-10-PCS",
        "exampleBoolean": false
      },
      {
        "extension": [
          {
            "url": "http://hl7.org/fhir/tools/StructureDefinition/resource-information",
            "valueString": "ValueSet"
          },
          {
            "url": "http://hl7.org/fhir/StructureDefinition/implementationguide-page",
            "valueUri": "ValueSet-NCPDPBrandGenericCode.html"
          }
        ],
        "reference": {
          "reference": "ValueSet/NCPDPBrandGenericCode"
        },
        "name": "NCPDP Brand Generic Code",
        "description": "Indicates whether the plan adjudicated the claim as a brand or generic drug. NCPDP field # 686.",
        "exampleBoolean": false
      },
      {
        "extension": [
          {
            "url": "http://hl7.org/fhir/tools/StructureDefinition/resource-information",
            "valueString": "ValueSet"
          },
          {
            "url": "http://hl7.org/fhir/StructureDefinition/implementationguide-page",
            "valueUri": "ValueSet-NCPDPCompoundCode.html"
          }
        ],
        "reference": {
          "reference": "ValueSet/NCPDPCompoundCode"
        },
        "name": "NCPDP Compound Code",
        "description": "Indicates whether or not the prescription is a compound NCPDP field # 406-D6.",
        "exampleBoolean": false
      },
      {
        "extension": [
          {
            "url": "http://hl7.org/fhir/tools/StructureDefinition/resource-information",
            "valueString": "ValueSet"
          },
          {
            "url": "http://hl7.org/fhir/StructureDefinition/implementationguide-page",
            "valueUri": "ValueSet-NCPDPDispensedAsWritten.html"
          }
        ],
        "reference": {
          "reference": "ValueSet/NCPDPDispensedAsWritten"
        },
        "name": "NCPDP Dispensed As Written Or Product Selection Code",
        "description": "Prescriber's instruction regarding substitution of generic equivalents or order to dispense the specific prescribed medication. NCPDP field # 408-D8.",
        "exampleBoolean": false
      },
      {
        "extension": [
          {
            "url": "http://hl7.org/fhir/tools/StructureDefinition/resource-information",
            "valueString": "ValueSet"
          },
          {
            "url": "http://hl7.org/fhir/StructureDefinition/implementationguide-page",
            "valueUri": "ValueSet-NCPDPPrescriptionOriginCode.html"
          }
        ],
        "reference": {
          "reference": "ValueSet/NCPDPPrescriptionOriginCode"
        },
        "name": "NCPDP Prescription Origin Code",
        "description": "Indicates whether the prescription was transmitted as an electronic prescription, by phone, by fax, or as a written paper copy. NCPDP field # 419-DJ.",
        "exampleBoolean": false
      },
      {
        "extension": [
          {
            "url": "http://hl7.org/fhir/tools/StructureDefinition/resource-information",
            "valueString": "ValueSet"
          },
          {
            "url": "http://hl7.org/fhir/StructureDefinition/implementationguide-page",
            "valueUri": "ValueSet-PatientIdentifierType.html"
          }
        ],
        "reference": {
          "reference": "ValueSet/PatientIdentifierType"
        },
        "name": "Patient Identifier Type",
        "description": "Patient Identifier Type",
        "exampleBoolean": false
      },
      {
        "extension": [
          {
            "url": "http://hl7.org/fhir/tools/StructureDefinition/resource-information",
            "valueString": "ValueSet"
          },
          {
            "url": "http://hl7.org/fhir/StructureDefinition/implementationguide-page",
            "valueUri": "ValueSet-X12CARCCMSRARC.html"
          }
        ],
        "reference": {
          "reference": "ValueSet/X12CARCCMSRARC"
        },
        "name": " X12 Claim Adjustment Reason Codes (CARC) and CMS Remittance Advice Remark Codes (RARC)",
        "description": "The Value Set is a combination of two sets of codes: X12 Claim Adjustment Reason Codes (CARC) and CMS Remittance Advice Remark Codes (RARC). \nCARC codes describe why a claim or service line was paid differently than it was billed. RARC codes provide additional explanation for an adjustment already described by a \nClaim Adjustment Reason Code (CARC) or convey information about remittance processing. CARC codes are owned, maintained and distributed by X12. \nRARC codes are available at http://www.wpc-edi.com/reference/codelists/healthcare/remittance-advice-remark-codes.",
        "exampleBoolean": false
      },
      {
        "extension": [
          {
            "url": "http://hl7.org/fhir/tools/StructureDefinition/resource-information",
            "valueString": "CodeSystem"
          },
          {
            "url": "http://hl7.org/fhir/StructureDefinition/implementationguide-page",
            "valueUri": "CodeSystem-AHANUBCPatientDischargeStatusCS.html"
          }
        ],
        "reference": {
          "reference": "CodeSystem/AHANUBCPatientDischargeStatusCS"
        },
        "name": "AHA NUBC Discharge Status",
        "description": "UB-04 Patient Discharge Status (FL-17)",
        "exampleBoolean": false
      },
      {
        "extension": [
          {
            "url": "http://hl7.org/fhir/tools/StructureDefinition/resource-information",
            "valueString": "CodeSystem"
          },
          {
            "url": "http://hl7.org/fhir/StructureDefinition/implementationguide-page",
            "valueUri": "CodeSystem-AHANUBCPointOfOriginForAdmissionOrVisitCS.html"
          }
        ],
        "reference": {
          "reference": "CodeSystem/AHANUBCPointOfOriginForAdmissionOrVisitCS"
        },
        "name": "AHA NUBC Point Of Origin For Admission Or Visit",
        "description": "UB-04 Point of Origin for Admission or Visit (FL-15)",
        "exampleBoolean": false
      },
      {
        "extension": [
          {
            "url": "http://hl7.org/fhir/tools/StructureDefinition/resource-information",
            "valueString": "CodeSystem"
          },
          {
            "url": "http://hl7.org/fhir/StructureDefinition/implementationguide-page",
            "valueUri": "CodeSystem-AHANUBCPresentOnAdmissionCS.html"
          }
        ],
        "reference": {
          "reference": "CodeSystem/AHANUBCPresentOnAdmissionCS"
        },
        "name": "AHA NUBC PresentOn Admission",
        "description": "UB-04 Present on Admission (FL-67).",
        "exampleBoolean": false
      },
      {
        "extension": [
          {
            "url": "http://hl7.org/fhir/tools/StructureDefinition/resource-information",
            "valueString": "CodeSystem"
          },
          {
            "url": "http://hl7.org/fhir/StructureDefinition/implementationguide-page",
            "valueUri": "CodeSystem-AHANUBCPriorityTypeOfAdmissionOrVisitCS.html"
          }
        ],
        "reference": {
          "reference": "CodeSystem/AHANUBCPriorityTypeOfAdmissionOrVisitCS"
        },
        "name": "AHA NUBC Priority Type Of Admission Or Visit",
        "description": "UB-04 Priority (Type) of Admission or Visit (FL-14).",
        "exampleBoolean": false
      },
      {
        "extension": [
          {
            "url": "http://hl7.org/fhir/tools/StructureDefinition/resource-information",
            "valueString": "CodeSystem"
          },
          {
            "url": "http://hl7.org/fhir/StructureDefinition/implementationguide-page",
            "valueUri": "CodeSystem-AHANUBCRevenueCodesCS.html"
          }
        ],
        "reference": {
          "reference": "CodeSystem/AHANUBCRevenueCodesCS"
        },
        "name": "AHA NUBC Revenue Codes",
        "description": "UB-04 Revenue Code (FL-42).",
        "exampleBoolean": false
      },
      {
        "extension": [
          {
            "url": "http://hl7.org/fhir/tools/StructureDefinition/resource-information",
            "valueString": "CodeSystem"
          },
          {
            "url": "http://hl7.org/fhir/StructureDefinition/implementationguide-page",
            "valueUri": "CodeSystem-AHANUBCTypeOfBillCS.html"
          }
        ],
        "reference": {
          "reference": "CodeSystem/AHANUBCTypeOfBillCS"
        },
        "name": "AHA NUBC Type of Bill",
        "description": "AHA NUBC Type of Bill codes.",
        "exampleBoolean": false
      },
      {
        "extension": [
          {
            "url": "http://hl7.org/fhir/tools/StructureDefinition/resource-information",
            "valueString": "CodeSystem"
          },
          {
            "url": "http://hl7.org/fhir/StructureDefinition/implementationguide-page",
            "valueUri": "CodeSystem-AMACPTCS.html"
          }
        ],
        "reference": {
          "reference": "CodeSystem/AMACPTCS"
        },
        "name": "AMA CPT",
        "description": "American Medical Association (AMA) Current Procedural Codes (CPT)",
        "exampleBoolean": false
      },
      {
        "extension": [
          {
            "url": "http://hl7.org/fhir/tools/StructureDefinition/resource-information",
            "valueString": "CodeSystem"
          },
          {
            "url": "http://hl7.org/fhir/StructureDefinition/implementationguide-page",
            "valueUri": "CodeSystem-AMACPTModifiersCS.html"
          }
        ],
        "reference": {
          "reference": "CodeSystem/AMACPTModifiersCS"
        },
        "name": "AMA CPT Modifiers",
        "description": "American Medical Association (AMA) Current Procedural Codes (CPT) Modifiers",
        "exampleBoolean": false
      },
      {
        "extension": [
          {
            "url": "http://hl7.org/fhir/tools/StructureDefinition/resource-information",
            "valueString": "CodeSystem"
          },
          {
            "url": "http://hl7.org/fhir/StructureDefinition/implementationguide-page",
            "valueUri": "CodeSystem-C4BBAdjudicationCS.html"
          }
        ],
        "reference": {
          "reference": "CodeSystem/C4BBAdjudicationCS"
        },
        "name": "C4BB Adjudication",
        "description": "Describes the various amount fields used when payers receive and adjudicate a claim.  It complements the values defined in http://terminology.hl7.org/CodeSystem/adjudication.",
        "exampleBoolean": false
      },
      {
        "extension": [
          {
            "url": "http://hl7.org/fhir/tools/StructureDefinition/resource-information",
            "valueString": "CodeSystem"
          },
          {
            "url": "http://hl7.org/fhir/StructureDefinition/implementationguide-page",
            "valueUri": "CodeSystem-C4BBBCompoundLiteralCS.html"
          }
        ],
        "reference": {
          "reference": "CodeSystem/C4BBBCompoundLiteralCS"
        },
        "name": "C4BB Compound Literal Code System",
        "description": "CodeSystem for a Literal 'compound' value",
        "exampleBoolean": false
      },
      {
        "extension": [
          {
            "url": "http://hl7.org/fhir/tools/StructureDefinition/resource-information",
            "valueString": "CodeSystem"
          },
          {
            "url": "http://hl7.org/fhir/StructureDefinition/implementationguide-page",
            "valueUri": "CodeSystem-C4BBClaimCareTeamRoleCS.html"
          }
        ],
        "reference": {
          "reference": "CodeSystem/C4BBClaimCareTeamRoleCS"
        },
        "name": "Payer Provider Role",
        "description": "Payer Provider Role",
        "exampleBoolean": false
      },
      {
        "extension": [
          {
            "url": "http://hl7.org/fhir/tools/StructureDefinition/resource-information",
            "valueString": "CodeSystem"
          },
          {
            "url": "http://hl7.org/fhir/StructureDefinition/implementationguide-page",
            "valueUri": "CodeSystem-C4BBClaimDiagnosisType.html"
          }
        ],
        "reference": {
          "reference": "CodeSystem/C4BBClaimDiagnosisType"
        },
        "name": "Payer Diagnosis Type",
        "description": "Payer Diagnosis Type",
        "exampleBoolean": false
      },
      {
        "extension": [
          {
            "url": "http://hl7.org/fhir/tools/StructureDefinition/resource-information",
            "valueString": "CodeSystem"
          },
          {
            "url": "http://hl7.org/fhir/StructureDefinition/implementationguide-page",
            "valueUri": "CodeSystem-CMSDRGCS.html"
          }
        ],
        "reference": {
          "reference": "CodeSystem/CMSDRGCS"
        },
        "name": "CMS Diagnosis Related Group (DRG)",
        "description": "Diagnosis Related Group - any of the payment categories that are used to classify patients and especially Medicare patients for the purpose of reimbursing hospitals for each case in a given \ncategory with a fixed fee regardless of the actual costs incurred (Other DRGs, such as AP-DRGs, requires defining their specific Value Sets and Code Systems.)",
        "exampleBoolean": false
      },
      {
        "extension": [
          {
            "url": "http://hl7.org/fhir/tools/StructureDefinition/resource-information",
            "valueString": "CodeSystem"
          },
          {
            "url": "http://hl7.org/fhir/StructureDefinition/implementationguide-page",
            "valueUri": "CodeSystem-CMSPlaceOfServiceCS.html"
          }
        ],
        "reference": {
          "reference": "CodeSystem/CMSPlaceOfServiceCS"
        },
        "name": "CMS Place of Service",
        "description": "Place of Service codes are placed on health care professional claims to indicate the setting in which a service was provided. \nCMS Place of Service codes are available at https://www.cms.gov/Medicare/Coding/place-of-service-codes/Place_of_Service_Code_Set.html.",
        "exampleBoolean": false
      },
      {
        "extension": [
          {
            "url": "http://hl7.org/fhir/tools/StructureDefinition/resource-information",
            "valueString": "CodeSystem"
          },
          {
            "url": "http://hl7.org/fhir/StructureDefinition/implementationguide-page",
            "valueUri": "CodeSystem-CMSRARCCS.html"
          }
        ],
        "reference": {
          "reference": "CodeSystem/CMSRARCCS"
        },
        "name": "CMS Remittance Advice Remark Codes (RARC)",
        "description": "Denial Reasons - Reason codes used to interpret the adjudication denial reason",
        "exampleBoolean": false
      },
      {
        "extension": [
          {
            "url": "http://hl7.org/fhir/tools/StructureDefinition/resource-information",
            "valueString": "CodeSystem"
          },
          {
            "url": "http://hl7.org/fhir/StructureDefinition/implementationguide-page",
            "valueUri": "CodeSystem-ClaimAdjudicationCategoryCS.html"
          }
        ],
        "reference": {
          "reference": "CodeSystem/ClaimAdjudicationCategoryCS"
        },
        "name": "Claim Adjudication Category",
        "description": "Values for EOB.item.adjudication.category and total.category",
        "exampleBoolean": false
      },
      {
        "extension": [
          {
            "url": "http://hl7.org/fhir/tools/StructureDefinition/resource-information",
            "valueString": "CodeSystem"
          },
          {
            "url": "http://hl7.org/fhir/StructureDefinition/implementationguide-page",
            "valueUri": "CodeSystem-ClaimInformationCategoryCS.html"
          }
        ],
        "reference": {
          "reference": "CodeSystem/ClaimInformationCategoryCS"
        },
        "name": "Claim Information Category",
        "description": "Claim Information Category - Used as the discriminator for supportingInfo",
        "exampleBoolean": false
      },
      {
        "extension": [
          {
            "url": "http://hl7.org/fhir/tools/StructureDefinition/resource-information",
            "valueString": "CodeSystem"
          },
          {
            "url": "http://hl7.org/fhir/StructureDefinition/implementationguide-page",
            "valueUri": "CodeSystem-FDANationalDrugCodeCS.html"
          }
        ],
        "reference": {
          "reference": "CodeSystem/FDANationalDrugCodeCS"
        },
        "name": "FDA National Drug Code (NDC)",
        "description": "NCPDP field # 407-D7 National Drug Code (NDC)",
        "exampleBoolean": false
      },
      {
        "extension": [
          {
            "url": "http://hl7.org/fhir/tools/StructureDefinition/resource-information",
            "valueString": "CodeSystem"
          },
          {
            "url": "http://hl7.org/fhir/StructureDefinition/implementationguide-page",
            "valueUri": "CodeSystem-HCPCSModifiersCS.html"
          }
        ],
        "reference": {
          "reference": "CodeSystem/HCPCSModifiersCS"
        },
        "name": "AMA CPT Modifiers",
        "description": "Healthcare Common Procedure Coding System (HCPCS) Procedure Code Modifiers",
        "exampleBoolean": false
      },
      {
        "extension": [
          {
            "url": "http://hl7.org/fhir/tools/StructureDefinition/resource-information",
            "valueString": "CodeSystem"
          },
          {
            "url": "http://hl7.org/fhir/StructureDefinition/implementationguide-page",
            "valueUri": "CodeSystem-HCPCSProcedureCodesCS.html"
          }
        ],
        "reference": {
          "reference": "CodeSystem/HCPCSProcedureCodesCS"
        },
        "name": "HCPCS Procedure Codes",
        "description": "Healthcare Common Procedure Coding System (HCPCS) Procedure Codes",
        "exampleBoolean": false
      },
      {
        "extension": [
          {
            "url": "http://hl7.org/fhir/tools/StructureDefinition/resource-information",
            "valueString": "CodeSystem"
          },
          {
            "url": "http://hl7.org/fhir/StructureDefinition/implementationguide-page",
            "valueUri": "CodeSystem-ICD10CMCS.html"
          }
        ],
        "reference": {
          "reference": "CodeSystem/ICD10CMCS"
        },
        "name": "ICD-10-CM",
        "description": "International Classification of Diseases, Tenth Revision, Clinical Modification)",
        "exampleBoolean": false
      },
      {
        "extension": [
          {
            "url": "http://hl7.org/fhir/tools/StructureDefinition/resource-information",
            "valueString": "CodeSystem"
          },
          {
            "url": "http://hl7.org/fhir/StructureDefinition/implementationguide-page",
            "valueUri": "CodeSystem-ICD10PCSCS.html"
          }
        ],
        "reference": {
          "reference": "CodeSystem/ICD10PCSCS"
        },
        "name": "ICD-10-PCS",
        "description": "International Classification of Diseases Surgical Procedures (ICD-10).",
        "exampleBoolean": false
      },
      {
        "extension": [
          {
            "url": "http://hl7.org/fhir/tools/StructureDefinition/resource-information",
            "valueString": "CodeSystem"
          },
          {
            "url": "http://hl7.org/fhir/StructureDefinition/implementationguide-page",
            "valueUri": "CodeSystem-IdentifierTypeCS.html"
          }
        ],
        "reference": {
          "reference": "CodeSystem/IdentifierTypeCS"
        },
        "name": "Identifier Type",
        "description": "Identifier Type codes that extend those defined in http://terminology.hl7.org/CodeSystem/v2-0203",
        "exampleBoolean": false
      },
      {
        "extension": [
          {
            "url": "http://hl7.org/fhir/tools/StructureDefinition/resource-information",
            "valueString": "CodeSystem"
          },
          {
            "url": "http://hl7.org/fhir/StructureDefinition/implementationguide-page",
            "valueUri": "CodeSystem-NCPDPBrandGenericCodeCS.html"
          }
        ],
        "reference": {
          "reference": "CodeSystem/NCPDPBrandGenericCodeCS"
        },
        "name": "NCPDP Brand Generic Code",
        "description": "Indicates whether the plan adjudicated the claim as a brand or generic drug. NCPDP field # 686.",
        "exampleBoolean": false
      },
      {
        "extension": [
          {
            "url": "http://hl7.org/fhir/tools/StructureDefinition/resource-information",
            "valueString": "CodeSystem"
          },
          {
            "url": "http://hl7.org/fhir/StructureDefinition/implementationguide-page",
            "valueUri": "CodeSystem-NCPDPCompoundCodeCS.html"
          }
        ],
        "reference": {
          "reference": "CodeSystem/NCPDPCompoundCodeCS"
        },
        "name": "NCPDP Compound Code",
        "description": "Indicates whether or not the prescription is a compound NCPDP field # 406-D6.",
        "exampleBoolean": false
      },
      {
        "extension": [
          {
            "url": "http://hl7.org/fhir/tools/StructureDefinition/resource-information",
            "valueString": "CodeSystem"
          },
          {
            "url": "http://hl7.org/fhir/StructureDefinition/implementationguide-page",
            "valueUri": "CodeSystem-NCPDPDispensedAsWrittenCS.html"
          }
        ],
        "reference": {
          "reference": "CodeSystem/NCPDPDispensedAsWrittenCS"
        },
        "name": "NCPDP Dispensed As Written Or Product Selection Code",
        "description": "Prescriber's instruction regarding substitution of generic equivalents or order to dispense the specific prescribed medication. NCPDP field # 408-D8.",
        "exampleBoolean": false
      },
      {
        "extension": [
          {
            "url": "http://hl7.org/fhir/tools/StructureDefinition/resource-information",
            "valueString": "CodeSystem"
          },
          {
            "url": "http://hl7.org/fhir/StructureDefinition/implementationguide-page",
            "valueUri": "CodeSystem-NCPDPPrescriptionOriginCodeCS.html"
          }
        ],
        "reference": {
          "reference": "CodeSystem/NCPDPPrescriptionOriginCodeCS"
        },
        "name": "NCPDP Prescription Origin Code",
        "description": "Indicates whether the prescription was transmitted as an electronic prescription, by phone, by fax, or as a written paper copy. NCPDP field # 419-DJ.",
        "exampleBoolean": false
      },
      {
        "extension": [
          {
            "url": "http://hl7.org/fhir/tools/StructureDefinition/resource-information",
            "valueString": "CodeSystem"
          },
          {
            "url": "http://hl7.org/fhir/StructureDefinition/implementationguide-page",
            "valueUri": "CodeSystem-X12CARCCS.html"
          }
        ],
        "reference": {
          "reference": "CodeSystem/X12CARCCS"
        },
        "name": "X12 Claim Adjustment Reason Codes (CARC)",
        "description": "Denial Reasons - Reason codes used to interpret the adjudication denial reason",
        "exampleBoolean": false
      },
      {
        "extension": [
          {
            "url": "http://hl7.org/fhir/tools/StructureDefinition/resource-information",
            "valueString": "ExplanationOfBenefit"
          },
          {
            "url": "http://hl7.org/fhir/StructureDefinition/implementationguide-page",
            "valueUri": "ExplanationOfBenefit-BBEobOutpatientFacility.html"
          }
        ],
        "reference": {
          "reference": "ExplanationOfBenefit/BBEobOutpatientFacility"
        },
        "name": "BBEobOutpatientFacility",
        "description": "BBEoB from Jeff",
        "exampleCanonical": "http://hl7.org/fhir/us/carin-bb/StructureDefinition/CARIN-BB-ExplanationOfBenefit-Outpatient-Facility"
      },
      {
        "extension": [
          {
            "url": "http://hl7.org/fhir/tools/StructureDefinition/resource-information",
            "valueString": "ExplanationOfBenefit"
          },
          {
            "url": "http://hl7.org/fhir/StructureDefinition/implementationguide-page",
            "valueUri": "ExplanationOfBenefit-BBEobPharmacy.html"
          }
        ],
        "reference": {
          "reference": "ExplanationOfBenefit/BBEobPharmacy"
        },
        "name": "BBEobPharmacy",
        "description": "BBEoB from Jeff",
        "exampleCanonical": "http://hl7.org/fhir/us/carin-bb/StructureDefinition/CARIN-BB-ExplanationOfBenefit-Pharmacy"
      },
      {
        "extension": [
          {
            "url": "http://hl7.org/fhir/tools/StructureDefinition/resource-information",
            "valueString": "Coverage"
          },
          {
            "url": "http://hl7.org/fhir/StructureDefinition/implementationguide-page",
            "valueUri": "Coverage-Coverage1.html"
          }
        ],
        "reference": {
          "reference": "Coverage/Coverage1"
        },
        "name": "Coverage1",
        "description": "Coverage Example1",
        "exampleCanonical": "http://hl7.org/fhir/us/carin-bb/StructureDefinition/CARIN-BB-Coverage"
      },
      {
        "extension": [
          {
            "url": "http://hl7.org/fhir/tools/StructureDefinition/resource-information",
            "valueString": "ExplanationOfBenefit"
          },
          {
            "url": "http://hl7.org/fhir/StructureDefinition/implementationguide-page",
            "valueUri": "ExplanationOfBenefit-EOBInpatient1.html"
          }
        ],
        "reference": {
          "reference": "ExplanationOfBenefit/EOBInpatient1"
        },
        "name": "EOBInpatient1",
        "description": "EOB Inpatient Example1",
        "exampleCanonical": "http://hl7.org/fhir/us/carin-bb/StructureDefinition/CARIN-BB-ExplanationOfBenefit-Inpatient-Facility"
      },
      {
        "extension": [
          {
            "url": "http://hl7.org/fhir/tools/StructureDefinition/resource-information",
            "valueString": "ExplanationOfBenefit"
          },
          {
            "url": "http://hl7.org/fhir/StructureDefinition/implementationguide-page",
            "valueUri": "ExplanationOfBenefit-EOBOutpatientFacility1.html"
          }
        ],
        "reference": {
          "reference": "ExplanationOfBenefit/EOBOutpatientFacility1"
        },
        "name": "EOBOutpatientFacility1",
        "description": "EOB Outpatient Example1",
        "exampleCanonical": "http://hl7.org/fhir/us/carin-bb/StructureDefinition/CARIN-BB-ExplanationOfBenefit-Outpatient-Facility"
      },
      {
        "extension": [
          {
            "url": "http://hl7.org/fhir/tools/StructureDefinition/resource-information",
            "valueString": "ExplanationOfBenefit"
          },
          {
            "url": "http://hl7.org/fhir/StructureDefinition/implementationguide-page",
            "valueUri": "ExplanationOfBenefit-EOBPharmacy1.html"
          }
        ],
        "reference": {
          "reference": "ExplanationOfBenefit/EOBPharmacy1"
        },
        "name": "EOBPharmacy1",
        "description": "EOB PHarmacy Example1",
        "exampleCanonical": "http://hl7.org/fhir/us/carin-bb/StructureDefinition/CARIN-BB-ExplanationOfBenefit-Pharmacy"
      },
      {
        "extension": [
          {
            "url": "http://hl7.org/fhir/tools/StructureDefinition/resource-information",
            "valueString": "ExplanationOfBenefit"
          },
          {
            "url": "http://hl7.org/fhir/StructureDefinition/implementationguide-page",
            "valueUri": "ExplanationOfBenefit-EOBProfessional1.html"
          }
        ],
        "reference": {
          "reference": "ExplanationOfBenefit/EOBProfessional1"
        },
        "name": "EOBProfessional1",
        "description": "EOB Professional  Example1",
        "exampleCanonical": "http://hl7.org/fhir/us/carin-bb/StructureDefinition/CARIN-BB-ExplanationOfBenefit-Professional-NonClinician"
      },
      {
        "extension": [
          {
            "url": "http://hl7.org/fhir/tools/StructureDefinition/resource-information",
            "valueString": "Organization"
          },
          {
            "url": "http://hl7.org/fhir/StructureDefinition/implementationguide-page",
            "valueUri": "Organization-OrganizationPayer1.html"
          }
        ],
        "reference": {
          "reference": "Organization/OrganizationPayer1"
        },
        "name": "OrganizationPayer1",
        "description": "Payer1",
        "exampleCanonical": "http://hl7.org/fhir/us/carin-bb/StructureDefinition/CARIN-BB-Organization"
      },
      {
        "extension": [
          {
            "url": "http://hl7.org/fhir/tools/StructureDefinition/resource-information",
            "valueString": "Organization"
          },
          {
            "url": "http://hl7.org/fhir/StructureDefinition/implementationguide-page",
            "valueUri": "Organization-OrganizationProvider1.html"
          }
        ],
        "reference": {
          "reference": "Organization/OrganizationProvider1"
        },
        "name": "OrganizationProvider1",
        "description": "Provider 1",
        "exampleCanonical": "http://hl7.org/fhir/us/carin-bb/StructureDefinition/CARIN-BB-Organization"
      },
      {
        "extension": [
          {
            "url": "http://hl7.org/fhir/tools/StructureDefinition/resource-information",
            "valueString": "Patient"
          },
          {
            "url": "http://hl7.org/fhir/StructureDefinition/implementationguide-page",
            "valueUri": "Patient-Patient1.html"
          }
        ],
        "reference": {
          "reference": "Patient/Patient1"
        },
        "name": "Patient1",
        "description": "Patient Example1",
        "exampleCanonical": "http://hl7.org/fhir/us/carin-bb/StructureDefinition/CARIN-BB-Patient"
      },
      {
        "extension": [
          {
            "url": "http://hl7.org/fhir/tools/StructureDefinition/resource-information",
            "valueString": "SearchParameter"
          },
          {
            "url": "http://hl7.org/fhir/StructureDefinition/implementationguide-page",
            "valueUri": "SearchParameter-coverage-payor.html"
          }
        ],
        "reference": {
          "reference": "SearchParameter/coverage-payor"
        },
        "name": "Coverage_Payor",
        "description": "The identity of the insurer or party paying for services",
        "exampleBoolean": false
      },
      {
        "extension": [
          {
            "url": "http://hl7.org/fhir/tools/StructureDefinition/resource-information",
            "valueString": "SearchParameter"
          },
          {
            "url": "http://hl7.org/fhir/StructureDefinition/implementationguide-page",
            "valueUri": "SearchParameter-explanationofbenefit-care-team.html"
          }
        ],
        "reference": {
          "reference": "SearchParameter/explanationofbenefit-care-team"
        },
        "name": "ExplanationOfBenefit_Careteam",
        "description": "Member of the CareTeam",
        "exampleBoolean": false
      },
      {
        "extension": [
          {
            "url": "http://hl7.org/fhir/tools/StructureDefinition/resource-information",
            "valueString": "SearchParameter"
          },
          {
            "url": "http://hl7.org/fhir/StructureDefinition/implementationguide-page",
            "valueUri": "SearchParameter-explanationofbenefit-coverage.html"
          }
        ],
        "reference": {
          "reference": "SearchParameter/explanationofbenefit-coverage"
        },
        "name": "ExplanationOfBenefit_Coverage",
        "description": "The plan under which the claim was adjudicated",
        "exampleBoolean": false
      },
      {
        "extension": [
          {
            "url": "http://hl7.org/fhir/tools/StructureDefinition/resource-information",
            "valueString": "SearchParameter"
          },
          {
            "url": "http://hl7.org/fhir/StructureDefinition/implementationguide-page",
            "valueUri": "SearchParameter-explanationofbenefit-identifier.html"
          }
        ],
        "reference": {
          "reference": "SearchParameter/explanationofbenefit-identifier"
        },
        "name": "ExplanationOfBenefit_Identifier",
        "description": "The business/claim identifier of the Explanation of Benefit",
        "exampleBoolean": false
      },
      {
        "extension": [
          {
            "url": "http://hl7.org/fhir/tools/StructureDefinition/resource-information",
            "valueString": "SearchParameter"
          },
          {
            "url": "http://hl7.org/fhir/StructureDefinition/implementationguide-page",
            "valueUri": "SearchParameter-explanationofbenefit-insurer.html"
          }
        ],
        "reference": {
          "reference": "SearchParameter/explanationofbenefit-insurer"
        },
        "name": "ExplanationOfBenefit_Insurer",
        "description": "The party responsible for the claim",
        "exampleBoolean": false
      },
      {
        "extension": [
          {
            "url": "http://hl7.org/fhir/tools/StructureDefinition/resource-information",
            "valueString": "SearchParameter"
          },
          {
            "url": "http://hl7.org/fhir/StructureDefinition/implementationguide-page",
            "valueUri": "SearchParameter-explanationofbenefit-patient.html"
          }
        ],
        "reference": {
          "reference": "SearchParameter/explanationofbenefit-patient"
        },
        "name": "ExplanationOfBenefit_Patient",
        "description": "The reference to the patient",
        "exampleBoolean": false
      },
      {
        "extension": [
          {
            "url": "http://hl7.org/fhir/tools/StructureDefinition/resource-information",
            "valueString": "SearchParameter"
          },
          {
            "url": "http://hl7.org/fhir/StructureDefinition/implementationguide-page",
            "valueUri": "SearchParameter-explanationofbenefit-provider.html"
          }
        ],
        "reference": {
          "reference": "SearchParameter/explanationofbenefit-provider"
        },
        "name": "ExplanationOfBenefit_Provider",
        "description": "The reference to the provider",
        "exampleBoolean": false
      },
      {
        "extension": [
          {
            "url": "http://hl7.org/fhir/tools/StructureDefinition/resource-information",
            "valueString": "SearchParameter"
          },
          {
            "url": "http://hl7.org/fhir/StructureDefinition/implementationguide-page",
            "valueUri": "SearchParameter-explanationofbenefit-service-date.html"
          }
        ],
        "reference": {
          "reference": "SearchParameter/explanationofbenefit-service-date"
        },
        "name": "ExplanationOfBenefit_ServiceDate",
        "description": "Date of the service for the EOB",
        "exampleBoolean": false
      },
      {
        "extension": [
          {
            "url": "http://hl7.org/fhir/tools/StructureDefinition/resource-information",
            "valueString": "SearchParameter"
          },
          {
            "url": "http://hl7.org/fhir/StructureDefinition/implementationguide-page",
            "valueUri": "SearchParameter-explanationofbenefit-type.html"
          }
        ],
        "reference": {
          "reference": "SearchParameter/explanationofbenefit-type"
        },
        "name": "ExplanationOfBenefit_Type",
        "description": "The type of the ExplanationOfBenefit",
        "exampleBoolean": false
      },
      {
        "extension": [
          {
            "url": "http://hl7.org/fhir/tools/StructureDefinition/resource-information",
            "valueString": "SearchParameter"
          },
          {
            "url": "http://hl7.org/fhir/StructureDefinition/implementationguide-page",
            "valueUri": "SearchParameter-practitionerrole-organization.html"
          }
        ],
        "reference": {
          "reference": "SearchParameter/practitionerrole-organization"
        },
        "name": "ExplanationOfBenefit_Organization",
        "description": "The identity of the organization the practitioner represents / acts on behalf of",
        "exampleBoolean": false
      },
      {
        "extension": [
          {
            "url": "http://hl7.org/fhir/tools/StructureDefinition/resource-information",
            "valueString": "SearchParameter"
          },
          {
            "url": "http://hl7.org/fhir/StructureDefinition/implementationguide-page",
            "valueUri": "SearchParameter-practitionerrole-practitioner.html"
          }
        ],
        "reference": {
          "reference": "SearchParameter/practitionerrole-practitioner"
        },
        "name": "ExplanationOfBenefit_Practitioner",
        "description": "Practitioner that is able to provide the defined services for the organization",
        "exampleBoolean": false
      },
      {
        "extension": [
          {
            "url": "http://hl7.org/fhir/tools/StructureDefinition/resource-information",
            "valueString": "CapabilityStatement"
          },
          {
            "url": "http://hl7.org/fhir/StructureDefinition/implementationguide-page",
            "valueUri": "CapabilityStatement-carin-bb.html"
          }
        ],
        "reference": {
          "reference": "CapabilityStatement/carin-bb"
        },
        "name": "Carin Bb CapabilityStatement",
        "description": "This Section describes the expected capabilities of the CARIN-BB Server actor which is responsible for providing responses to the queries submitted by the CARIN-BB Requestors. ",
        "exampleBoolean": false
      }
    ],
    "page": {
      "nameUrl": "toc.html",
      "title": "Table of Contents",
      "generation": "html",
      "page": [
        {
          "nameUrl": "index.html",
          "title": "Home",
          "generation": "markdown"
        },
        {
          "nameUrl": "Background.html",
          "title": "Background",
          "generation": "markdown"
        },
        {
          "nameUrl": "Use_Case.html",
          "title": "Use Case",
          "generation": "markdown"
        },
        {
          "nameUrl": "profiles.html",
          "title": "Profiles",
          "generation": "markdown"
        },
        {
          "nameUrl": "Authorization_Authentication_and_Registration.html",
          "title": "Authorization Authentication and Registration",
          "generation": "markdown"
        },
        {
          "nameUrl": "Common_Payer_Consumer_Data_Set.html",
          "title": "Common Payer Consumer Data Set",
          "generation": "markdown"
        },
        {
          "nameUrl": "downloads.html",
          "title": "Downloads",
          "generation": "markdown"
        },
        {
          "nameUrl": "Guidance.html",
          "title": "Guidance",
          "generation": "markdown"
        },
        {
          "nameUrl": "Notes_To_Developers.html",
          "title": "Notes To Developers",
          "generation": "markdown"
        },
        {
          "nameUrl": "Terminology.html",
          "title": "Terminology",
          "generation": "markdown"
        },
        {
          "nameUrl": "Examples.html",
          "title": "Examples",
          "generation": "markdown"
        }
      ]
    },
    "parameter": [
      {
        "code": "path-resource",
        "value": "input/capabilities"
      },
      {
        "code": "path-resource",
        "value": "input/examples"
      },
      {
        "code": "path-resource",
        "value": "input/extensions"
      },
      {
        "code": "path-resource",
        "value": "input/models"
      },
      {
        "code": "path-resource",
        "value": "input/operations"
      },
      {
        "code": "path-resource",
        "value": "input/profiles"
      },
      {
        "code": "path-resource",
        "value": "input/resources"
      },
      {
        "code": "path-resource",
        "value": "input/vocabulary"
      },
      {
        "code": "path-resource",
        "value": "input/maps"
      },
      {
        "code": "path-resource",
        "value": "input/testing"
      },
      {
        "code": "path-resource",
        "value": "input/history"
      },
      {
        "code": "path-pages",
        "value": "template/config"
      },
      {
        "code": "path-pages",
        "value": "input/images"
      },
      {
        "code": "path-tx-cache",
        "value": "input-cache/txcache"
      }
    ]
  }
}