{
  "resourceType": "ImplementationGuide",
  "id": "hl7.fhir.us.carin-bb",
  "text": {
    "status": "extensions",
    "div": "<div xmlns=\"http://www.w3.org/1999/xhtml\"><h2>CARINConsumerDirectedPayerDataExchange</h2><p>The official URL for this implementation guide is: </p><pre>http://hl7.org/fhir/us/carin-bb/ImplementationGuide/hl7.fhir.us.carin-bb</pre><div><p>CARIN Consumer Directed Payer Data Exchange (CARIN IG for Blue Button®)</p>\n</div></div>"
  },
  "url": "http://hl7.org/fhir/us/carin-bb/ImplementationGuide/hl7.fhir.us.carin-bb",
  "version": "0.1.4",
  "name": "CARINConsumerDirectedPayerDataExchange",
  "title": "CARIN Consumer Directed Payer Data Exchange (CARIN IG for Blue Button®)",
  "status": "active",
  "date": "2020-10-06T17:38:27+00:00",
  "publisher": "HL7 Financial Management Working Group",
  "contact": [
    {
      "name": "HL7 Financial Management Working Group",
      "telecom": [
        {
          "system": "url",
          "value": "http://www.hl7.org/Special/committees/fm/index.cfm"
        },
        {
          "system": "email",
          "value": "fm@lists.HL7.org"
        }
      ]
    }
  ],
  "description": "CARIN Consumer Directed Payer Data Exchange (CARIN IG for Blue Button®)",
  "jurisdiction": [
    {
      "coding": [
        {
          "system": "urn:iso:std:iso:3166",
          "code": "US"
        }
      ]
    }
  ],
  "packageId": "hl7.fhir.us.carin-bb",
  "license": "CC0-1.0",
  "fhirVersion": [
    "4.0.1"
  ],
  "dependsOn": [
    {
      "id": "hl7_fhir_us_core",
      "uri": "http://hl7.org/fhir/us/core/ImplementationGuide/hl7.fhir.us.core",
      "packageId": "hl7.fhir.us.core",
      "version": "3.1.1"
    }
  ],
  "definition": {
    "extension": [
      {
        "extension": [
          {
            "url": "code",
            "valueString": "copyrightyear"
          },
          {
            "url": "value",
            "valueString": "2020+"
          }
        ],
        "url": "http://hl7.org/fhir/tools/StructureDefinition/ig-parameter"
      },
      {
        "extension": [
          {
            "url": "code",
            "valueString": "releaselabel"
          },
          {
            "url": "value",
            "valueString": "STU1"
          }
        ],
        "url": "http://hl7.org/fhir/tools/StructureDefinition/ig-parameter"
      },
      {
        "extension": [
          {
            "url": "code",
            "valueString": "show-inherited-invariants"
          },
          {
            "url": "value",
            "valueString": "false"
          }
        ],
        "url": "http://hl7.org/fhir/tools/StructureDefinition/ig-parameter"
      },
      {
        "extension": [
          {
            "url": "code",
            "valueString": "apply-jurisdiction"
          },
          {
            "url": "value",
            "valueString": "true"
          }
        ],
        "url": "http://hl7.org/fhir/tools/StructureDefinition/ig-parameter"
      },
      {
        "extension": [
          {
            "url": "code",
            "valueString": "apply-publisher"
          },
          {
            "url": "value",
            "valueString": "true"
          }
        ],
        "url": "http://hl7.org/fhir/tools/StructureDefinition/ig-parameter"
      },
      {
        "extension": [
          {
            "url": "code",
            "valueString": "path-history"
          },
          {
            "url": "value",
            "valueString": "http://hl7.org/fhir/us/carin-bb/history.html"
          }
        ],
        "url": "http://hl7.org/fhir/tools/StructureDefinition/ig-parameter"
      },
      {
        "extension": [
          {
            "url": "code",
            "valueString": "autoload-resources"
          },
          {
            "url": "value",
            "valueString": "true"
          }
        ],
        "url": "http://hl7.org/fhir/tools/StructureDefinition/ig-parameter"
      },
      {
        "extension": [
          {
            "url": "code",
            "valueString": "path-liquid"
          },
          {
            "url": "value",
            "valueString": "template/liquid"
          }
        ],
        "url": "http://hl7.org/fhir/tools/StructureDefinition/ig-parameter"
      },
      {
        "extension": [
          {
            "url": "code",
            "valueString": "path-liquid"
          },
          {
            "url": "value",
            "valueString": "input/liquid"
          }
        ],
        "url": "http://hl7.org/fhir/tools/StructureDefinition/ig-parameter"
      },
      {
        "extension": [
          {
            "url": "code",
            "valueString": "path-qa"
          },
          {
            "url": "value",
            "valueString": "temp/qa"
          }
        ],
        "url": "http://hl7.org/fhir/tools/StructureDefinition/ig-parameter"
      },
      {
        "extension": [
          {
            "url": "code",
            "valueString": "path-temp"
          },
          {
            "url": "value",
            "valueString": "temp/pages"
          }
        ],
        "url": "http://hl7.org/fhir/tools/StructureDefinition/ig-parameter"
      },
      {
        "extension": [
          {
            "url": "code",
            "valueString": "path-output"
          },
          {
            "url": "value",
            "valueString": "output"
          }
        ],
        "url": "http://hl7.org/fhir/tools/StructureDefinition/ig-parameter"
      },
      {
        "extension": [
          {
            "url": "code",
            "valueString": "path-suppressed-warnings"
          },
          {
            "url": "value",
            "valueString": "input/ignoreWarnings.txt"
          }
        ],
        "url": "http://hl7.org/fhir/tools/StructureDefinition/ig-parameter"
      },
      {
        "extension": [
          {
            "url": "code",
            "valueString": "template-html"
          },
          {
            "url": "value",
            "valueString": "template-page.html"
          }
        ],
        "url": "http://hl7.org/fhir/tools/StructureDefinition/ig-parameter"
      },
      {
        "extension": [
          {
            "url": "code",
            "valueString": "template-md"
          },
          {
            "url": "value",
            "valueString": "template-page-md.html"
          }
        ],
        "url": "http://hl7.org/fhir/tools/StructureDefinition/ig-parameter"
      },
      {
        "extension": [
          {
            "url": "code",
            "valueString": "apply-contact"
          },
          {
            "url": "value",
            "valueString": "true"
          }
        ],
        "url": "http://hl7.org/fhir/tools/StructureDefinition/ig-parameter"
      },
      {
        "extension": [
          {
            "url": "code",
            "valueString": "apply-context"
          },
          {
            "url": "value",
            "valueString": "true"
          }
        ],
        "url": "http://hl7.org/fhir/tools/StructureDefinition/ig-parameter"
      },
      {
        "extension": [
          {
            "url": "code",
            "valueString": "apply-copyright"
          },
          {
            "url": "value",
            "valueString": "true"
          }
        ],
        "url": "http://hl7.org/fhir/tools/StructureDefinition/ig-parameter"
      },
      {
        "extension": [
          {
            "url": "code",
            "valueString": "apply-license"
          },
          {
            "url": "value",
            "valueString": "true"
          }
        ],
        "url": "http://hl7.org/fhir/tools/StructureDefinition/ig-parameter"
      },
      {
        "extension": [
          {
            "url": "code",
            "valueString": "apply-version"
          },
          {
            "url": "value",
            "valueString": "true"
          }
        ],
        "url": "http://hl7.org/fhir/tools/StructureDefinition/ig-parameter"
      },
      {
        "extension": [
          {
            "url": "code",
            "valueString": "active-tables"
          },
          {
            "url": "value",
            "valueString": "true"
          }
        ],
        "url": "http://hl7.org/fhir/tools/StructureDefinition/ig-parameter"
      }
    ],
    "resource": [
      {
        "extension": [
          {
            "url": "http://hl7.org/fhir/tools/StructureDefinition/resource-information",
            "valueString": "StructureDefinition:resource"
          },
          {
            "url": "http://hl7.org/fhir/StructureDefinition/implementationguide-page",
            "valueUri": "StructureDefinition-C4BB-Coverage.html"
          }
        ],
        "reference": {
          "reference": "StructureDefinition/C4BB-Coverage"
        },
        "name": "C4BB Coverage",
        "description": "Data that reflect a payer's coverage that was effective as of the date of service  or the date of admission of the claim will be added to the Coverage Profile overview.",
        "exampleBoolean": false
      },
      {
        "extension": [
          {
            "url": "http://hl7.org/fhir/tools/StructureDefinition/resource-information",
            "valueString": "StructureDefinition:resource:abstract"
          },
          {
            "url": "http://hl7.org/fhir/StructureDefinition/implementationguide-page",
            "valueUri": "StructureDefinition-C4BB-ExplanationOfBenefit.html"
          }
        ],
        "reference": {
          "reference": "StructureDefinition/C4BB-ExplanationOfBenefit"
        },
        "name": "C4BB Explanation Of Benefit",
        "description": "Abstract parent profile that includes constraints that are common to the four specific ExplanationOfBenefit (EOB) profiles defined in this Implementation Guide.\nAll EOB instances should be from one of the four non-abstract EOB profiles defined in this Implementation Guide:  Inpatient, Outpatient, Pharmacy, and Professional/NonClinician",
        "exampleBoolean": false
      },
      {
        "extension": [
          {
            "url": "http://hl7.org/fhir/tools/StructureDefinition/resource-information",
            "valueString": "StructureDefinition:resource"
          },
          {
            "url": "http://hl7.org/fhir/StructureDefinition/implementationguide-page",
            "valueUri": "StructureDefinition-C4BB-ExplanationOfBenefit-Inpatient-Institutional.html"
          }
        ],
        "reference": {
          "reference": "StructureDefinition/C4BB-ExplanationOfBenefit-Inpatient-Institutional"
        },
        "name": "C4BB ExplanationOfBenefit Inpatient Institutional",
        "description": "The profile is used for Explanation of Benefits (EOBs) based on claims submitted by clinics, hospitals, skilled nursing facilities and other institutions for inpatient services, which may include the use of equipment and supplies, laboratory services, radiology services and other charges. Inpatient claims are submitted for services rendered at an institution as part of an overnight stay. \nThe claims data is based on the institutional claim format UB-04, submission standards adopted by the Department of Health and Human \nServices.",
        "exampleBoolean": false
      },
      {
        "extension": [
          {
            "url": "http://hl7.org/fhir/tools/StructureDefinition/resource-information",
            "valueString": "StructureDefinition:resource"
          },
          {
            "url": "http://hl7.org/fhir/StructureDefinition/implementationguide-page",
            "valueUri": "StructureDefinition-C4BB-ExplanationOfBenefit-Outpatient-Institutional.html"
          }
        ],
        "reference": {
          "reference": "StructureDefinition/C4BB-ExplanationOfBenefit-Outpatient-Institutional"
        },
        "name": "C4BB ExplanationOfBenefit Outpatient Institutional",
        "description": "This profile is used for Explanation of Benefits (EOBs) based on claims submitted by clinics, hospitals, skilled nursing facilities and other institutions for outpatient services, which may include including the use of equipment and supplies, laboratory services, radiology services and other charges. Outpatient claims are submitted for services rendered at a Institutional that are not part of an overnight stay. \nThe claims data is based on the institutional claim form UB-04, submission standards adopted by the Department of Health and Human Services.",
        "exampleBoolean": false
      },
      {
        "extension": [
          {
            "url": "http://hl7.org/fhir/tools/StructureDefinition/resource-information",
            "valueString": "StructureDefinition:resource"
          },
          {
            "url": "http://hl7.org/fhir/StructureDefinition/implementationguide-page",
            "valueUri": "StructureDefinition-C4BB-ExplanationOfBenefit-Pharmacy.html"
          }
        ],
        "reference": {
          "reference": "StructureDefinition/C4BB-ExplanationOfBenefit-Pharmacy"
        },
        "name": "C4BB ExplanationOfBenefit Pharmacy",
        "description": "This profile is used for Explanation of Benefits (EOBs) based on claims submitted by retail pharmacies. \nThe claims data is based on submission standards adopted by the Department of Health and Human Services defined by NCPDP (National Council for Prescription Drug Program)",
        "exampleBoolean": false
      },
      {
        "extension": [
          {
            "url": "http://hl7.org/fhir/tools/StructureDefinition/resource-information",
            "valueString": "StructureDefinition:resource"
          },
          {
            "url": "http://hl7.org/fhir/StructureDefinition/implementationguide-page",
            "valueUri": "StructureDefinition-C4BB-ExplanationOfBenefit-Professional-NonClinician.html"
          }
        ],
        "reference": {
          "reference": "StructureDefinition/C4BB-ExplanationOfBenefit-Professional-NonClinician"
        },
        "name": "C4BB ExplanationOfBenefit Professional NonClinician",
        "description": "This profile is used for Explanation of Benefits (EOBs) based on claims submitted by physicians, suppliers and other non-institutional providers for professional services. These services may be rendered in inpatient or outpatient, including office locations. \nThe claims data is based on the professional claim form 1500, submission standards adopted by the Department of Health and Human Services as form CMS-1500.",
        "exampleBoolean": false
      },
      {
        "extension": [
          {
            "url": "http://hl7.org/fhir/tools/StructureDefinition/resource-information",
            "valueString": "StructureDefinition:resource"
          },
          {
            "url": "http://hl7.org/fhir/StructureDefinition/implementationguide-page",
            "valueUri": "StructureDefinition-C4BB-Organization.html"
          }
        ],
        "reference": {
          "reference": "StructureDefinition/C4BB-Organization"
        },
        "name": "C4BB Organization",
        "description": "This profile builds upon the US Core Organization profile. It is used to convey a payer, provider, payee or service facility organization.",
        "exampleBoolean": false
      },
      {
        "extension": [
          {
            "url": "http://hl7.org/fhir/tools/StructureDefinition/resource-information",
            "valueString": "StructureDefinition:resource"
          },
          {
            "url": "http://hl7.org/fhir/StructureDefinition/implementationguide-page",
            "valueUri": "StructureDefinition-C4BB-Patient.html"
          }
        ],
        "reference": {
          "reference": "StructureDefinition/C4BB-Patient"
        },
        "name": "C4BB Patient",
        "description": "This profile builds upon the US Core Organization profile. It is used to convey patient information about the patient who received the services described on the claim.",
        "exampleBoolean": false
      },
      {
        "extension": [
          {
            "url": "http://hl7.org/fhir/tools/StructureDefinition/resource-information",
            "valueString": "StructureDefinition:resource"
          },
          {
            "url": "http://hl7.org/fhir/StructureDefinition/implementationguide-page",
            "valueUri": "StructureDefinition-C4BB-Practitioner.html"
          }
        ],
        "reference": {
          "reference": "StructureDefinition/C4BB-Practitioner"
        },
        "name": "C4BB Practitioner",
        "description": "This profile builds upon the US Core Organization profile. It is used to convey patient information about the patient who received the services described on the claim.",
        "exampleBoolean": false
      },
      {
        "extension": [
          {
            "url": "http://hl7.org/fhir/tools/StructureDefinition/resource-information",
            "valueString": "ValueSet"
          },
          {
            "url": "http://hl7.org/fhir/StructureDefinition/implementationguide-page",
            "valueUri": "ValueSet-AHANUBCPatientDischargeStatus.html"
          }
        ],
        "reference": {
          "reference": "ValueSet/AHANUBCPatientDischargeStatus"
        },
        "name": "AHA NUBC Patient Discharge Status",
        "description": "UB-04 Patient Discharge Status (FL-17)",
        "exampleBoolean": false
      },
      {
        "extension": [
          {
            "url": "http://hl7.org/fhir/tools/StructureDefinition/resource-information",
            "valueString": "ValueSet"
          },
          {
            "url": "http://hl7.org/fhir/StructureDefinition/implementationguide-page",
            "valueUri": "ValueSet-AHANUBCPointOfOriginForAdmissionOrVisit.html"
          }
        ],
        "reference": {
          "reference": "ValueSet/AHANUBCPointOfOriginForAdmissionOrVisit"
        },
        "name": "AHA NUBC Point of Origin for Admission or Visit.",
        "description": "UB-04 Point of Origin for Admission or Visit (FL-15)",
        "exampleBoolean": false
      },
      {
        "extension": [
          {
            "url": "http://hl7.org/fhir/tools/StructureDefinition/resource-information",
            "valueString": "ValueSet"
          },
          {
            "url": "http://hl7.org/fhir/StructureDefinition/implementationguide-page",
            "valueUri": "ValueSet-AHANUBCPresentOnAdmission.html"
          }
        ],
        "reference": {
          "reference": "ValueSet/AHANUBCPresentOnAdmission"
        },
        "name": "AHA NUBC Present On Admission",
        "description": "UB-04 Present on Admission (FL-67)",
        "exampleBoolean": false
      },
      {
        "extension": [
          {
            "url": "http://hl7.org/fhir/tools/StructureDefinition/resource-information",
            "valueString": "ValueSet"
          },
          {
            "url": "http://hl7.org/fhir/StructureDefinition/implementationguide-page",
            "valueUri": "ValueSet-AHANUBCPriorityTypeOfAdmissionOrVisit.html"
          }
        ],
        "reference": {
          "reference": "ValueSet/AHANUBCPriorityTypeOfAdmissionOrVisit"
        },
        "name": "AHA NUBC Priority Type Of Admission Or Visit",
        "description": "AHA NUBC Priority Type Of Admission Or Visit",
        "exampleBoolean": false
      },
      {
        "extension": [
          {
            "url": "http://hl7.org/fhir/tools/StructureDefinition/resource-information",
            "valueString": "ValueSet"
          },
          {
            "url": "http://hl7.org/fhir/StructureDefinition/implementationguide-page",
            "valueUri": "ValueSet-AHANUBCRevenueCodes.html"
          }
        ],
        "reference": {
          "reference": "ValueSet/AHANUBCRevenueCodes"
        },
        "name": "AHA NUBC Revenue Codes",
        "description": "NUBC Revenue codes are used to convey specific accomodation, ancillary service or unique billing calculations or arrangements. They are listed within the UB-04 Data Specifications Manual and maintained by the National Uniform Billing Committee (NUBC) UB-04 Revenue Code (FL-42)",
        "exampleBoolean": false
      },
      {
        "extension": [
          {
            "url": "http://hl7.org/fhir/tools/StructureDefinition/resource-information",
            "valueString": "ValueSet"
          },
          {
            "url": "http://hl7.org/fhir/StructureDefinition/implementationguide-page",
            "valueUri": "ValueSet-AHANUBCTypeOfBill.html"
          }
        ],
        "reference": {
          "reference": "ValueSet/AHANUBCTypeOfBill"
        },
        "name": "AHA NUBC Type of Bill",
        "description": "UB-04 Type of Bill (FL-4)",
        "exampleBoolean": false
      },
      {
        "extension": [
          {
            "url": "http://hl7.org/fhir/tools/StructureDefinition/resource-information",
            "valueString": "ValueSet"
          },
          {
            "url": "http://hl7.org/fhir/StructureDefinition/implementationguide-page",
            "valueUri": "ValueSet-AMACPTCMSHCPCSModifiers.html"
          }
        ],
        "reference": {
          "reference": "ValueSet/AMACPTCMSHCPCSModifiers"
        },
        "name": "AMA CPT CMS HCPCS Modifiers",
        "description": "The Value Set is a combination of two Code Systems:  CPT (HCPCS I) and HCPCS II procedure code modifiers.  Modifiers help further describe a procedure code without changing its definition.  \nCPT codes are available by subscription from the AMA at http://www.ama-assn.org/go/cpt.  HCPCS codes are available at http://www.cms.gov/Medicare/Coding/HCPCSReleaseCodeSets.  The link takes one to a list of files.  The target set for this Code System is the procedure code modifiers from this file.  \n\n**MODIFIER CODES ONLY**",
        "exampleBoolean": false
      },
      {
        "extension": [
          {
            "url": "http://hl7.org/fhir/tools/StructureDefinition/resource-information",
            "valueString": "ValueSet"
          },
          {
            "url": "http://hl7.org/fhir/StructureDefinition/implementationguide-page",
            "valueUri": "ValueSet-AMACPTCMSHCPCSProcedureCodes.html"
          }
        ],
        "reference": {
          "reference": "ValueSet/AMACPTCMSHCPCSProcedureCodes"
        },
        "name": "AMA CPT CMS HCPCS Procedure Codes",
        "description": "The Value Set is a combination of two Code Systems:  CPT (HCPCS I) and HCPCS II procedure codes. They are submitted by providers to payers to convey the specific procedure performed.  AMA CPT CMS HCPCS Procedure Codes leverage US Core Procedure Codes composition.  \nCPT codes are available by subscription from the AMA at http://www.ama-assn.org/go/cpt.  HCPCS codes are available at http://www.cms.gov/Medicare/Coding/HCPCSReleaseCodeSets.  The link takes one to a list of files.  The target set for this Code System is the procedure codes from this file.\n\n**PROCEDURE CODES ONLY**",
        "exampleBoolean": false
      },
      {
        "extension": [
          {
            "url": "http://hl7.org/fhir/tools/StructureDefinition/resource-information",
            "valueString": "ValueSet"
          },
          {
            "url": "http://hl7.org/fhir/StructureDefinition/implementationguide-page",
            "valueUri": "ValueSet-C4BBAdjudication.html"
          }
        ],
        "reference": {
          "reference": "ValueSet/C4BBAdjudication"
        },
        "name": "C4BB Adjudication",
        "description": "Describes the various amount fields used when payers receive and adjudicate a claim.  It includes the values \ndefined in http://terminology.hl7.org/CodeSystem/adjudication, as well as those defined in the C4BB Adjudication CodeSystem.",
        "exampleBoolean": false
      },
      {
        "extension": [
          {
            "url": "http://hl7.org/fhir/tools/StructureDefinition/resource-information",
            "valueString": "ValueSet"
          },
          {
            "url": "http://hl7.org/fhir/StructureDefinition/implementationguide-page",
            "valueUri": "ValueSet-C4BBClaimIdentifierType.html"
          }
        ],
        "reference": {
          "reference": "ValueSet/C4BBClaimIdentifierType"
        },
        "name": "C4BB Claim Identifier Type",
        "description": "Indicates that the claim identifier is that assigned by a payer for a claim received from a provider or subscriber",
        "exampleBoolean": false
      },
      {
        "extension": [
          {
            "url": "http://hl7.org/fhir/tools/StructureDefinition/resource-information",
            "valueString": "ValueSet"
          },
          {
            "url": "http://hl7.org/fhir/StructureDefinition/implementationguide-page",
            "valueUri": "ValueSet-C4BBClaimInpatientInstitutionalDiagnosisType.html"
          }
        ],
        "reference": {
          "reference": "ValueSet/C4BBClaimInpatientInstitutionalDiagnosisType"
        },
        "name": "C4BB Claim Inpatient Institutional Diagnosis Type",
        "description": "Indicates if the inpatient institutional diagnosis is admitting, principal, other or an external cause of injury.",
        "exampleBoolean": false
      },
      {
        "extension": [
          {
            "url": "http://hl7.org/fhir/tools/StructureDefinition/resource-information",
            "valueString": "ValueSet"
          },
          {
            "url": "http://hl7.org/fhir/StructureDefinition/implementationguide-page",
            "valueUri": "ValueSet-C4BBClaimInstitutionalCareTeamRole.html"
          }
        ],
        "reference": {
          "reference": "ValueSet/C4BBClaimInstitutionalCareTeamRole"
        },
        "name": "C4BB Claim Institutional Care Team Role ",
        "description": "Describes functional roles of the care team members.",
        "exampleBoolean": false
      },
      {
        "extension": [
          {
            "url": "http://hl7.org/fhir/tools/StructureDefinition/resource-information",
            "valueString": "ValueSet"
          },
          {
            "url": "http://hl7.org/fhir/StructureDefinition/implementationguide-page",
            "valueUri": "ValueSet-C4BBClaimOutpatientInstitutionalDiagnosisType.html"
          }
        ],
        "reference": {
          "reference": "ValueSet/C4BBClaimOutpatientInstitutionalDiagnosisType"
        },
        "name": "C4BB Claim Outpatient Institutional Diagnosis Type",
        "description": "Indicates if the outpatient institutional diagnosis is principal, other, an external cause of injury or a patient reason for visit.",
        "exampleBoolean": false
      },
      {
        "extension": [
          {
            "url": "http://hl7.org/fhir/tools/StructureDefinition/resource-information",
            "valueString": "ValueSet"
          },
          {
            "url": "http://hl7.org/fhir/StructureDefinition/implementationguide-page",
            "valueUri": "ValueSet-C4BBClaimPharmacyTeamRole.html"
          }
        ],
        "reference": {
          "reference": "ValueSet/C4BBClaimPharmacyTeamRole"
        },
        "name": "C4BB Claim Pharmacy CareTeam Roles",
        "description": "Describes functional roles of the care team members",
        "exampleBoolean": false
      },
      {
        "extension": [
          {
            "url": "http://hl7.org/fhir/tools/StructureDefinition/resource-information",
            "valueString": "ValueSet"
          },
          {
            "url": "http://hl7.org/fhir/StructureDefinition/implementationguide-page",
            "valueUri": "ValueSet-C4BBClaimProcedureType.html"
          }
        ],
        "reference": {
          "reference": "ValueSet/C4BBClaimProcedureType"
        },
        "name": "C4BB Claim Procedure Type",
        "description": "Indicates if the inpatient institutional procedure (ICD-PCS) is the principal procedure or another procedure",
        "exampleBoolean": false
      },
      {
        "extension": [
          {
            "url": "http://hl7.org/fhir/tools/StructureDefinition/resource-information",
            "valueString": "ValueSet"
          },
          {
            "url": "http://hl7.org/fhir/StructureDefinition/implementationguide-page",
            "valueUri": "ValueSet-C4BBClaimProfessionalAndNonClinicianCareTeamRole.html"
          }
        ],
        "reference": {
          "reference": "ValueSet/C4BBClaimProfessionalAndNonClinicianCareTeamRole"
        },
        "name": "C4BB Claim Professional And Non Clinician Care Team Role ",
        "description": "Describes functional roles of the care team members",
        "exampleBoolean": false
      },
      {
        "extension": [
          {
            "url": "http://hl7.org/fhir/tools/StructureDefinition/resource-information",
            "valueString": "ValueSet"
          },
          {
            "url": "http://hl7.org/fhir/StructureDefinition/implementationguide-page",
            "valueUri": "ValueSet-C4BBClaimProfessionalAndNonClinicianDiagnosisType.html"
          }
        ],
        "reference": {
          "reference": "ValueSet/C4BBClaimProfessionalAndNonClinicianDiagnosisType"
        },
        "name": "C4BB Claim Professional And Non Clinician Diagnosis Type",
        "description": "Indicates if the professional and non-clinician diagnosis is principal or secondary",
        "exampleBoolean": false
      },
      {
        "extension": [
          {
            "url": "http://hl7.org/fhir/tools/StructureDefinition/resource-information",
            "valueString": "ValueSet"
          },
          {
            "url": "http://hl7.org/fhir/StructureDefinition/implementationguide-page",
            "valueUri": "ValueSet-C4BBOrganizationIdentifierType.html"
          }
        ],
        "reference": {
          "reference": "ValueSet/C4BBOrganizationIdentifierType"
        },
        "name": "C4BB Organization Identifier Type",
        "description": "Identifies the type of identifiers for organizations",
        "exampleBoolean": false
      },
      {
        "extension": [
          {
            "url": "http://hl7.org/fhir/tools/StructureDefinition/resource-information",
            "valueString": "ValueSet"
          },
          {
            "url": "http://hl7.org/fhir/StructureDefinition/implementationguide-page",
            "valueUri": "ValueSet-C4BBPatientIdentifierType.html"
          }
        ],
        "reference": {
          "reference": "ValueSet/C4BBPatientIdentifierType"
        },
        "name": "C4BB Patient Identifier Type",
        "description": "Identifies the type of identifier payers and providers assign to patients",
        "exampleBoolean": false
      },
      {
        "extension": [
          {
            "url": "http://hl7.org/fhir/tools/StructureDefinition/resource-information",
            "valueString": "ValueSet"
          },
          {
            "url": "http://hl7.org/fhir/StructureDefinition/implementationguide-page",
            "valueUri": "ValueSet-C4BBPayeeType.html"
          }
        ],
        "reference": {
          "reference": "ValueSet/C4BBPayeeType"
        },
        "name": "C4BB Payee Type",
        "description": "Identifies the type of recipient of the adjudication amount; i.e., provider, subscriber, beneficiary or another recipient.",
        "exampleBoolean": false
      },
      {
        "extension": [
          {
            "url": "http://hl7.org/fhir/tools/StructureDefinition/resource-information",
            "valueString": "ValueSet"
          },
          {
            "url": "http://hl7.org/fhir/StructureDefinition/implementationguide-page",
            "valueUri": "ValueSet-C4BBPayerBenefitPaymentStatus.html"
          }
        ],
        "reference": {
          "reference": "ValueSet/C4BBPayerBenefitPaymentStatus"
        },
        "name": "C4BB Payer Benefit Payment Status",
        "description": "Indicates the in network or out of network payment status of the claim.",
        "exampleBoolean": false
      },
      {
        "extension": [
          {
            "url": "http://hl7.org/fhir/tools/StructureDefinition/resource-information",
            "valueString": "ValueSet"
          },
          {
            "url": "http://hl7.org/fhir/StructureDefinition/implementationguide-page",
            "valueUri": "ValueSet-C4BBPayerClaimPaymentStatusCode.html"
          }
        ],
        "reference": {
          "reference": "ValueSet/C4BBPayerClaimPaymentStatusCode"
        },
        "name": "C4BB Payer Claim Payment Status Code",
        "description": "Indicates whether the claim / item was paid or denied.",
        "exampleBoolean": false
      },
      {
        "extension": [
          {
            "url": "http://hl7.org/fhir/tools/StructureDefinition/resource-information",
            "valueString": "ValueSet"
          },
          {
            "url": "http://hl7.org/fhir/StructureDefinition/implementationguide-page",
            "valueUri": "ValueSet-C4BBPayerProviderContractingStatus.html"
          }
        ],
        "reference": {
          "reference": "ValueSet/C4BBPayerProviderContractingStatus"
        },
        "name": "C4BB Payer Provider Contracting Status",
        "description": "Indicates that the Provider has a contract with the Payer as of the effective date of service or admission.",
        "exampleBoolean": false
      },
      {
        "extension": [
          {
            "url": "http://hl7.org/fhir/tools/StructureDefinition/resource-information",
            "valueString": "ValueSet"
          },
          {
            "url": "http://hl7.org/fhir/StructureDefinition/implementationguide-page",
            "valueUri": "ValueSet-C4BBRelatedClaimRelationshipCodes.html"
          }
        ],
        "reference": {
          "reference": "ValueSet/C4BBRelatedClaimRelationshipCodes"
        },
        "name": "C4BB Related Claim Relationship Codes",
        "description": "Identifies if the current claim represents a claim that has been adjusted and was given a prior claim number or if the current claim has been adjusted; i.e., replaced by or merged to another claim number.",
        "exampleBoolean": false
      },
      {
        "extension": [
          {
            "url": "http://hl7.org/fhir/tools/StructureDefinition/resource-information",
            "valueString": "ValueSet"
          },
          {
            "url": "http://hl7.org/fhir/StructureDefinition/implementationguide-page",
            "valueUri": "ValueSet-C4BBSupportingInfoType.html"
          }
        ],
        "reference": {
          "reference": "ValueSet/C4BBSupportingInfoType"
        },
        "name": "C4BB SupportingInfo Type",
        "description": "Used as the discriminator for the types of supporting information for the CARIN IG for Blue Button� Implementation Guide.",
        "exampleBoolean": false
      },
      {
        "extension": [
          {
            "url": "http://hl7.org/fhir/tools/StructureDefinition/resource-information",
            "valueString": "ValueSet"
          },
          {
            "url": "http://hl7.org/fhir/StructureDefinition/implementationguide-page",
            "valueUri": "ValueSet-CDCICD910CMDiagnosisCodes.html"
          }
        ],
        "reference": {
          "reference": "ValueSet/CDCICD910CMDiagnosisCodes"
        },
        "name": "CDC ICD-9-10-CM Diagnosis Codes",
        "description": "The ICD-CM (International Classification of Diseases, Clinical Modification) is a system used by physicians and other healthcare providers to classify and code all diagnoses and symptoms recorded in conjunction with hospital care in the United States.",
        "exampleBoolean": false
      },
      {
        "extension": [
          {
            "url": "http://hl7.org/fhir/tools/StructureDefinition/resource-information",
            "valueString": "ValueSet"
          },
          {
            "url": "http://hl7.org/fhir/StructureDefinition/implementationguide-page",
            "valueUri": "ValueSet-CMSICD910PCSProcedureCodes.html"
          }
        ],
        "reference": {
          "reference": "ValueSet/CMSICD910PCSProcedureCodes"
        },
        "name": "CMS ICD-9-10-PCS Procedure Codes",
        "description": "This value set defines a set of codes from ICD-PCS that can be used to indicate the procedure performed",
        "exampleBoolean": false
      },
      {
        "extension": [
          {
            "url": "http://hl7.org/fhir/tools/StructureDefinition/resource-information",
            "valueString": "ValueSet"
          },
          {
            "url": "http://hl7.org/fhir/StructureDefinition/implementationguide-page",
            "valueUri": "ValueSet-CMSMS3MAPAPRDRG.html"
          }
        ],
        "reference": {
          "reference": "ValueSet/CMSMS3MAPAPRDRG"
        },
        "name": "CMS MS 3M AP APR DRG",
        "description": "This value set defines three sets of DRGs, MS-DRGs (Medicare Severity Diagnosis Related Groups) AP-DRGs (All Patient Diagnosis Related Groups) and APR-DRGs (All Patient Refined Diagnosis Related Groups).  MS-DRGs are owned by CMS; AP-DRGs and APR-DRGs are owned by 3M.  Assignment of a DRG is defined by a particular set of patient attributes, which include principal diagnosis, specific secondary diagnoses, procedures, sex and discharge status.  Identifying a DRG code requires a version.",
        "exampleBoolean": false
      },
      {
        "extension": [
          {
            "url": "http://hl7.org/fhir/tools/StructureDefinition/resource-information",
            "valueString": "ValueSet"
          },
          {
            "url": "http://hl7.org/fhir/StructureDefinition/implementationguide-page",
            "valueUri": "ValueSet-CMSPlaceofServiceCodes.html"
          }
        ],
        "reference": {
          "reference": "ValueSet/CMSPlaceofServiceCodes"
        },
        "name": "CMS Place of Service Codes (POS)",
        "description": "Place of Service Codes are two-digit codes placed on health care professional claims to indicate the setting in which a service was provided.",
        "exampleBoolean": false
      },
      {
        "extension": [
          {
            "url": "http://hl7.org/fhir/tools/StructureDefinition/resource-information",
            "valueString": "ValueSet"
          },
          {
            "url": "http://hl7.org/fhir/StructureDefinition/implementationguide-page",
            "valueUri": "ValueSet-FDANDCOrCompound.html"
          }
        ],
        "reference": {
          "reference": "ValueSet/FDANDCOrCompound"
        },
        "name": "FDA NDC or Compound",
        "description": "National Drug Code (NDC).  The US Federal Drug Administration (FDA) Data Standards Council assigns the first 5 digits of the 11 digit code.  NCPDP field # 407-D7.  \nValues will be the NDC Codes when the Compound Code value is 0 or 1.  When the Compound Code value = 2, the value will be the literal, ‘compound’",
        "exampleBoolean": false
      },
      {
        "extension": [
          {
            "url": "http://hl7.org/fhir/tools/StructureDefinition/resource-information",
            "valueString": "ValueSet"
          },
          {
            "url": "http://hl7.org/fhir/StructureDefinition/implementationguide-page",
            "valueUri": "ValueSet-FDANationalDrugCode.html"
          }
        ],
        "reference": {
          "reference": "ValueSet/FDANationalDrugCode"
        },
        "name": "FDA National Drug Code (NDC)",
        "description": "National Drug Code (NDC).  The US Federal Drug Administration (FDA) Data Standards Council assigns the first 5 digits of the 11 digit code.  NCPDP field # 407-D7.  ",
        "exampleBoolean": false
      },
      {
        "extension": [
          {
            "url": "http://hl7.org/fhir/tools/StructureDefinition/resource-information",
            "valueString": "ValueSet"
          },
          {
            "url": "http://hl7.org/fhir/StructureDefinition/implementationguide-page",
            "valueUri": "ValueSet-NCPDPBrandGenericCode.html"
          }
        ],
        "reference": {
          "reference": "ValueSet/NCPDPBrandGenericCode"
        },
        "name": "NCPDP Brand Generic Code",
        "description": "Indicates whether the plan adjudicated the claim as a brand or generic drug. NCPDP field # 686.",
        "exampleBoolean": false
      },
      {
        "extension": [
          {
            "url": "http://hl7.org/fhir/tools/StructureDefinition/resource-information",
            "valueString": "ValueSet"
          },
          {
            "url": "http://hl7.org/fhir/StructureDefinition/implementationguide-page",
            "valueUri": "ValueSet-NCPDPCompoundCode.html"
          }
        ],
        "reference": {
          "reference": "ValueSet/NCPDPCompoundCode"
        },
        "name": "NCPDP Compound Code",
        "description": "Indicates whether or not the prescription is a compound NCPDP field # 406-D6.",
        "exampleBoolean": false
      },
      {
        "extension": [
          {
            "url": "http://hl7.org/fhir/tools/StructureDefinition/resource-information",
            "valueString": "ValueSet"
          },
          {
            "url": "http://hl7.org/fhir/StructureDefinition/implementationguide-page",
            "valueUri": "ValueSet-NCPDPDispensedAsWrittenOrProductSelectionCode.html"
          }
        ],
        "reference": {
          "reference": "ValueSet/NCPDPDispensedAsWrittenOrProductSelectionCode"
        },
        "name": "NCPDP Dispensed As Written Or Product Selection Code",
        "description": "Prescriber's instruction regarding substitution of generic equivalents or order to dispense the specific prescribed medication. NCPDP field # 408-D8.",
        "exampleBoolean": false
      },
      {
        "extension": [
          {
            "url": "http://hl7.org/fhir/tools/StructureDefinition/resource-information",
            "valueString": "ValueSet"
          },
          {
            "url": "http://hl7.org/fhir/StructureDefinition/implementationguide-page",
            "valueUri": "ValueSet-NCPDPPrescriptionOriginCode.html"
          }
        ],
        "reference": {
          "reference": "ValueSet/NCPDPPrescriptionOriginCode"
        },
        "name": "NCPDP Prescription Origin Code",
        "description": "Indicates whether the prescription was transmitted as an electronic prescription, by phone, by fax, or as a written paper copy. NCPDP field # 419-DJ.",
        "exampleBoolean": false
      },
      {
        "extension": [
          {
            "url": "http://hl7.org/fhir/tools/StructureDefinition/resource-information",
            "valueString": "ValueSet"
          },
          {
            "url": "http://hl7.org/fhir/StructureDefinition/implementationguide-page",
            "valueUri": "ValueSet-NCPDPRejectCode.html"
          }
        ],
        "reference": {
          "reference": "ValueSet/NCPDPRejectCode"
        },
        "name": "NCPDP Reject Code",
        "description": "The National Council for Prescription Drug Programs, (NCPDP) Reject Code (511-FB) code set contains exception definitions for use when transaction processing cannot be completed.",
        "exampleBoolean": false
      },
      {
        "extension": [
          {
            "url": "http://hl7.org/fhir/tools/StructureDefinition/resource-information",
            "valueString": "ValueSet"
          },
          {
            "url": "http://hl7.org/fhir/StructureDefinition/implementationguide-page",
            "valueUri": "ValueSet-X12ClaimAdjustmentReasonCodesCMSRemittanceAdviceRemarkCodes.html"
          }
        ],
        "reference": {
          "reference": "ValueSet/X12ClaimAdjustmentReasonCodesCMSRemittanceAdviceRemarkCodes"
        },
        "name": "X12 Claim Adjustment Reason Codes (CARC) - CMS- Remittance Advice Remark Codes (RARC)",
        "description": "The Value Set is a combination of two sets of codes:  X12 Claim Adjustment Reason Codes (CARC) and CMS Remittance Advice Remark Codes (RARC).  CARC codes describe why a claim or service line was paid differently than it was billed.  RARC codes provide additional explanation for an adjustment already described by a Claim Adjustment Reason Code (CARC) or convey information about remittance processing.  \nUse of X12 CARC codes require a license.  Reference https://x12.org/codes/.  RARC codes are available at http://www.wpc-edi.com/reference/codelists/healthcare/remittance-advice-remark-codes.",
        "exampleBoolean": false
      },
      {
        "extension": [
          {
            "url": "http://hl7.org/fhir/tools/StructureDefinition/resource-information",
            "valueString": "CodeSystem"
          },
          {
            "url": "http://hl7.org/fhir/StructureDefinition/implementationguide-page",
            "valueUri": "CodeSystem-AHANUBCPatientDischargeStatus.html"
          }
        ],
        "reference": {
          "reference": "CodeSystem/AHANUBCPatientDischargeStatus"
        },
        "name": "AHA NUBC Discharge Status",
        "description": "UB-04 Patient Discharge Status (FL-17)",
        "exampleBoolean": false
      },
      {
        "extension": [
          {
            "url": "http://hl7.org/fhir/tools/StructureDefinition/resource-information",
            "valueString": "CodeSystem"
          },
          {
            "url": "http://hl7.org/fhir/StructureDefinition/implementationguide-page",
            "valueUri": "CodeSystem-AHANUBCPointOfOriginForAdmissionOrVisit.html"
          }
        ],
        "reference": {
          "reference": "CodeSystem/AHANUBCPointOfOriginForAdmissionOrVisit"
        },
        "name": "AHA NUBC Point Of Origin For Admission Or Visit",
        "description": "UB-04 Point of Origin for Admission or Visit (FL-15)",
        "exampleBoolean": false
      },
      {
        "extension": [
          {
            "url": "http://hl7.org/fhir/tools/StructureDefinition/resource-information",
            "valueString": "CodeSystem"
          },
          {
            "url": "http://hl7.org/fhir/StructureDefinition/implementationguide-page",
            "valueUri": "CodeSystem-AHANUBCPresentOnAdmission.html"
          }
        ],
        "reference": {
          "reference": "CodeSystem/AHANUBCPresentOnAdmission"
        },
        "name": "AHA NUBC PresentOn Admission",
        "description": "UB-04 Present on Admission (FL-67).",
        "exampleBoolean": false
      },
      {
        "extension": [
          {
            "url": "http://hl7.org/fhir/tools/StructureDefinition/resource-information",
            "valueString": "CodeSystem"
          },
          {
            "url": "http://hl7.org/fhir/StructureDefinition/implementationguide-page",
            "valueUri": "CodeSystem-AHANUBCPriorityTypeOfAdmissionOrVisit.html"
          }
        ],
        "reference": {
          "reference": "CodeSystem/AHANUBCPriorityTypeOfAdmissionOrVisit"
        },
        "name": "AHA NUBC Priority Type Of Admission Or Visit",
        "description": "UB-04 Priority (Type) of Admission or Visit (FL-14).",
        "exampleBoolean": false
      },
      {
        "extension": [
          {
            "url": "http://hl7.org/fhir/tools/StructureDefinition/resource-information",
            "valueString": "CodeSystem"
          },
          {
            "url": "http://hl7.org/fhir/StructureDefinition/implementationguide-page",
            "valueUri": "CodeSystem-AHANUBCRevenueCodes.html"
          }
        ],
        "reference": {
          "reference": "CodeSystem/AHANUBCRevenueCodes"
        },
        "name": "AHA NUBC Revenue Codes",
        "description": "NUBC Revenue codes are used to convey specific accomodation, ancillary service or unique billing calculations or arrangements. They are listed within the UB-04 Data Specifications Manual and maintained by the National Uniform Billing Committee (NUBC) UB-04 Revenue Code (FL-42)",
        "exampleBoolean": false
      },
      {
        "extension": [
          {
            "url": "http://hl7.org/fhir/tools/StructureDefinition/resource-information",
            "valueString": "CodeSystem"
          },
          {
            "url": "http://hl7.org/fhir/StructureDefinition/implementationguide-page",
            "valueUri": "CodeSystem-AHANUBCTypeOfBill.html"
          }
        ],
        "reference": {
          "reference": "CodeSystem/AHANUBCTypeOfBill"
        },
        "name": "AHA NUBC Type of Bill",
        "description": "UB-04 Type of Bill (FL-4)",
        "exampleBoolean": false
      },
      {
        "extension": [
          {
            "url": "http://hl7.org/fhir/tools/StructureDefinition/resource-information",
            "valueString": "CodeSystem"
          },
          {
            "url": "http://hl7.org/fhir/StructureDefinition/implementationguide-page",
            "valueUri": "CodeSystem-AMACPTCodes.html"
          }
        ],
        "reference": {
          "reference": "CodeSystem/AMACPTCodes"
        },
        "name": "AMA CPT Codes",
        "description": "CPT procedure and modifier codes are submitted to payers to convey the specific procedure performed.  CPT codes are available by subscription from the AMA at http://www.ama-assn.org/go/cpt.",
        "exampleBoolean": false
      },
      {
        "extension": [
          {
            "url": "http://hl7.org/fhir/tools/StructureDefinition/resource-information",
            "valueString": "CodeSystem"
          },
          {
            "url": "http://hl7.org/fhir/StructureDefinition/implementationguide-page",
            "valueUri": "CodeSystem-C4BBAdjudication.html"
          }
        ],
        "reference": {
          "reference": "CodeSystem/C4BBAdjudication"
        },
        "name": "C4BB Adjudication",
        "description": "Describes the various amount fields used when payers receive and adjudicate a claim.  It complements the values defined in http://terminology.hl7.org/CodeSystem/adjudication.",
        "exampleBoolean": false
      },
      {
        "extension": [
          {
            "url": "http://hl7.org/fhir/tools/StructureDefinition/resource-information",
            "valueString": "CodeSystem"
          },
          {
            "url": "http://hl7.org/fhir/StructureDefinition/implementationguide-page",
            "valueUri": "CodeSystem-C4BBAdjudicationDiscriminator.html"
          }
        ],
        "reference": {
          "reference": "CodeSystem/C4BBAdjudicationDiscriminator"
        },
        "name": "C4BB Adjudication Discriminator",
        "description": "Used as the discriminator for the data elements in adjudication and item.adjudication",
        "exampleBoolean": false
      },
      {
        "extension": [
          {
            "url": "http://hl7.org/fhir/tools/StructureDefinition/resource-information",
            "valueString": "CodeSystem"
          },
          {
            "url": "http://hl7.org/fhir/StructureDefinition/implementationguide-page",
            "valueUri": "CodeSystem-C4BBClaimCareTeamRole.html"
          }
        ],
        "reference": {
          "reference": "CodeSystem/C4BBClaimCareTeamRole"
        },
        "name": "C4BB Claim Care Team Role",
        "description": "Describes functional roles of the care team members.  Complements http://terminology.hl7.org/CodeSystem/claimcareteamrole",
        "exampleBoolean": false
      },
      {
        "extension": [
          {
            "url": "http://hl7.org/fhir/tools/StructureDefinition/resource-information",
            "valueString": "CodeSystem"
          },
          {
            "url": "http://hl7.org/fhir/StructureDefinition/implementationguide-page",
            "valueUri": "CodeSystem-C4BBClaimDiagnosisType.html"
          }
        ],
        "reference": {
          "reference": "CodeSystem/C4BBClaimDiagnosisType"
        },
        "name": "C4BB Claim Diagnosis Type",
        "description": "Indicates if the institutional diagnosis is admitting, principal, secondary, other, an external cause of injury or a patient reason for visit.  Complements http://terminology.hl7.org/CodeSystem/ex-diagnosistype.",
        "exampleBoolean": false
      },
      {
        "extension": [
          {
            "url": "http://hl7.org/fhir/tools/StructureDefinition/resource-information",
            "valueString": "CodeSystem"
          },
          {
            "url": "http://hl7.org/fhir/StructureDefinition/implementationguide-page",
            "valueUri": "CodeSystem-C4BBClaimProcedureType.html"
          }
        ],
        "reference": {
          "reference": "CodeSystem/C4BBClaimProcedureType"
        },
        "name": "C4BB Claim Procedure Type",
        "description": "Indicates if the inpatient institutional procedure (ICD-PCS) is the principal procedure or another procedure",
        "exampleBoolean": false
      },
      {
        "extension": [
          {
            "url": "http://hl7.org/fhir/tools/StructureDefinition/resource-information",
            "valueString": "CodeSystem"
          },
          {
            "url": "http://hl7.org/fhir/StructureDefinition/implementationguide-page",
            "valueUri": "CodeSystem-C4BBCompoundLiteral.html"
          }
        ],
        "reference": {
          "reference": "CodeSystem/C4BBCompoundLiteral"
        },
        "name": "C4BB Compound Literal",
        "description": "CodeSystem for a Literal 'compound' value",
        "exampleBoolean": false
      },
      {
        "extension": [
          {
            "url": "http://hl7.org/fhir/tools/StructureDefinition/resource-information",
            "valueString": "CodeSystem"
          },
          {
            "url": "http://hl7.org/fhir/StructureDefinition/implementationguide-page",
            "valueUri": "CodeSystem-C4BBIdentifierType.html"
          }
        ],
        "reference": {
          "reference": "CodeSystem/C4BBIdentifierType"
        },
        "name": "C4BB Identifier Type",
        "description": "Identifier Type codes that extend those defined in http://terminology.hl7.org/CodeSystem/v2-0203 to define the type of identifier payers and providers assign to claims and patients",
        "exampleBoolean": false
      },
      {
        "extension": [
          {
            "url": "http://hl7.org/fhir/tools/StructureDefinition/resource-information",
            "valueString": "CodeSystem"
          },
          {
            "url": "http://hl7.org/fhir/StructureDefinition/implementationguide-page",
            "valueUri": "CodeSystem-C4BBPayeeType.html"
          }
        ],
        "reference": {
          "reference": "CodeSystem/C4BBPayeeType"
        },
        "name": "C4BB Payee Type",
        "description": "Indicates that a payee type may be a beneficiary.",
        "exampleBoolean": false
      },
      {
        "extension": [
          {
            "url": "http://hl7.org/fhir/tools/StructureDefinition/resource-information",
            "valueString": "CodeSystem"
          },
          {
            "url": "http://hl7.org/fhir/StructureDefinition/implementationguide-page",
            "valueUri": "CodeSystem-C4BBPayerAdjudicationStatus.html"
          }
        ],
        "reference": {
          "reference": "CodeSystem/C4BBPayerAdjudicationStatus"
        },
        "name": "C4BB Payer Adjudication Status",
        "description": "Describes the various status fields used when payers adjudicate a claim, such as whether the claim was adjudicated in or out of network, if the provider was contracted or non-contracted for the service",
        "exampleBoolean": false
      },
      {
        "extension": [
          {
            "url": "http://hl7.org/fhir/tools/StructureDefinition/resource-information",
            "valueString": "CodeSystem"
          },
          {
            "url": "http://hl7.org/fhir/StructureDefinition/implementationguide-page",
            "valueUri": "CodeSystem-C4BBRelatedClaimRelationshipCodes.html"
          }
        ],
        "reference": {
          "reference": "CodeSystem/C4BBRelatedClaimRelationshipCodes"
        },
        "name": "C4BB Related Claim Relationship Codes",
        "description": "Identifies if the current claim represents a claim that has been adjusted and was given a prior claim number or if the current claim has been adjusted; i.e., replaced by or merged to another claim number.",
        "exampleBoolean": false
      },
      {
        "extension": [
          {
            "url": "http://hl7.org/fhir/tools/StructureDefinition/resource-information",
            "valueString": "CodeSystem"
          },
          {
            "url": "http://hl7.org/fhir/StructureDefinition/implementationguide-page",
            "valueUri": "CodeSystem-C4BBSupportingInfoType.html"
          }
        ],
        "reference": {
          "reference": "CodeSystem/C4BBSupportingInfoType"
        },
        "name": "C4BB Supporting Info Type",
        "description": "Claim Information Category - Used as the discriminator for supportingInfo",
        "exampleBoolean": false
      },
      {
        "extension": [
          {
            "url": "http://hl7.org/fhir/tools/StructureDefinition/resource-information",
            "valueString": "CodeSystem"
          },
          {
            "url": "http://hl7.org/fhir/StructureDefinition/implementationguide-page",
            "valueUri": "CodeSystem-CMSHCPCSCodes.html"
          }
        ],
        "reference": {
          "reference": "CodeSystem/CMSHCPCSCodes"
        },
        "name": "CMS HCPCS Codes",
        "description": "HCPCS procedure codes and modifiers are submitted by providers to payers to convey the specific procedure performed.\nHCPCS codes are available at http://www.cms.gov/Medicare/Coding/HCPCSReleaseCodeSets.",
        "exampleBoolean": false
      },
      {
        "extension": [
          {
            "url": "http://hl7.org/fhir/tools/StructureDefinition/resource-information",
            "valueString": "CodeSystem"
          },
          {
            "url": "http://hl7.org/fhir/StructureDefinition/implementationguide-page",
            "valueUri": "CodeSystem-CMSMSDRG.html"
          }
        ],
        "reference": {
          "reference": "CodeSystem/CMSMSDRG"
        },
        "name": "CMS MS DRG",
        "description": "MS-DRGs (Medicare Severity Diagnosis Related Groups).  MS-DRGs are owned by CMS.  Assignment of a DRG is defined by a particular set of patient attributes, which include principal diagnosis, specific secondary diagnoses, procedures, sex and discharge status.  Identifying a DRG code requires a version.",
        "exampleBoolean": false
      },
      {
        "extension": [
          {
            "url": "http://hl7.org/fhir/tools/StructureDefinition/resource-information",
            "valueString": "CodeSystem"
          },
          {
            "url": "http://hl7.org/fhir/StructureDefinition/implementationguide-page",
            "valueUri": "CodeSystem-CMSPlaceofServiceCodes.html"
          }
        ],
        "reference": {
          "reference": "CodeSystem/CMSPlaceofServiceCodes"
        },
        "name": "CMS Place of Service Codes (POS)",
        "description": "Place of Service Codes are two-digit codes placed on health care professional claims to indicate the setting in which a service was provided.",
        "exampleBoolean": false
      },
      {
        "extension": [
          {
            "url": "http://hl7.org/fhir/tools/StructureDefinition/resource-information",
            "valueString": "CodeSystem"
          },
          {
            "url": "http://hl7.org/fhir/StructureDefinition/implementationguide-page",
            "valueUri": "CodeSystem-CMSRemittanceAdviceRemarkCodes.html"
          }
        ],
        "reference": {
          "reference": "CodeSystem/CMSRemittanceAdviceRemarkCodes"
        },
        "name": "CMS- Remittance Advice Remark Codes (RARC)",
        "description": "RARC codes provide additional explanation for an adjustment already described by a Claim Adjustment Reason Code (CARC) or convey information about remittance processing.  \nRARC codes are available at http://www.wpc-edi.com/reference/codelists/healthcare/remittance-advice-remark-codes.",
        "exampleBoolean": false
      },
      {
        "extension": [
          {
            "url": "http://hl7.org/fhir/tools/StructureDefinition/resource-information",
            "valueString": "CodeSystem"
          },
          {
            "url": "http://hl7.org/fhir/StructureDefinition/implementationguide-page",
            "valueUri": "CodeSystem-NCPDPBrandGenericCode.html"
          }
        ],
        "reference": {
          "reference": "CodeSystem/NCPDPBrandGenericCode"
        },
        "name": "NCPDP Brand Generic Code",
        "description": "Indicates whether the plan adjudicated the claim as a brand or generic drug. NCPDP field # 686.",
        "exampleBoolean": false
      },
      {
        "extension": [
          {
            "url": "http://hl7.org/fhir/tools/StructureDefinition/resource-information",
            "valueString": "CodeSystem"
          },
          {
            "url": "http://hl7.org/fhir/StructureDefinition/implementationguide-page",
            "valueUri": "CodeSystem-NCPDPCompoundCode.html"
          }
        ],
        "reference": {
          "reference": "CodeSystem/NCPDPCompoundCode"
        },
        "name": "NCPDP Compound Code",
        "description": "Indicates whether or not the prescription is a compound NCPDP field # 406-D6.",
        "exampleBoolean": false
      },
      {
        "extension": [
          {
            "url": "http://hl7.org/fhir/tools/StructureDefinition/resource-information",
            "valueString": "CodeSystem"
          },
          {
            "url": "http://hl7.org/fhir/StructureDefinition/implementationguide-page",
            "valueUri": "CodeSystem-NCPDPDispensedAsWrittenOrProductSelectionCode.html"
          }
        ],
        "reference": {
          "reference": "CodeSystem/NCPDPDispensedAsWrittenOrProductSelectionCode"
        },
        "name": "NCPDP Dispensed As Written Or Product Selection Code",
        "description": "Prescriber's instruction regarding substitution of generic equivalents or order to dispense the specific prescribed medication. NCPDP field # 408-D8.",
        "exampleBoolean": false
      },
      {
        "extension": [
          {
            "url": "http://hl7.org/fhir/tools/StructureDefinition/resource-information",
            "valueString": "CodeSystem"
          },
          {
            "url": "http://hl7.org/fhir/StructureDefinition/implementationguide-page",
            "valueUri": "CodeSystem-NCPDPPrescriptionOriginCode.html"
          }
        ],
        "reference": {
          "reference": "CodeSystem/NCPDPPrescriptionOriginCode"
        },
        "name": "NCPDP Prescription Origin Code",
        "description": "Indicates whether the prescription was transmitted as an electronic prescription, by phone, by fax, or as a written paper copy. NCPDP field # 419-DJ.",
        "exampleBoolean": false
      },
      {
        "extension": [
          {
            "url": "http://hl7.org/fhir/tools/StructureDefinition/resource-information",
            "valueString": "CodeSystem"
          },
          {
            "url": "http://hl7.org/fhir/StructureDefinition/implementationguide-page",
            "valueUri": "CodeSystem-NCPDPRejectCode.html"
          }
        ],
        "reference": {
          "reference": "CodeSystem/NCPDPRejectCode"
        },
        "name": "NCPDP Reject Code",
        "description": "Contains exception definitions for use when transaction processing cannot be completed. NCPDP field # 511-FB (Reject Code)",
        "exampleBoolean": false
      },
      {
        "extension": [
          {
            "url": "http://hl7.org/fhir/tools/StructureDefinition/resource-information",
            "valueString": "CodeSystem"
          },
          {
            "url": "http://hl7.org/fhir/StructureDefinition/implementationguide-page",
            "valueUri": "CodeSystem-THREEMAPDRG.html"
          }
        ],
        "reference": {
          "reference": "CodeSystem/THREEMAPDRG"
        },
        "name": "3M AP DRG",
        "description": "AP-DRGs (All Patient Diagnosis Related Groups).  AP-DRGs are owned by 3M.  Assignment of a DRG is defined by a particular set of patient attributes, which include principal diagnosis, specific secondary diagnoses, procedures, sex and discharge status.  Identifying a DRG code requires a version.  ",
        "exampleBoolean": false
      },
      {
        "extension": [
          {
            "url": "http://hl7.org/fhir/tools/StructureDefinition/resource-information",
            "valueString": "CodeSystem"
          },
          {
            "url": "http://hl7.org/fhir/StructureDefinition/implementationguide-page",
            "valueUri": "CodeSystem-THREEMAPRDRG.html"
          }
        ],
        "reference": {
          "reference": "CodeSystem/THREEMAPRDRG"
        },
        "name": "3M APR DRG",
        "description": "APR-DRGs (All Patient Refined Diagnosis Related Groups).  APR-DRGs are owned by 3M.  Assignment of a DRG is defined by a particular set of patient attributes, which include principal diagnosis, specific secondary diagnoses, procedures, sex and discharge status.  Identifying a DRG code requires a version.  ",
        "exampleBoolean": false
      },
      {
        "extension": [
          {
            "url": "http://hl7.org/fhir/tools/StructureDefinition/resource-information",
            "valueString": "CodeSystem"
          },
          {
            "url": "http://hl7.org/fhir/StructureDefinition/implementationguide-page",
            "valueUri": "CodeSystem-X12ClaimAdjustmentReasonCodes.html"
          }
        ],
        "reference": {
          "reference": "CodeSystem/X12ClaimAdjustmentReasonCodes"
        },
        "name": "X12 Claim Adjustment Reason Codes (CARC)",
        "description": "CARC codes describe why a claim or service line was paid differently than it was billed.   Use of X12 CARC codes require a license.  Reference https://x12.org/codes/.",
        "exampleBoolean": false
      },
      {
        "extension": [
          {
            "url": "http://hl7.org/fhir/tools/StructureDefinition/resource-information",
            "valueString": "Coverage"
          },
          {
            "url": "http://hl7.org/fhir/StructureDefinition/implementationguide-page",
            "valueUri": "Coverage-Coverage1.html"
          }
        ],
        "reference": {
          "reference": "Coverage/Coverage1"
        },
        "name": "Coverage1",
        "description": "Coverage Example1",
        "exampleCanonical": "http://hl7.org/fhir/us/carin-bb/StructureDefinition/C4BB-Coverage"
      },
      {
        "extension": [
          {
            "url": "http://hl7.org/fhir/tools/StructureDefinition/resource-information",
            "valueString": "Coverage"
          },
          {
            "url": "http://hl7.org/fhir/StructureDefinition/implementationguide-page",
            "valueUri": "Coverage-Coverage1UPMC.html"
          }
        ],
        "reference": {
          "reference": "Coverage/Coverage1UPMC"
        },
        "name": "Coverage1UPMC",
        "description": "Coverage1 from UPMC",
        "exampleCanonical": "http://hl7.org/fhir/us/carin-bb/StructureDefinition/C4BB-Coverage"
      },
      {
        "extension": [
          {
            "url": "http://hl7.org/fhir/tools/StructureDefinition/resource-information",
            "valueString": "Coverage"
          },
          {
            "url": "http://hl7.org/fhir/StructureDefinition/implementationguide-page",
            "valueUri": "Coverage-Coverage2UPMC.html"
          }
        ],
        "reference": {
          "reference": "Coverage/Coverage2UPMC"
        },
        "name": "Coverage2UPMC",
        "description": "Coverage2 from UPMC",
        "exampleCanonical": "http://hl7.org/fhir/us/carin-bb/StructureDefinition/C4BB-Coverage"
      },
      {
        "extension": [
          {
            "url": "http://hl7.org/fhir/tools/StructureDefinition/resource-information",
            "valueString": "ExplanationOfBenefit"
          },
          {
            "url": "http://hl7.org/fhir/StructureDefinition/implementationguide-page",
            "valueUri": "ExplanationOfBenefit-EOBInpatient1.html"
          }
        ],
        "reference": {
          "reference": "ExplanationOfBenefit/EOBInpatient1"
        },
        "name": "EOBInpatient1",
        "description": "EOB Inpatient Example1",
        "exampleCanonical": "http://hl7.org/fhir/us/carin-bb/StructureDefinition/C4BB-ExplanationOfBenefit-Inpatient-Institutional"
      },
      {
        "extension": [
          {
            "url": "http://hl7.org/fhir/tools/StructureDefinition/resource-information",
            "valueString": "ExplanationOfBenefit"
          },
          {
            "url": "http://hl7.org/fhir/StructureDefinition/implementationguide-page",
            "valueUri": "ExplanationOfBenefit-EOBOutpatientInstitutional1.html"
          }
        ],
        "reference": {
          "reference": "ExplanationOfBenefit/EOBOutpatientInstitutional1"
        },
        "name": "EOBOutpatientInstitutional1",
        "description": "EOB Outpatient Example1",
        "exampleCanonical": "http://hl7.org/fhir/us/carin-bb/StructureDefinition/C4BB-ExplanationOfBenefit-Outpatient-Institutional"
      },
      {
        "extension": [
          {
            "url": "http://hl7.org/fhir/tools/StructureDefinition/resource-information",
            "valueString": "ExplanationOfBenefit"
          },
          {
            "url": "http://hl7.org/fhir/StructureDefinition/implementationguide-page",
            "valueUri": "ExplanationOfBenefit-EOBPharmacy1.html"
          }
        ],
        "reference": {
          "reference": "ExplanationOfBenefit/EOBPharmacy1"
        },
        "name": "EOBPharmacy1",
        "description": "EOB PHarmacy Example1",
        "exampleCanonical": "http://hl7.org/fhir/us/carin-bb/StructureDefinition/C4BB-ExplanationOfBenefit-Pharmacy"
      },
      {
        "extension": [
          {
            "url": "http://hl7.org/fhir/tools/StructureDefinition/resource-information",
            "valueString": "ExplanationOfBenefit"
          },
          {
            "url": "http://hl7.org/fhir/StructureDefinition/implementationguide-page",
            "valueUri": "ExplanationOfBenefit-EOBProfessional1UPMC.html"
          }
        ],
        "reference": {
          "reference": "ExplanationOfBenefit/EOBProfessional1UPMC"
        },
        "name": "EOBProfessional1UPMC",
        "description": "EOB Professional Example1 from UPMC",
        "exampleCanonical": "http://hl7.org/fhir/us/carin-bb/StructureDefinition/C4BB-ExplanationOfBenefit-Professional-NonClinician"
      },
      {
        "extension": [
          {
            "url": "http://hl7.org/fhir/tools/StructureDefinition/resource-information",
            "valueString": "ExplanationOfBenefit"
          },
          {
            "url": "http://hl7.org/fhir/StructureDefinition/implementationguide-page",
            "valueUri": "ExplanationOfBenefit-EOBProfessional1a.html"
          }
        ],
        "reference": {
          "reference": "ExplanationOfBenefit/EOBProfessional1a"
        },
        "name": "EOBProfessional1a",
        "description": "EOB Professional  Example1",
        "exampleCanonical": "http://hl7.org/fhir/us/carin-bb/StructureDefinition/C4BB-ExplanationOfBenefit-Professional-NonClinician"
      },
      {
        "extension": [
          {
            "url": "http://hl7.org/fhir/tools/StructureDefinition/resource-information",
            "valueString": "ExplanationOfBenefit"
          },
          {
            "url": "http://hl7.org/fhir/StructureDefinition/implementationguide-page",
            "valueUri": "ExplanationOfBenefit-EOBProfessional2UPMC.html"
          }
        ],
        "reference": {
          "reference": "ExplanationOfBenefit/EOBProfessional2UPMC"
        },
        "name": "EOBProfessional2UPMC",
        "description": "EOB Professional Example1 from UPMC",
        "exampleCanonical": "http://hl7.org/fhir/us/carin-bb/StructureDefinition/C4BB-ExplanationOfBenefit-Professional-NonClinician"
      },
      {
        "extension": [
          {
            "url": "http://hl7.org/fhir/tools/StructureDefinition/resource-information",
            "valueString": "Organization"
          },
          {
            "url": "http://hl7.org/fhir/StructureDefinition/implementationguide-page",
            "valueUri": "Organization-Organization1UPMC.html"
          }
        ],
        "reference": {
          "reference": "Organization/Organization1UPMC"
        },
        "name": "Organization1UPMC",
        "description": "Organization1 from UPMC",
        "exampleCanonical": "http://hl7.org/fhir/us/carin-bb/StructureDefinition/C4BB-Organization"
      },
      {
        "extension": [
          {
            "url": "http://hl7.org/fhir/tools/StructureDefinition/resource-information",
            "valueString": "Organization"
          },
          {
            "url": "http://hl7.org/fhir/StructureDefinition/implementationguide-page",
            "valueUri": "Organization-Organization2UPMC.html"
          }
        ],
        "reference": {
          "reference": "Organization/Organization2UPMC"
        },
        "name": "Organization2UPMC",
        "description": "Organization2 from UPMC",
        "exampleCanonical": "http://hl7.org/fhir/us/carin-bb/StructureDefinition/C4BB-Organization"
      },
      {
        "extension": [
          {
            "url": "http://hl7.org/fhir/tools/StructureDefinition/resource-information",
            "valueString": "Organization"
          },
          {
            "url": "http://hl7.org/fhir/StructureDefinition/implementationguide-page",
            "valueUri": "Organization-Organization3UPMC.html"
          }
        ],
        "reference": {
          "reference": "Organization/Organization3UPMC"
        },
        "name": "Organization3UPMC",
        "description": "Organization3 from UPMC",
        "exampleCanonical": "http://hl7.org/fhir/us/carin-bb/StructureDefinition/C4BB-Organization"
      },
      {
        "extension": [
          {
            "url": "http://hl7.org/fhir/tools/StructureDefinition/resource-information",
            "valueString": "Organization"
          },
          {
            "url": "http://hl7.org/fhir/StructureDefinition/implementationguide-page",
            "valueUri": "Organization-OrganizationProvider1.html"
          }
        ],
        "reference": {
          "reference": "Organization/OrganizationProvider1"
        },
        "name": "OrganizationProvider1",
        "description": "Provider 1",
        "exampleCanonical": "http://hl7.org/fhir/us/carin-bb/StructureDefinition/C4BB-Organization"
      },
      {
        "extension": [
          {
            "url": "http://hl7.org/fhir/tools/StructureDefinition/resource-information",
            "valueString": "Patient"
          },
          {
            "url": "http://hl7.org/fhir/StructureDefinition/implementationguide-page",
            "valueUri": "Patient-Patient1.html"
          }
        ],
        "reference": {
          "reference": "Patient/Patient1"
        },
        "name": "Patient1",
        "description": "Patient Example1",
        "exampleCanonical": "http://hl7.org/fhir/us/carin-bb/StructureDefinition/C4BB-Patient"
      },
      {
        "extension": [
          {
            "url": "http://hl7.org/fhir/tools/StructureDefinition/resource-information",
            "valueString": "Patient"
          },
          {
            "url": "http://hl7.org/fhir/StructureDefinition/implementationguide-page",
            "valueUri": "Patient-Patient1UPMC.html"
          }
        ],
        "reference": {
          "reference": "Patient/Patient1UPMC"
        },
        "name": "Patient1UPMC",
        "description": "Patient1 from UPMC",
        "exampleCanonical": "http://hl7.org/fhir/us/carin-bb/StructureDefinition/C4BB-Patient"
      },
      {
        "extension": [
          {
            "url": "http://hl7.org/fhir/tools/StructureDefinition/resource-information",
            "valueString": "Organization"
          },
          {
            "url": "http://hl7.org/fhir/StructureDefinition/implementationguide-page",
            "valueUri": "Organization-Payer1.html"
          }
        ],
        "reference": {
          "reference": "Organization/Payer1"
        },
        "name": "OrganizationPayer1",
        "description": "Payer1",
        "exampleCanonical": "http://hl7.org/fhir/us/carin-bb/StructureDefinition/C4BB-Organization"
      },
      {
        "extension": [
          {
            "url": "http://hl7.org/fhir/tools/StructureDefinition/resource-information",
            "valueString": "Practitioner"
          },
          {
            "url": "http://hl7.org/fhir/StructureDefinition/implementationguide-page",
            "valueUri": "Practitioner-Practitioner1UPMC.html"
          }
        ],
        "reference": {
          "reference": "Practitioner/Practitioner1UPMC"
        },
        "name": "Practitioner1UPMC",
        "description": "Practitioner1 from UPMC",
        "exampleCanonical": "http://hl7.org/fhir/us/carin-bb/StructureDefinition/C4BB-Practitioner"
      },
      {
        "extension": [
          {
            "url": "http://hl7.org/fhir/tools/StructureDefinition/resource-information",
            "valueString": "SearchParameter"
          },
          {
            "url": "http://hl7.org/fhir/StructureDefinition/implementationguide-page",
            "valueUri": "SearchParameter-coverage-payor.html"
          }
        ],
        "reference": {
          "reference": "SearchParameter/coverage-payor"
        },
        "name": "Coverage_Payor",
        "description": "The identity of the insurer or party paying for services",
        "exampleBoolean": false
      },
      {
        "extension": [
          {
            "url": "http://hl7.org/fhir/tools/StructureDefinition/resource-information",
            "valueString": "SearchParameter"
          },
          {
            "url": "http://hl7.org/fhir/StructureDefinition/implementationguide-page",
            "valueUri": "SearchParameter-explanationofbenefit-care-team.html"
          }
        ],
        "reference": {
          "reference": "SearchParameter/explanationofbenefit-care-team"
        },
        "name": "ExplanationOfBenefit_Careteam",
        "description": "Member of the CareTeam",
        "exampleBoolean": false
      },
      {
        "extension": [
          {
            "url": "http://hl7.org/fhir/tools/StructureDefinition/resource-information",
            "valueString": "SearchParameter"
          },
          {
            "url": "http://hl7.org/fhir/StructureDefinition/implementationguide-page",
            "valueUri": "SearchParameter-explanationofbenefit-coverage.html"
          }
        ],
        "reference": {
          "reference": "SearchParameter/explanationofbenefit-coverage"
        },
        "name": "ExplanationOfBenefit_Coverage",
        "description": "The plan under which the claim was adjudicated",
        "exampleBoolean": false
      },
      {
        "extension": [
          {
            "url": "http://hl7.org/fhir/tools/StructureDefinition/resource-information",
            "valueString": "SearchParameter"
          },
          {
            "url": "http://hl7.org/fhir/StructureDefinition/implementationguide-page",
            "valueUri": "SearchParameter-explanationofbenefit-identifier.html"
          }
        ],
        "reference": {
          "reference": "SearchParameter/explanationofbenefit-identifier"
        },
        "name": "ExplanationOfBenefit_Identifier",
        "description": "The business/claim identifier of the Explanation of Benefit",
        "exampleBoolean": false
      },
      {
        "extension": [
          {
            "url": "http://hl7.org/fhir/tools/StructureDefinition/resource-information",
            "valueString": "SearchParameter"
          },
          {
            "url": "http://hl7.org/fhir/StructureDefinition/implementationguide-page",
            "valueUri": "SearchParameter-explanationofbenefit-insurer.html"
          }
        ],
        "reference": {
          "reference": "SearchParameter/explanationofbenefit-insurer"
        },
        "name": "ExplanationOfBenefit_Insurer",
        "description": "The party responsible for the claim",
        "exampleBoolean": false
      },
      {
        "extension": [
          {
            "url": "http://hl7.org/fhir/tools/StructureDefinition/resource-information",
            "valueString": "SearchParameter"
          },
          {
            "url": "http://hl7.org/fhir/StructureDefinition/implementationguide-page",
            "valueUri": "SearchParameter-explanationofbenefit-patient.html"
          }
        ],
        "reference": {
          "reference": "SearchParameter/explanationofbenefit-patient"
        },
        "name": "ExplanationOfBenefit_Patient",
        "description": "The reference to the patient",
        "exampleBoolean": false
      },
      {
        "extension": [
          {
            "url": "http://hl7.org/fhir/tools/StructureDefinition/resource-information",
            "valueString": "SearchParameter"
          },
          {
            "url": "http://hl7.org/fhir/StructureDefinition/implementationguide-page",
            "valueUri": "SearchParameter-explanationofbenefit-provider.html"
          }
        ],
        "reference": {
          "reference": "SearchParameter/explanationofbenefit-provider"
        },
        "name": "ExplanationOfBenefit_Provider",
        "description": "The reference to the provider",
        "exampleBoolean": false
      },
      {
        "extension": [
          {
            "url": "http://hl7.org/fhir/tools/StructureDefinition/resource-information",
            "valueString": "SearchParameter"
          },
          {
            "url": "http://hl7.org/fhir/StructureDefinition/implementationguide-page",
            "valueUri": "SearchParameter-explanationofbenefit-service-date.html"
          }
        ],
        "reference": {
          "reference": "SearchParameter/explanationofbenefit-service-date"
        },
        "name": "ExplanationOfBenefit_ServiceDate",
        "description": "Date of the service for the EOB",
        "exampleBoolean": false
      },
      {
        "extension": [
          {
            "url": "http://hl7.org/fhir/tools/StructureDefinition/resource-information",
            "valueString": "SearchParameter"
          },
          {
            "url": "http://hl7.org/fhir/StructureDefinition/implementationguide-page",
            "valueUri": "SearchParameter-explanationofbenefit-type.html"
          }
        ],
        "reference": {
          "reference": "SearchParameter/explanationofbenefit-type"
        },
        "name": "ExplanationOfBenefit_Type",
        "description": "The type of the ExplanationOfBenefit",
        "exampleBoolean": false
      },
      {
        "extension": [
          {
            "url": "http://hl7.org/fhir/tools/StructureDefinition/resource-information",
            "valueString": "SearchParameter"
          },
          {
            "url": "http://hl7.org/fhir/StructureDefinition/implementationguide-page",
            "valueUri": "SearchParameter-practitionerrole-organization.html"
          }
        ],
        "reference": {
          "reference": "SearchParameter/practitionerrole-organization"
        },
        "name": "ExplanationOfBenefit_Organization",
        "description": "The identity of the organization the practitioner represents / acts on behalf of",
        "exampleBoolean": false
      },
      {
        "extension": [
          {
            "url": "http://hl7.org/fhir/tools/StructureDefinition/resource-information",
            "valueString": "SearchParameter"
          },
          {
            "url": "http://hl7.org/fhir/StructureDefinition/implementationguide-page",
            "valueUri": "SearchParameter-practitionerrole-practitioner.html"
          }
        ],
        "reference": {
          "reference": "SearchParameter/practitionerrole-practitioner"
        },
        "name": "ExplanationOfBenefit_Practitioner",
        "description": "Practitioner that is able to provide the defined services for the organization",
        "exampleBoolean": false
      },
      {
        "extension": [
          {
            "url": "http://hl7.org/fhir/tools/StructureDefinition/resource-information",
            "valueString": "CapabilityStatement"
          },
          {
            "url": "http://hl7.org/fhir/StructureDefinition/implementationguide-page",
            "valueUri": "CapabilityStatement-c4bb.html"
          }
        ],
        "reference": {
          "reference": "CapabilityStatement/c4bb"
        },
        "name": "C4BB CapabilityStatement",
        "description": "This Section describes the expected capabilities of the C4BB Server actor which is responsible for providing responses to the queries submitted by the C4BB Requestors. ",
        "exampleBoolean": false
      }
    ],
    "page": {
      "nameUrl": "toc.html",
      "title": "Table of Contents",
      "generation": "html",
      "page": [
        {
          "nameUrl": "index.html",
          "title": "Home",
          "generation": "markdown"
        },
        {
          "nameUrl": "Background.html",
          "title": "Background",
          "generation": "markdown"
        },
        {
          "nameUrl": "Use_Case.html",
          "title": "Use Case",
          "generation": "markdown"
        },
        {
          "nameUrl": "Authorization_Authentication_and_Registration.html",
          "title": "Authorization Authentication and Registration",
          "generation": "markdown"
        },
        {
          "nameUrl": "Common_Payer_Consumer_Data_Set.html",
          "title": "Common Payer Consumer Data Set",
          "generation": "markdown"
        },
        {
          "nameUrl": "downloads.html",
          "title": "Downloads",
          "generation": "markdown"
        },
        {
          "nameUrl": "Guidance.html",
          "title": "Guidance",
          "generation": "markdown"
        },
        {
          "nameUrl": "Notes_To_Developers.html",
          "title": "Notes To Developers",
          "generation": "markdown"
        },
        {
          "nameUrl": "Terminology.html",
          "title": "Terminology",
          "generation": "markdown"
        },
        {
          "nameUrl": "Examples.html",
          "title": "Examples",
          "generation": "markdown"
        }
      ]
    },
    "parameter": [
      {
        "code": "path-resource",
        "value": "input/capabilities"
      },
      {
        "code": "path-resource",
        "value": "input/examples"
      },
      {
        "code": "path-resource",
        "value": "input/extensions"
      },
      {
        "code": "path-resource",
        "value": "input/models"
      },
      {
        "code": "path-resource",
        "value": "input/operations"
      },
      {
        "code": "path-resource",
        "value": "input/profiles"
      },
      {
        "code": "path-resource",
        "value": "input/resources"
      },
      {
        "code": "path-resource",
        "value": "input/vocabulary"
      },
      {
        "code": "path-resource",
        "value": "input/maps"
      },
      {
        "code": "path-resource",
        "value": "input/testing"
      },
      {
        "code": "path-resource",
        "value": "input/history"
      },
      {
        "code": "path-resource",
        "value": "fsh-generated/resources"
      },
      {
        "code": "path-pages",
        "value": "template/config"
      },
      {
        "code": "path-pages",
        "value": "input/images"
      },
      {
        "code": "path-tx-cache",
        "value": "input-cache/txcache"
      }
    ]
  }
}