{
  "resourceType": "ImplementationGuide",
  "id": "hl7.fhir.us.carin-bb",
  "text": {
    "status": "extensions",
    "div": "<div xmlns=\"http://www.w3.org/1999/xhtml\"><h2>CARINConsumerDirectedPayerDataExchange</h2><p>The official URL for this implementation guide is: </p><pre>http://hl7.org/fhir/us/carin-bb/ImplementationGuide/hl7.fhir.us.carin-bb</pre><div><p>CARIN Consumer Directed Payer Data Exchange</p>\n</div></div>"
  },
  "url": "http://hl7.org/fhir/us/carin-bb/ImplementationGuide/hl7.fhir.us.carin-bb",
  "version": "0.3.1",
  "name": "CARINConsumerDirectedPayerDataExchange",
  "title": "CARIN Consumer Directed Payer Data Exchange",
  "status": "active",
  "date": "2020-07-26T20:42:15+00:00",
  "publisher": "HL7 Financial Management Working Group",
  "contact": [
    {
      "name": "HL7 Financial Management Working Group",
      "telecom": [
        {
          "system": "url",
          "value": "http://www.hl7.org/Special/committees/fm/index.cfm"
        },
        {
          "system": "email",
          "value": "fm@lists.HL7.org"
        }
      ]
    }
  ],
  "description": "CARIN Consumer Directed Payer Data Exchange",
  "jurisdiction": [
    {
      "coding": [
        {
          "system": "urn:iso:std:iso:3166",
          "code": "US"
        }
      ]
    }
  ],
  "packageId": "hl7.fhir.us.carin-bb",
  "license": "CC0-1.0",
  "fhirVersion": [
    "4.0.1"
  ],
  "dependsOn": [
    {
      "id": "hl7_fhir_us_core",
      "uri": "http://hl7.org/fhir/us/core/ImplementationGuide/hl7.fhir.us.core",
      "packageId": "hl7.fhir.us.core",
      "version": "3.1.0"
    }
  ],
  "definition": {
    "extension": [
      {
        "extension": [
          {
            "url": "code",
            "valueString": "copyrightyear"
          },
          {
            "url": "value",
            "valueString": "2020+"
          }
        ],
        "url": "http://hl7.org/fhir/tools/StructureDefinition/ig-parameter"
      },
      {
        "extension": [
          {
            "url": "code",
            "valueString": "releaselabel"
          },
          {
            "url": "value",
            "valueString": "STU1"
          }
        ],
        "url": "http://hl7.org/fhir/tools/StructureDefinition/ig-parameter"
      },
      {
        "extension": [
          {
            "url": "code",
            "valueString": "show-inherited-invariants"
          },
          {
            "url": "value",
            "valueString": "false"
          }
        ],
        "url": "http://hl7.org/fhir/tools/StructureDefinition/ig-parameter"
      },
      {
        "extension": [
          {
            "url": "code",
            "valueString": "apply-jurisdiction"
          },
          {
            "url": "value",
            "valueString": "true"
          }
        ],
        "url": "http://hl7.org/fhir/tools/StructureDefinition/ig-parameter"
      },
      {
        "extension": [
          {
            "url": "code",
            "valueString": "apply-publisher"
          },
          {
            "url": "value",
            "valueString": "true"
          }
        ],
        "url": "http://hl7.org/fhir/tools/StructureDefinition/ig-parameter"
      },
      {
        "extension": [
          {
            "url": "code",
            "valueString": "path-history"
          },
          {
            "url": "value",
            "valueString": "http://hl7.org/fhir/us/carin-bb/history.html"
          }
        ],
        "url": "http://hl7.org/fhir/tools/StructureDefinition/ig-parameter"
      },
      {
        "extension": [
          {
            "url": "code",
            "valueString": "autoload-resources"
          },
          {
            "url": "value",
            "valueString": "true"
          }
        ],
        "url": "http://hl7.org/fhir/tools/StructureDefinition/ig-parameter"
      },
      {
        "extension": [
          {
            "url": "code",
            "valueString": "path-liquid"
          },
          {
            "url": "value",
            "valueString": "template/liquid"
          }
        ],
        "url": "http://hl7.org/fhir/tools/StructureDefinition/ig-parameter"
      },
      {
        "extension": [
          {
            "url": "code",
            "valueString": "path-liquid"
          },
          {
            "url": "value",
            "valueString": "input/liquid"
          }
        ],
        "url": "http://hl7.org/fhir/tools/StructureDefinition/ig-parameter"
      },
      {
        "extension": [
          {
            "url": "code",
            "valueString": "path-qa"
          },
          {
            "url": "value",
            "valueString": "temp/qa"
          }
        ],
        "url": "http://hl7.org/fhir/tools/StructureDefinition/ig-parameter"
      },
      {
        "extension": [
          {
            "url": "code",
            "valueString": "path-temp"
          },
          {
            "url": "value",
            "valueString": "temp/pages"
          }
        ],
        "url": "http://hl7.org/fhir/tools/StructureDefinition/ig-parameter"
      },
      {
        "extension": [
          {
            "url": "code",
            "valueString": "path-output"
          },
          {
            "url": "value",
            "valueString": "output"
          }
        ],
        "url": "http://hl7.org/fhir/tools/StructureDefinition/ig-parameter"
      },
      {
        "extension": [
          {
            "url": "code",
            "valueString": "path-suppressed-warnings"
          },
          {
            "url": "value",
            "valueString": "input/ignoreWarnings.txt"
          }
        ],
        "url": "http://hl7.org/fhir/tools/StructureDefinition/ig-parameter"
      },
      {
        "extension": [
          {
            "url": "code",
            "valueString": "template-html"
          },
          {
            "url": "value",
            "valueString": "template-page.html"
          }
        ],
        "url": "http://hl7.org/fhir/tools/StructureDefinition/ig-parameter"
      },
      {
        "extension": [
          {
            "url": "code",
            "valueString": "template-md"
          },
          {
            "url": "value",
            "valueString": "template-page-md.html"
          }
        ],
        "url": "http://hl7.org/fhir/tools/StructureDefinition/ig-parameter"
      },
      {
        "extension": [
          {
            "url": "code",
            "valueString": "apply-contact"
          },
          {
            "url": "value",
            "valueString": "true"
          }
        ],
        "url": "http://hl7.org/fhir/tools/StructureDefinition/ig-parameter"
      },
      {
        "extension": [
          {
            "url": "code",
            "valueString": "apply-context"
          },
          {
            "url": "value",
            "valueString": "true"
          }
        ],
        "url": "http://hl7.org/fhir/tools/StructureDefinition/ig-parameter"
      },
      {
        "extension": [
          {
            "url": "code",
            "valueString": "apply-copyright"
          },
          {
            "url": "value",
            "valueString": "true"
          }
        ],
        "url": "http://hl7.org/fhir/tools/StructureDefinition/ig-parameter"
      },
      {
        "extension": [
          {
            "url": "code",
            "valueString": "apply-license"
          },
          {
            "url": "value",
            "valueString": "true"
          }
        ],
        "url": "http://hl7.org/fhir/tools/StructureDefinition/ig-parameter"
      },
      {
        "extension": [
          {
            "url": "code",
            "valueString": "apply-version"
          },
          {
            "url": "value",
            "valueString": "true"
          }
        ],
        "url": "http://hl7.org/fhir/tools/StructureDefinition/ig-parameter"
      },
      {
        "extension": [
          {
            "url": "code",
            "valueString": "active-tables"
          },
          {
            "url": "value",
            "valueString": "true"
          }
        ],
        "url": "http://hl7.org/fhir/tools/StructureDefinition/ig-parameter"
      }
    ],
    "resource": [
      {
        "extension": [
          {
            "url": "http://hl7.org/fhir/tools/StructureDefinition/resource-information",
            "valueString": "StructureDefinition:resource"
          },
          {
            "url": "http://hl7.org/fhir/StructureDefinition/implementationguide-page",
            "valueUri": "StructureDefinition-CARIN-BB-Coverage.html"
          }
        ],
        "reference": {
          "reference": "StructureDefinition/CARIN-BB-Coverage"
        },
        "name": "CARIN BB Coverage",
        "description": "CARIN Blue Button Coverage Profile.",
        "exampleBoolean": false
      },
      {
        "extension": [
          {
            "url": "http://hl7.org/fhir/tools/StructureDefinition/resource-information",
            "valueString": "StructureDefinition:resource:abstract"
          },
          {
            "url": "http://hl7.org/fhir/StructureDefinition/implementationguide-page",
            "valueUri": "StructureDefinition-CARIN-BB-ExplanationOfBenefit.html"
          }
        ],
        "reference": {
          "reference": "StructureDefinition/CARIN-BB-ExplanationOfBenefit"
        },
        "name": "CARIN BB Explanation Of Benefit",
        "description": "Abstract parent profile that includes constraints that are common to the four specific ExplanationOfBenefit (EOB) profiles defined in this Implementation Guide.\nAll EOB instances should be from one of the four non-abstract EOB profiles defined in this Implementation Guide:  Inpatient, Outpatient, Pharmacy, and Professional/NonClinician",
        "exampleBoolean": false
      },
      {
        "extension": [
          {
            "url": "http://hl7.org/fhir/tools/StructureDefinition/resource-information",
            "valueString": "StructureDefinition:resource"
          },
          {
            "url": "http://hl7.org/fhir/StructureDefinition/implementationguide-page",
            "valueUri": "StructureDefinition-CARIN-BB-ExplanationOfBenefit-Inpatient-Facility.html"
          }
        ],
        "reference": {
          "reference": "StructureDefinition/CARIN-BB-ExplanationOfBenefit-Inpatient-Facility"
        },
        "name": "CARIN BB ExplanationOfBenefit Inpatient Facility",
        "description": "The profile is used for Explanation of Benefits (EOBs) based on claims submitted by clinics, hospitals, skilled nursing facilities and other institutions for inpatient services, which may include the use of equipment and supplies, laboratory services, radiology services and other charges. Inpatient claims are submitted for services rendered at a facility as part of an overnight stay. \nThe claims data is based on the institutional claim format UB-04, submission standards adopted by the Department of Health and Human Services as form CMS-1450.",
        "exampleBoolean": false
      },
      {
        "extension": [
          {
            "url": "http://hl7.org/fhir/tools/StructureDefinition/resource-information",
            "valueString": "StructureDefinition:resource"
          },
          {
            "url": "http://hl7.org/fhir/StructureDefinition/implementationguide-page",
            "valueUri": "StructureDefinition-CARIN-BB-ExplanationOfBenefit-Outpatient-Facility.html"
          }
        ],
        "reference": {
          "reference": "StructureDefinition/CARIN-BB-ExplanationOfBenefit-Outpatient-Facility"
        },
        "name": "CARIN BB ExplanationOfBenefit Outpatient Facility",
        "description": "This profile is used for Explanation of Benefits (EOBs) based on claims submitted by clinics, hospitals, skilled nursing facilities and other institutions for outpatient services, which may include including the use of equipment and supplies, laboratory services, radiology services and other charges. Outpatient claims are submitted for services rendered at a facility that are not part of an overnight stay. \nThe claims data is based on the institutional claim form UB-04, submission standards adopted by the Department of Health and Human Services as form CMS-1450.",
        "exampleBoolean": false
      },
      {
        "extension": [
          {
            "url": "http://hl7.org/fhir/tools/StructureDefinition/resource-information",
            "valueString": "StructureDefinition:resource"
          },
          {
            "url": "http://hl7.org/fhir/StructureDefinition/implementationguide-page",
            "valueUri": "StructureDefinition-CARIN-BB-ExplanationOfBenefit-Pharmacy.html"
          }
        ],
        "reference": {
          "reference": "StructureDefinition/CARIN-BB-ExplanationOfBenefit-Pharmacy"
        },
        "name": "CARIN BB ExplanationOfBenefit Pharmacy",
        "description": "This profile is used for Explanation of Benefits (EOBs) based on claims submitted by retail pharmacies. \nThe claims data is based on submission standards adopted by the Department of Health and Human Services defined by NCPDP (National Council for Prescription Drug Program)",
        "exampleBoolean": false
      },
      {
        "extension": [
          {
            "url": "http://hl7.org/fhir/tools/StructureDefinition/resource-information",
            "valueString": "StructureDefinition:resource"
          },
          {
            "url": "http://hl7.org/fhir/StructureDefinition/implementationguide-page",
            "valueUri": "StructureDefinition-CARIN-BB-ExplanationOfBenefit-Professional-NonClinician.html"
          }
        ],
        "reference": {
          "reference": "StructureDefinition/CARIN-BB-ExplanationOfBenefit-Professional-NonClinician"
        },
        "name": "CARIN BB ExplanationOfBenefit Professional NonClinician",
        "description": "This profile is used for Explanation of Benefits (EOBs) based on claims submitted by physicians, suppliers and other non-institutional providers for professional services. These services may be rendered in inpatient or outpatient, including office locations. \nThe claims data is based on the professional claim form 1500, submission standards adopted by the Department of Health and Human Services as form CMS-1500.",
        "exampleBoolean": false
      },
      {
        "extension": [
          {
            "url": "http://hl7.org/fhir/tools/StructureDefinition/resource-information",
            "valueString": "StructureDefinition:resource"
          },
          {
            "url": "http://hl7.org/fhir/StructureDefinition/implementationguide-page",
            "valueUri": "StructureDefinition-CARIN-BB-Location.html"
          }
        ],
        "reference": {
          "reference": "StructureDefinition/CARIN-BB-Location"
        },
        "name": "CARIN BB Location",
        "description": "CARIN Blue Button Location Profile.",
        "exampleBoolean": false
      },
      {
        "extension": [
          {
            "url": "http://hl7.org/fhir/tools/StructureDefinition/resource-information",
            "valueString": "StructureDefinition:resource"
          },
          {
            "url": "http://hl7.org/fhir/StructureDefinition/implementationguide-page",
            "valueUri": "StructureDefinition-CARIN-BB-Organization.html"
          }
        ],
        "reference": {
          "reference": "StructureDefinition/CARIN-BB-Organization"
        },
        "name": "CARIN BB Organization",
        "description": "CARIN Blue Button Organization Profile.",
        "exampleBoolean": false
      },
      {
        "extension": [
          {
            "url": "http://hl7.org/fhir/tools/StructureDefinition/resource-information",
            "valueString": "StructureDefinition:resource"
          },
          {
            "url": "http://hl7.org/fhir/StructureDefinition/implementationguide-page",
            "valueUri": "StructureDefinition-CARIN-BB-Patient.html"
          }
        ],
        "reference": {
          "reference": "StructureDefinition/CARIN-BB-Patient"
        },
        "name": "CARIN BB Patient",
        "description": "CARIN Blue Button Patient Profile.",
        "exampleBoolean": false
      },
      {
        "extension": [
          {
            "url": "http://hl7.org/fhir/tools/StructureDefinition/resource-information",
            "valueString": "StructureDefinition:resource"
          },
          {
            "url": "http://hl7.org/fhir/StructureDefinition/implementationguide-page",
            "valueUri": "StructureDefinition-CARIN-BB-Practitioner.html"
          }
        ],
        "reference": {
          "reference": "StructureDefinition/CARIN-BB-Practitioner"
        },
        "name": "CARIN BB Practitioner",
        "description": "CARIN Blue Button Practitioner Profile.",
        "exampleBoolean": false
      },
      {
        "extension": [
          {
            "url": "http://hl7.org/fhir/tools/StructureDefinition/resource-information",
            "valueString": "StructureDefinition:resource"
          },
          {
            "url": "http://hl7.org/fhir/StructureDefinition/implementationguide-page",
            "valueUri": "StructureDefinition-CARIN-BB-PractitionerRole.html"
          }
        ],
        "reference": {
          "reference": "StructureDefinition/CARIN-BB-PractitionerRole"
        },
        "name": "CARIN BB PractitionerRole",
        "description": "CARIN Blue Button PractitionerRole Profile.",
        "exampleBoolean": false
      },
      {
        "extension": [
          {
            "url": "http://hl7.org/fhir/tools/StructureDefinition/resource-information",
            "valueString": "StructureDefinition:extension"
          },
          {
            "url": "http://hl7.org/fhir/StructureDefinition/implementationguide-page",
            "valueUri": "StructureDefinition-AdjudicationType.html"
          }
        ],
        "reference": {
          "reference": "StructureDefinition/AdjudicationType"
        },
        "name": "Adjudication Type",
        "description": "An extension to provide a human-readable description of an organization.",
        "exampleBoolean": false
      },
      {
        "extension": [
          {
            "url": "http://hl7.org/fhir/tools/StructureDefinition/resource-information",
            "valueString": "ValueSet"
          },
          {
            "url": "http://hl7.org/fhir/StructureDefinition/implementationguide-page",
            "valueUri": "ValueSet-AdjudicationCarinBBValueCodes.html"
          }
        ],
        "reference": {
          "reference": "ValueSet/AdjudicationCarinBBValueCodes"
        },
        "name": "Adjudication CARINBB Value Codes",
        "description": "As per Jira FHIR-26992... HL7 Requested to fix HL7 Adjudication codesystem",
        "exampleBoolean": false
      },
      {
        "extension": [
          {
            "url": "http://hl7.org/fhir/tools/StructureDefinition/resource-information",
            "valueString": "ValueSet"
          },
          {
            "url": "http://hl7.org/fhir/StructureDefinition/implementationguide-page",
            "valueUri": "ValueSet-AdjudicationDenialReason.html"
          }
        ],
        "reference": {
          "reference": "ValueSet/AdjudicationDenialReason"
        },
        "name": "Adjudication Denial Reason",
        "description": "Reason codes used to interpret the adjudication denial reason.  X12 CARC + CMS RARC",
        "exampleBoolean": false
      },
      {
        "extension": [
          {
            "url": "http://hl7.org/fhir/tools/StructureDefinition/resource-information",
            "valueString": "ValueSet"
          },
          {
            "url": "http://hl7.org/fhir/StructureDefinition/implementationguide-page",
            "valueUri": "ValueSet-AdjudicationSlideCodes.html"
          }
        ],
        "reference": {
          "reference": "ValueSet/AdjudicationSlideCodes"
        },
        "name": "Adjudication Slice Codes",
        "description": "Codes used to discriminate slices of adjudication and item.adjudication",
        "exampleBoolean": false
      },
      {
        "extension": [
          {
            "url": "http://hl7.org/fhir/tools/StructureDefinition/resource-information",
            "valueString": "ValueSet"
          },
          {
            "url": "http://hl7.org/fhir/StructureDefinition/implementationguide-page",
            "valueUri": "ValueSet-AdjudicationValueCodes.html"
          }
        ],
        "reference": {
          "reference": "ValueSet/AdjudicationValueCodes"
        },
        "name": "Benefit Payment Status Category",
        "description": "Benefit Payment Status Category",
        "exampleBoolean": false
      },
      {
        "extension": [
          {
            "url": "http://hl7.org/fhir/tools/StructureDefinition/resource-information",
            "valueString": "ValueSet"
          },
          {
            "url": "http://hl7.org/fhir/StructureDefinition/implementationguide-page",
            "valueUri": "ValueSet-BenefitPaymentStatus.html"
          }
        ],
        "reference": {
          "reference": "ValueSet/BenefitPaymentStatus"
        },
        "name": "Benefit Payment Status",
        "description": "Indicates the in network or out of network payment status of the claim.",
        "exampleBoolean": false
      },
      {
        "extension": [
          {
            "url": "http://hl7.org/fhir/tools/StructureDefinition/resource-information",
            "valueString": "ValueSet"
          },
          {
            "url": "http://hl7.org/fhir/StructureDefinition/implementationguide-page",
            "valueUri": "ValueSet-CARINBBInstitutionalClaimCareTeamRoleCodes.html"
          }
        ],
        "reference": {
          "reference": "ValueSet/CARINBBInstitutionalClaimCareTeamRoleCodes"
        },
        "name": "CARINBB Institutional Claim Care Team Roles",
        "description": "Indicates the role of the provider providing the care.",
        "exampleBoolean": false
      },
      {
        "extension": [
          {
            "url": "http://hl7.org/fhir/tools/StructureDefinition/resource-information",
            "valueString": "ValueSet"
          },
          {
            "url": "http://hl7.org/fhir/StructureDefinition/implementationguide-page",
            "valueUri": "ValueSet-CARINBBPharmacyClaimCareTeamRoleCodes.html"
          }
        ],
        "reference": {
          "reference": "ValueSet/CARINBBPharmacyClaimCareTeamRoleCodes"
        },
        "name": "CARINBB Pharmacy CareTeam Roles",
        "description": "Indicates the role of the provider providing the care.",
        "exampleBoolean": false
      },
      {
        "extension": [
          {
            "url": "http://hl7.org/fhir/tools/StructureDefinition/resource-information",
            "valueString": "ValueSet"
          },
          {
            "url": "http://hl7.org/fhir/StructureDefinition/implementationguide-page",
            "valueUri": "ValueSet-CARINBBProfessionalAndNonclinicanClaimCareTeamRoleCodes.html"
          }
        ],
        "reference": {
          "reference": "ValueSet/CARINBBProfessionalAndNonclinicanClaimCareTeamRoleCodes"
        },
        "name": "CARINBB Professional and Non-Clinician CareTeam Roles",
        "description": "Indicates the role of the provider providing the care.",
        "exampleBoolean": false
      },
      {
        "extension": [
          {
            "url": "http://hl7.org/fhir/tools/StructureDefinition/resource-information",
            "valueString": "ValueSet"
          },
          {
            "url": "http://hl7.org/fhir/StructureDefinition/implementationguide-page",
            "valueUri": "ValueSet-CMSDRG.html"
          }
        ],
        "reference": {
          "reference": "ValueSet/CMSDRG"
        },
        "name": "CMS-DRG",
        "description": "CMS-DRG",
        "exampleBoolean": false
      },
      {
        "extension": [
          {
            "url": "http://hl7.org/fhir/tools/StructureDefinition/resource-information",
            "valueString": "ValueSet"
          },
          {
            "url": "http://hl7.org/fhir/StructureDefinition/implementationguide-page",
            "valueUri": "ValueSet-CMSPlaceOfService.html"
          }
        ],
        "reference": {
          "reference": "ValueSet/CMSPlaceOfService"
        },
        "name": "CMS Place of Service",
        "description": "https://www.cms.gov/Medicare/Coding/place-of-service-codes/Place_of_Service_Code_Set.html .  The link takes one to the Place of Service list as an html document; it is not a file to which an IG can be bound.   The code set is owned by CMS and is available for use.",
        "exampleBoolean": false
      },
      {
        "extension": [
          {
            "url": "http://hl7.org/fhir/tools/StructureDefinition/resource-information",
            "valueString": "ValueSet"
          },
          {
            "url": "http://hl7.org/fhir/StructureDefinition/implementationguide-page",
            "valueUri": "ValueSet-CPTHCPCSModifierCode.html"
          }
        ],
        "reference": {
          "reference": "ValueSet/CPTHCPCSModifierCode"
        },
        "name": "AMA CPT and CMS HCPCS Modifier Codes",
        "description": "AMA CPT and CMS HCPCS Modifier Codes",
        "exampleBoolean": false
      },
      {
        "extension": [
          {
            "url": "http://hl7.org/fhir/tools/StructureDefinition/resource-information",
            "valueString": "ValueSet"
          },
          {
            "url": "http://hl7.org/fhir/StructureDefinition/implementationguide-page",
            "valueUri": "ValueSet-CPTHCPCSProcedureCode.html"
          }
        ],
        "reference": {
          "reference": "ValueSet/CPTHCPCSProcedureCode"
        },
        "name": "AMA CPT and CMS HCPCS Procedure Codes",
        "description": "AMA CPT and CMS HCPCS Procedure Codes",
        "exampleBoolean": false
      },
      {
        "extension": [
          {
            "url": "http://hl7.org/fhir/tools/StructureDefinition/resource-information",
            "valueString": "ValueSet"
          },
          {
            "url": "http://hl7.org/fhir/StructureDefinition/implementationguide-page",
            "valueUri": "ValueSet-ClaimAdjudicationCategory.html"
          }
        ],
        "reference": {
          "reference": "ValueSet/ClaimAdjudicationCategory"
        },
        "name": "Claim Adjudication Category",
        "description": "Values for EOB.item.adjudication.category, as per Igor",
        "exampleBoolean": false
      },
      {
        "extension": [
          {
            "url": "http://hl7.org/fhir/tools/StructureDefinition/resource-information",
            "valueString": "ValueSet"
          },
          {
            "url": "http://hl7.org/fhir/StructureDefinition/implementationguide-page",
            "valueUri": "ValueSet-ClaimInformationCategory.html"
          }
        ],
        "reference": {
          "reference": "ValueSet/ClaimInformationCategory"
        },
        "name": "Claim Information Category",
        "description": "Claim Information Category - Used as the discriminator for supportingInfo",
        "exampleBoolean": false
      },
      {
        "extension": [
          {
            "url": "http://hl7.org/fhir/tools/StructureDefinition/resource-information",
            "valueString": "ValueSet"
          },
          {
            "url": "http://hl7.org/fhir/StructureDefinition/implementationguide-page",
            "valueUri": "ValueSet-ClaimPaymentStatusCode.html"
          }
        ],
        "reference": {
          "reference": "ValueSet/ClaimPaymentStatusCode"
        },
        "name": "Claim Payment Status Code",
        "description": "Indicates whether the claim / item was paid or denied.",
        "exampleBoolean": false
      },
      {
        "extension": [
          {
            "url": "http://hl7.org/fhir/tools/StructureDefinition/resource-information",
            "valueString": "ValueSet"
          },
          {
            "url": "http://hl7.org/fhir/StructureDefinition/implementationguide-page",
            "valueUri": "ValueSet-FDANDCNCPDPCompoundCode.html"
          }
        ],
        "reference": {
          "reference": "ValueSet/FDANDCNCPDPCompoundCode"
        },
        "name": "FDA NDC NCPDP Compound Code",
        "description": "NCPDP field # 407-D7 (National Drug Code (NDC)) or NCPDP field # 406-D6 (Compound Code)",
        "exampleBoolean": false
      },
      {
        "extension": [
          {
            "url": "http://hl7.org/fhir/tools/StructureDefinition/resource-information",
            "valueString": "ValueSet"
          },
          {
            "url": "http://hl7.org/fhir/StructureDefinition/implementationguide-page",
            "valueUri": "ValueSet-FDANationalDrugCode.html"
          }
        ],
        "reference": {
          "reference": "ValueSet/FDANationalDrugCode"
        },
        "name": "FDA National Drug Code (NDC)",
        "description": "FDA National Drug Code (NDC)",
        "exampleBoolean": false
      },
      {
        "extension": [
          {
            "url": "http://hl7.org/fhir/tools/StructureDefinition/resource-information",
            "valueString": "ValueSet"
          },
          {
            "url": "http://hl7.org/fhir/StructureDefinition/implementationguide-page",
            "valueUri": "ValueSet-ICD10CM.html"
          }
        ],
        "reference": {
          "reference": "ValueSet/ICD10CM"
        },
        "name": "ICD-10-CM Diagnosis Codes",
        "description": "ICD-10-CM Diagnosis Codes.  ***We need ALL Codes, inactive and inactive.   Current binding is to active codes only***",
        "exampleBoolean": false
      },
      {
        "extension": [
          {
            "url": "http://hl7.org/fhir/tools/StructureDefinition/resource-information",
            "valueString": "ValueSet"
          },
          {
            "url": "http://hl7.org/fhir/StructureDefinition/implementationguide-page",
            "valueUri": "ValueSet-ICD10PCS.html"
          }
        ],
        "reference": {
          "reference": "ValueSet/ICD10PCS"
        },
        "name": "ICD-10-PCS",
        "description": "ICD-10-PCS",
        "exampleBoolean": false
      },
      {
        "extension": [
          {
            "url": "http://hl7.org/fhir/tools/StructureDefinition/resource-information",
            "valueString": "ValueSet"
          },
          {
            "url": "http://hl7.org/fhir/StructureDefinition/implementationguide-page",
            "valueUri": "ValueSet-NCPDPBrandGenericCode.html"
          }
        ],
        "reference": {
          "reference": "ValueSet/NCPDPBrandGenericCode"
        },
        "name": "NCPDP Brand Generic Code",
        "description": "http://www.ncpdp.org/brand-generic-code",
        "exampleBoolean": false
      },
      {
        "extension": [
          {
            "url": "http://hl7.org/fhir/tools/StructureDefinition/resource-information",
            "valueString": "ValueSet"
          },
          {
            "url": "http://hl7.org/fhir/StructureDefinition/implementationguide-page",
            "valueUri": "ValueSet-NCPDPDispensedAsWritten.html"
          }
        ],
        "reference": {
          "reference": "ValueSet/NCPDPDispensedAsWritten"
        },
        "name": "NCPDP Dispensed As Written (DAW)",
        "description": "http://www.ncpdp.org/dispensed-as-written-or-product-selection-code",
        "exampleBoolean": false
      },
      {
        "extension": [
          {
            "url": "http://hl7.org/fhir/tools/StructureDefinition/resource-information",
            "valueString": "ValueSet"
          },
          {
            "url": "http://hl7.org/fhir/StructureDefinition/implementationguide-page",
            "valueUri": "ValueSet-NCPDPPrescriptionOriginCode.html"
          }
        ],
        "reference": {
          "reference": "ValueSet/NCPDPPrescriptionOriginCode"
        },
        "name": "NCPDP Prescription Origin Code",
        "description": "http://www.ncpdp.org/prescription-origin-code",
        "exampleBoolean": false
      },
      {
        "extension": [
          {
            "url": "http://hl7.org/fhir/tools/StructureDefinition/resource-information",
            "valueString": "ValueSet"
          },
          {
            "url": "http://hl7.org/fhir/StructureDefinition/implementationguide-page",
            "valueUri": "ValueSet-NCPDPRejectCode.html"
          }
        ],
        "reference": {
          "reference": "ValueSet/NCPDPRejectCode"
        },
        "name": "NCPDP Reject Code",
        "description": "http://www.ncpdp.org/reject-code",
        "exampleBoolean": false
      },
      {
        "extension": [
          {
            "url": "http://hl7.org/fhir/tools/StructureDefinition/resource-information",
            "valueString": "ValueSet"
          },
          {
            "url": "http://hl7.org/fhir/StructureDefinition/implementationguide-page",
            "valueUri": "ValueSet-NUBCPatientDischargeStatus.html"
          }
        ],
        "reference": {
          "reference": "ValueSet/NUBCPatientDischargeStatus"
        },
        "name": "NUBC Patient Discharge Status",
        "description": "NUBC Patient Discharge Status",
        "exampleBoolean": false
      },
      {
        "extension": [
          {
            "url": "http://hl7.org/fhir/tools/StructureDefinition/resource-information",
            "valueString": "ValueSet"
          },
          {
            "url": "http://hl7.org/fhir/StructureDefinition/implementationguide-page",
            "valueUri": "ValueSet-NUBCPresentOnAdmission.html"
          }
        ],
        "reference": {
          "reference": "ValueSet/NUBCPresentOnAdmission"
        },
        "name": "NUBC Present On Admission",
        "description": "NUBC Present On Admission",
        "exampleBoolean": false
      },
      {
        "extension": [
          {
            "url": "http://hl7.org/fhir/tools/StructureDefinition/resource-information",
            "valueString": "ValueSet"
          },
          {
            "url": "http://hl7.org/fhir/StructureDefinition/implementationguide-page",
            "valueUri": "ValueSet-NUBCPriorityOfAdmissionn.html"
          }
        ],
        "reference": {
          "reference": "ValueSet/NUBCPriorityOfAdmissionn"
        },
        "name": "NUBC Priority of Admission",
        "description": "NUBC Priority of Admission",
        "exampleBoolean": false
      },
      {
        "extension": [
          {
            "url": "http://hl7.org/fhir/tools/StructureDefinition/resource-information",
            "valueString": "ValueSet"
          },
          {
            "url": "http://hl7.org/fhir/StructureDefinition/implementationguide-page",
            "valueUri": "ValueSet-PatientIdentifierType.html"
          }
        ],
        "reference": {
          "reference": "ValueSet/PatientIdentifierType"
        },
        "name": "Patient Identifier Type",
        "description": "Patient Identifier Type",
        "exampleBoolean": false
      },
      {
        "extension": [
          {
            "url": "http://hl7.org/fhir/tools/StructureDefinition/resource-information",
            "valueString": "ValueSet"
          },
          {
            "url": "http://hl7.org/fhir/StructureDefinition/implementationguide-page",
            "valueUri": "ValueSet-PayerAdjudicationAmountCategory.html"
          }
        ],
        "reference": {
          "reference": "ValueSet/PayerAdjudicationAmountCategory"
        },
        "name": "Payer Adjudication Amount Category",
        "description": "This describes the various amount fields used when payers receive and adjudicate a claim.",
        "exampleBoolean": false
      },
      {
        "extension": [
          {
            "url": "http://hl7.org/fhir/tools/StructureDefinition/resource-information",
            "valueString": "ValueSet"
          },
          {
            "url": "http://hl7.org/fhir/StructureDefinition/implementationguide-page",
            "valueUri": "ValueSet-PayerInpatientfacilitydiagnosistype.html"
          }
        ],
        "reference": {
          "reference": "ValueSet/PayerInpatientfacilitydiagnosistype"
        },
        "name": "Diagnosis Type -- Inpatient Facility",
        "description": "Payer Inpatient Facility Diagnosis Type",
        "exampleBoolean": false
      },
      {
        "extension": [
          {
            "url": "http://hl7.org/fhir/tools/StructureDefinition/resource-information",
            "valueString": "ValueSet"
          },
          {
            "url": "http://hl7.org/fhir/StructureDefinition/implementationguide-page",
            "valueUri": "ValueSet-PayerOutpatientfacilitydiagnosistype.html"
          }
        ],
        "reference": {
          "reference": "ValueSet/PayerOutpatientfacilitydiagnosistype"
        },
        "name": "Diagnosis Type -- Outpatient Facility",
        "description": "Payer Outpatient Facility Diagnosis Type",
        "exampleBoolean": false
      },
      {
        "extension": [
          {
            "url": "http://hl7.org/fhir/tools/StructureDefinition/resource-information",
            "valueString": "ValueSet"
          },
          {
            "url": "http://hl7.org/fhir/StructureDefinition/implementationguide-page",
            "valueUri": "ValueSet-PayerProfessionalandnoncliniciandiagnosistype.html"
          }
        ],
        "reference": {
          "reference": "ValueSet/PayerProfessionalandnoncliniciandiagnosistype"
        },
        "name": "Diagnosis Type -- Professional and Non-Clinician",
        "description": "Payer Professional and Non-Clinician Diagnosis Type",
        "exampleBoolean": false
      },
      {
        "extension": [
          {
            "url": "http://hl7.org/fhir/tools/StructureDefinition/resource-information",
            "valueString": "ValueSet"
          },
          {
            "url": "http://hl7.org/fhir/StructureDefinition/implementationguide-page",
            "valueUri": "ValueSet-PayerProviderContractingStatus.html"
          }
        ],
        "reference": {
          "reference": "ValueSet/PayerProviderContractingStatus"
        },
        "name": "Provider Provider Contracting Status",
        "description": "Indicates that the Provider has a contract with the Plan (regardless of the network) as of the effective date of service or admission.",
        "exampleBoolean": false
      },
      {
        "extension": [
          {
            "url": "http://hl7.org/fhir/tools/StructureDefinition/resource-information",
            "valueString": "CodeSystem"
          },
          {
            "url": "http://hl7.org/fhir/StructureDefinition/implementationguide-page",
            "valueUri": "CodeSystem-AdjudicationSliceCodesCS.html"
          }
        ],
        "reference": {
          "reference": "CodeSystem/AdjudicationSliceCodesCS"
        },
        "name": "Adjudication Slice Codes",
        "description": "Codes used to discriminate slices of adjudication and item.adjudication",
        "exampleBoolean": false
      },
      {
        "extension": [
          {
            "url": "http://hl7.org/fhir/tools/StructureDefinition/resource-information",
            "valueString": "CodeSystem"
          },
          {
            "url": "http://hl7.org/fhir/StructureDefinition/implementationguide-page",
            "valueUri": "CodeSystem-CareTeamRoleCS.html"
          }
        ],
        "reference": {
          "reference": "CodeSystem/CareTeamRoleCS"
        },
        "name": "Payer Provider Role",
        "description": "Payer Provider Role",
        "exampleBoolean": false
      },
      {
        "extension": [
          {
            "url": "http://hl7.org/fhir/tools/StructureDefinition/resource-information",
            "valueString": "CodeSystem"
          },
          {
            "url": "http://hl7.org/fhir/StructureDefinition/implementationguide-page",
            "valueUri": "CodeSystem-ClaimAdjudicationCategoryCS.html"
          }
        ],
        "reference": {
          "reference": "CodeSystem/ClaimAdjudicationCategoryCS"
        },
        "name": "Claim Adjudication Category",
        "description": "Values for EOB.item.adjudication.category and total.category",
        "exampleBoolean": false
      },
      {
        "extension": [
          {
            "url": "http://hl7.org/fhir/tools/StructureDefinition/resource-information",
            "valueString": "CodeSystem"
          },
          {
            "url": "http://hl7.org/fhir/StructureDefinition/implementationguide-page",
            "valueUri": "CodeSystem-ClaimInformationCategoryCS.html"
          }
        ],
        "reference": {
          "reference": "CodeSystem/ClaimInformationCategoryCS"
        },
        "name": "Claim Information Category",
        "description": "Claim Information Category - Used as the discriminator for supportingInfo",
        "exampleBoolean": false
      },
      {
        "extension": [
          {
            "url": "http://hl7.org/fhir/tools/StructureDefinition/resource-information",
            "valueString": "CodeSystem"
          },
          {
            "url": "http://hl7.org/fhir/StructureDefinition/implementationguide-page",
            "valueUri": "CodeSystem-IdentifierTypeCS.html"
          }
        ],
        "reference": {
          "reference": "CodeSystem/IdentifierTypeCS"
        },
        "name": "Identifier Type",
        "description": "Identifier Type",
        "exampleBoolean": false
      },
      {
        "extension": [
          {
            "url": "http://hl7.org/fhir/tools/StructureDefinition/resource-information",
            "valueString": "CodeSystem"
          },
          {
            "url": "http://hl7.org/fhir/StructureDefinition/implementationguide-page",
            "valueUri": "CodeSystem-PayerAdjudicationCategoryCS.html"
          }
        ],
        "reference": {
          "reference": "CodeSystem/PayerAdjudicationCategoryCS"
        },
        "name": "Payer Adjudication Category",
        "description": "Payer Adjudication Category",
        "exampleBoolean": false
      },
      {
        "extension": [
          {
            "url": "http://hl7.org/fhir/tools/StructureDefinition/resource-information",
            "valueString": "CodeSystem"
          },
          {
            "url": "http://hl7.org/fhir/StructureDefinition/implementationguide-page",
            "valueUri": "CodeSystem-PayerDiagnosisTypeCS.html"
          }
        ],
        "reference": {
          "reference": "CodeSystem/PayerDiagnosisTypeCS"
        },
        "name": "Payer Diagnosis Type",
        "description": "Payer Diagnosis Type",
        "exampleBoolean": false
      },
      {
        "extension": [
          {
            "url": "http://hl7.org/fhir/tools/StructureDefinition/resource-information",
            "valueString": "ExplanationOfBenefit"
          },
          {
            "url": "http://hl7.org/fhir/StructureDefinition/implementationguide-page",
            "valueUri": "ExplanationOfBenefit-BBEobPharmacy.html"
          }
        ],
        "reference": {
          "reference": "ExplanationOfBenefit/BBEobPharmacy"
        },
        "name": "BBEobPharmacy",
        "description": "BBEoB from Jeff",
        "exampleCanonical": "http://hl7.org/fhir/us/carin-bb/StructureDefinition/CARIN-BB-ExplanationOfBenefit-Pharmacy"
      },
      {
        "extension": [
          {
            "url": "http://hl7.org/fhir/tools/StructureDefinition/resource-information",
            "valueString": "Coverage"
          },
          {
            "url": "http://hl7.org/fhir/StructureDefinition/implementationguide-page",
            "valueUri": "Coverage-Coverage1.html"
          }
        ],
        "reference": {
          "reference": "Coverage/Coverage1"
        },
        "name": "Coverage1",
        "description": "Coverage Example1",
        "exampleCanonical": "http://hl7.org/fhir/us/carin-bb/StructureDefinition/CARIN-BB-Coverage"
      },
      {
        "extension": [
          {
            "url": "http://hl7.org/fhir/tools/StructureDefinition/resource-information",
            "valueString": "ExplanationOfBenefit"
          },
          {
            "url": "http://hl7.org/fhir/StructureDefinition/implementationguide-page",
            "valueUri": "ExplanationOfBenefit-EOBInpatient1.html"
          }
        ],
        "reference": {
          "reference": "ExplanationOfBenefit/EOBInpatient1"
        },
        "name": "EOBInpatient1",
        "description": "EOB Inpatient Example1",
        "exampleCanonical": "http://hl7.org/fhir/us/carin-bb/StructureDefinition/CARIN-BB-ExplanationOfBenefit-Inpatient-Facility"
      },
      {
        "extension": [
          {
            "url": "http://hl7.org/fhir/tools/StructureDefinition/resource-information",
            "valueString": "ExplanationOfBenefit"
          },
          {
            "url": "http://hl7.org/fhir/StructureDefinition/implementationguide-page",
            "valueUri": "ExplanationOfBenefit-EOBOutpatientFacility1.html"
          }
        ],
        "reference": {
          "reference": "ExplanationOfBenefit/EOBOutpatientFacility1"
        },
        "name": "EOBOutpatientFacility1",
        "description": "EOB Outpatient Example1",
        "exampleCanonical": "http://hl7.org/fhir/us/carin-bb/StructureDefinition/CARIN-BB-ExplanationOfBenefit-Outpatient-Facility"
      },
      {
        "extension": [
          {
            "url": "http://hl7.org/fhir/tools/StructureDefinition/resource-information",
            "valueString": "ExplanationOfBenefit"
          },
          {
            "url": "http://hl7.org/fhir/StructureDefinition/implementationguide-page",
            "valueUri": "ExplanationOfBenefit-EOBPharmacy1.html"
          }
        ],
        "reference": {
          "reference": "ExplanationOfBenefit/EOBPharmacy1"
        },
        "name": "EOBPharmacy1",
        "description": "EOB PHarmacy Example1",
        "exampleCanonical": "http://hl7.org/fhir/us/carin-bb/StructureDefinition/CARIN-BB-ExplanationOfBenefit-Pharmacy"
      },
      {
        "extension": [
          {
            "url": "http://hl7.org/fhir/tools/StructureDefinition/resource-information",
            "valueString": "ExplanationOfBenefit"
          },
          {
            "url": "http://hl7.org/fhir/StructureDefinition/implementationguide-page",
            "valueUri": "ExplanationOfBenefit-EOBProfessional1.html"
          }
        ],
        "reference": {
          "reference": "ExplanationOfBenefit/EOBProfessional1"
        },
        "name": "EOBProfessional1",
        "description": "EOB Professional  Example1",
        "exampleCanonical": "http://hl7.org/fhir/us/carin-bb/StructureDefinition/CARIN-BB-ExplanationOfBenefit-Professional-NonClinician"
      },
      {
        "extension": [
          {
            "url": "http://hl7.org/fhir/tools/StructureDefinition/resource-information",
            "valueString": "Organization"
          },
          {
            "url": "http://hl7.org/fhir/StructureDefinition/implementationguide-page",
            "valueUri": "Organization-OrganizationPayer1.html"
          }
        ],
        "reference": {
          "reference": "Organization/OrganizationPayer1"
        },
        "name": "OrganizationPayer1",
        "description": "Payer1",
        "exampleCanonical": "http://hl7.org/fhir/us/carin-bb/StructureDefinition/CARIN-BB-Organization"
      },
      {
        "extension": [
          {
            "url": "http://hl7.org/fhir/tools/StructureDefinition/resource-information",
            "valueString": "Organization"
          },
          {
            "url": "http://hl7.org/fhir/StructureDefinition/implementationguide-page",
            "valueUri": "Organization-OrganizationProvider1.html"
          }
        ],
        "reference": {
          "reference": "Organization/OrganizationProvider1"
        },
        "name": "OrganizationProvider1",
        "description": "Provider 1",
        "exampleCanonical": "http://hl7.org/fhir/us/carin-bb/StructureDefinition/CARIN-BB-Organization"
      },
      {
        "extension": [
          {
            "url": "http://hl7.org/fhir/tools/StructureDefinition/resource-information",
            "valueString": "Patient"
          },
          {
            "url": "http://hl7.org/fhir/StructureDefinition/implementationguide-page",
            "valueUri": "Patient-Patient1.html"
          }
        ],
        "reference": {
          "reference": "Patient/Patient1"
        },
        "name": "Patient1",
        "description": "Patient Example1",
        "exampleCanonical": "http://hl7.org/fhir/us/carin-bb/StructureDefinition/CARIN-BB-Patient"
      },
      {
        "extension": [
          {
            "url": "http://hl7.org/fhir/tools/StructureDefinition/resource-information",
            "valueString": "CapabilityStatement"
          },
          {
            "url": "http://hl7.org/fhir/StructureDefinition/implementationguide-page",
            "valueUri": "CapabilityStatement-carin-bb-capabilitystatement-consumer-app.html"
          }
        ],
        "reference": {
          "reference": "CapabilityStatement/carin-bb-capabilitystatement-consumer-app"
        },
        "name": "CARIN BlueButton Consumer App CapabilityStatement",
        "description": "The Section describes the expected capabilities of the Consumer-Directed Payer Data Exchange Consumer App which is responsible for creating and initiating the queries for information about an individual patient. The complete list of FHIR profiles, RESTful operations, and search parameters supported by Consumer-Directed Payer Data Exchange Servers are defined in the [Conformance Requirements for Server](carin-bb-capabilitystatement-healthplan-api.html). Consumer-Directed Payer Data Exchange Consumer Apps have the option of choosing from this list to access necessary data based on their local use cases and other contextual requirements.",
        "exampleBoolean": false
      },
      {
        "extension": [
          {
            "url": "http://hl7.org/fhir/tools/StructureDefinition/resource-information",
            "valueString": "CapabilityStatement"
          },
          {
            "url": "http://hl7.org/fhir/StructureDefinition/implementationguide-page",
            "valueUri": "CapabilityStatement-carin-bb-capabilitystatement-healthplan-api.html"
          }
        ],
        "reference": {
          "reference": "CapabilityStatement/carin-bb-capabilitystatement-healthplan-api"
        },
        "name": "Consumer-Directed Payer Data Exchange HealthPlan API CapabilityStatement",
        "description": "This Section describes the expected capabilities of the Consumer-Directed Payer Data Exchange Server actor which is responsible for providing responses to the queries submitted by the Consumer-Directed Payer Data Exchange Requestors. The complete list of FHIR profiles, RESTful operations, and search parameters supported by Consumer-Directed Payer Data Exchange Servers are defined.",
        "exampleBoolean": false
      },
      {
        "extension": [
          {
            "url": "http://hl7.org/fhir/tools/StructureDefinition/resource-information",
            "valueString": "SearchParameter"
          },
          {
            "url": "http://hl7.org/fhir/StructureDefinition/implementationguide-page",
            "valueUri": "SearchParameter-explanationofbenefit-identifier.html"
          }
        ],
        "reference": {
          "reference": "SearchParameter/explanationofbenefit-identifier"
        },
        "name": "ExplanationOfBenefit_Identifier",
        "description": "The business/claim identifier of the Explanation of Benefit",
        "exampleBoolean": false
      },
      {
        "extension": [
          {
            "url": "http://hl7.org/fhir/tools/StructureDefinition/resource-information",
            "valueString": "SearchParameter"
          },
          {
            "url": "http://hl7.org/fhir/StructureDefinition/implementationguide-page",
            "valueUri": "SearchParameter-explanationofbenefit-patient.html"
          }
        ],
        "reference": {
          "reference": "SearchParameter/explanationofbenefit-patient"
        },
        "name": "ExplanationOfBenefit_Patient",
        "description": "The reference to the patient",
        "exampleBoolean": false
      },
      {
        "extension": [
          {
            "url": "http://hl7.org/fhir/tools/StructureDefinition/resource-information",
            "valueString": "SearchParameter"
          },
          {
            "url": "http://hl7.org/fhir/StructureDefinition/implementationguide-page",
            "valueUri": "SearchParameter-explanationofbenefit-service-date.html"
          }
        ],
        "reference": {
          "reference": "SearchParameter/explanationofbenefit-service-date"
        },
        "name": "ExplanationOfBenefit_ServiceDate",
        "description": "Date of the service for the EOB",
        "exampleBoolean": false
      },
      {
        "extension": [
          {
            "url": "http://hl7.org/fhir/tools/StructureDefinition/resource-information",
            "valueString": "SearchParameter"
          },
          {
            "url": "http://hl7.org/fhir/StructureDefinition/implementationguide-page",
            "valueUri": "SearchParameter-explanationofbenefit-type.html"
          }
        ],
        "reference": {
          "reference": "SearchParameter/explanationofbenefit-type"
        },
        "name": "ExplanationOfBenefit_Type",
        "description": "The type of the ExplanationOfBenefit",
        "exampleBoolean": false
      }
    ],
    "page": {
      "nameUrl": "toc.html",
      "title": "Table of Contents",
      "generation": "html",
      "page": [
        {
          "nameUrl": "index.html",
          "title": "Home",
          "generation": "markdown"
        },
        {
          "nameUrl": "Background.html",
          "title": "Background",
          "generation": "markdown"
        },
        {
          "nameUrl": "Use_Case.html",
          "title": "Use Case",
          "generation": "markdown"
        },
        {
          "nameUrl": "profiles.html",
          "title": "Profiles",
          "generation": "markdown"
        },
        {
          "nameUrl": "Authorization_Authentication_and_Registration.html",
          "title": "Authorization Authentication and Registration",
          "generation": "markdown"
        },
        {
          "nameUrl": "Common_Payer_Consumer_Data_Set.html",
          "title": "Common Payer Consumer Data Set",
          "generation": "markdown"
        },
        {
          "nameUrl": "downloads.html",
          "title": "Downloads",
          "generation": "markdown"
        },
        {
          "nameUrl": "search.html",
          "title": "Search",
          "generation": "markdown"
        },
        {
          "nameUrl": "Guidance.html",
          "title": "Guidance",
          "generation": "markdown"
        },
        {
          "nameUrl": "Notes_To_Developers.html",
          "title": "Notes To Developers",
          "generation": "markdown"
        },
        {
          "nameUrl": "Terminology.html",
          "title": "Terminology",
          "generation": "markdown"
        },
        {
          "nameUrl": "Capability.html",
          "title": "Capability",
          "generation": "markdown"
        },
        {
          "nameUrl": "Examples.html",
          "title": "Examples",
          "generation": "markdown"
        }
      ]
    },
    "parameter": [
      {
        "code": "path-resource",
        "value": "input/capabilities"
      },
      {
        "code": "path-resource",
        "value": "input/examples"
      },
      {
        "code": "path-resource",
        "value": "input/extensions"
      },
      {
        "code": "path-resource",
        "value": "input/models"
      },
      {
        "code": "path-resource",
        "value": "input/operations"
      },
      {
        "code": "path-resource",
        "value": "input/profiles"
      },
      {
        "code": "path-resource",
        "value": "input/resources"
      },
      {
        "code": "path-resource",
        "value": "input/vocabulary"
      },
      {
        "code": "path-resource",
        "value": "input/maps"
      },
      {
        "code": "path-resource",
        "value": "input/testing"
      },
      {
        "code": "path-resource",
        "value": "input/history"
      },
      {
        "code": "path-pages",
        "value": "template/config"
      },
      {
        "code": "path-pages",
        "value": "input/images"
      },
      {
        "code": "path-tx-cache",
        "value": "input-cache/txcache"
      }
    ]
  }
}