{
  "resourceType": "Organization",
  "id": "ProviderOrganization6",
  "meta": {
    "lastUpdated": "2020-05-04T03:02:01-04:00",
    "profile": [
      "http://hl7.org/fhir/us/carin-bb/StructureDefinition/C4BB-Organization"
    ]
  },
  "text": {
    "status": "generated",
    "div": "<div xmlns=\"http://www.w3.org/1999/xhtml\"><p><b>Generated Narrative</b></p><h3>Ids</h3><table class=\"grid\"><tr><td>-</td></tr><tr><td>*</td></tr></table><h3>Meta</h3><table class=\"grid\"><tr><td>-</td></tr><tr><td>*</td></tr></table><p><b>identifier</b>: National Provider Identifier: 0001112220</p><p><b>active</b>: true</p><p><b>name</b>: White Medical Group</p><p><b>address</b>: Attn: White Medical Group Pittsburgh PA 15222 USA </p><h3>Contacts</h3><table class=\"grid\"><tr><td>-</td><td><b>Telecom</b></td></tr><tr><td>*</td><td>ph: 555-555-5555(WORK)</td></tr></table></div>"
  },
  "identifier": [
    {
      "type": {
        "coding": [
          {
            "system": "http://hl7.org/fhir/us/carin-bb/CodeSystem/C4BBIdentifierType",
            "code": "npi",
            "display": "National Provider Identifier"
          }
        ],
        "text": "National Provider Identifier"
      },
      "system": "http://hl7.org/fhir/sid/us-npi",
      "value": "0001112220"
    }
  ],
  "active": true,
  "name": "White Medical Group",
  "address": [
    {
      "line": [
        "Attn: White Medical Group"
      ],
      "city": "Pittsburgh",
      "state": "PA",
      "postalCode": "15222",
      "country": "USA"
    }
  ],
  "contact": [
    {
      "telecom": [
        {
          "system": "phone",
          "value": "555-555-5555",
          "use": "work"
        }
      ]
    }
  ]
}