{
  "resourceType": "SearchParameter",
  "id": "practitionerrole-organization",
  "text": {
    "status": "generated",
    "div": "<div xmlns=\"http://www.w3.org/1999/xhtml\"><p><b>Generated Narrative</b></p><p><b>id</b>: practitionerrole-organization</p><p><b>url</b>: <a href=\"http://hl7.org/fhir/us/carin-bb/SearchParameter/practitionerrole-organization\">http://hl7.org/fhir/us/carin-bb/SearchParameter/practitionerrole-organization</a></p><p><b>version</b>: 0.4.2</p><p><b>name</b>: ExplanationOfBenefit_Organization</p><p><b>derivedFrom</b>: <a href=\"http://hl7.org/fhir/SearchParameter/PractitionerRole-organization\">http://hl7.org/fhir/SearchParameter/PractitionerRole-organization</a></p><p><b>status</b>: draft</p><p><b>experimental</b>: false</p><p><b>date</b>: Oct 31, 2019, 10:29:23 PM</p><p><b>publisher</b>: HL7 Financial Management Working Group</p><p><b>contact</b>: HL7 Financial Management Working Group: http://www.hl7.org/Special/committees/fm/index.cfm,fm@lists.HL7.org</p><p><b>description</b>: The identity of the organization the practitioner represents / acts on behalf of</p><p><b>jurisdiction</b>: <span title=\"Codes: {urn:iso:std:iso:3166 US}\">United States of America</span></p><p><b>code</b>: organization</p><p><b>base</b>: PractitionerRole</p><p><b>type</b>: reference</p><p><b>expression</b>: PractitionerRole.organization</p><p><b>xpath</b>: f:PractitionerRole/f:organization</p><p><b>xpathUsage</b>: normal</p><p><b>target</b>: Organization</p></div>"
  },
  "extension": [
    {
      "url": "http://hl7.org/fhir/StructureDefinition/structuredefinition-standards-status",
      "valueCode": "trial-use"
    }
  ],
  "url": "http://hl7.org/fhir/us/carin-bb/SearchParameter/practitionerrole-organization",
  "version": "0.4.2",
  "name": "ExplanationOfBenefit_Organization",
  "derivedFrom": "http://hl7.org/fhir/SearchParameter/PractitionerRole-organization",
  "status": "draft",
  "experimental": false,
  "date": "2019-11-01T09:29:23+11:00",
  "publisher": "HL7 Financial Management Working Group",
  "contact": [
    {
      "name": "HL7 Financial Management Working Group",
      "telecom": [
        {
          "system": "url",
          "value": "http://www.hl7.org/Special/committees/fm/index.cfm"
        },
        {
          "system": "email",
          "value": "fm@lists.HL7.org"
        }
      ]
    }
  ],
  "description": "The identity of the organization the practitioner represents / acts on behalf of",
  "jurisdiction": [
    {
      "coding": [
        {
          "system": "urn:iso:std:iso:3166",
          "code": "US"
        }
      ]
    }
  ],
  "code": "organization",
  "base": [
    "PractitionerRole"
  ],
  "type": "reference",
  "expression": "PractitionerRole.organization",
  "xpath": "f:PractitionerRole/f:organization",
  "xpathUsage": "normal",
  "target": [
    "Organization"
  ]
}