{
  "resourceType": "SearchParameter",
  "id": "explanationofbenefit-identifier",
  "meta": {
    "versionId": "1",
    "lastUpdated": "2020-03-31T06:41:13.000+00:00"
  },
  "text": {
    "status": "extensions",
    "div": "<div xmlns=\"http://www.w3.org/1999/xhtml\"><p><b>Generated Narrative</b></p><h3>Ids</h3><table class=\"grid\"><tr><td>-</td></tr><tr><td>*</td></tr></table><h3>Meta</h3><table class=\"grid\"><tr><td>-</td></tr><tr><td>*</td></tr></table><p><b>Standards Status</b>: </p><p><b>url</b>: <a href=\"http://hl7.org/fhir/us/carin-bb/SearchParameter/explanationofbenefit-identifier\">http://hl7.org/fhir/us/carin-bb/SearchParameter/explanationofbenefit-identifier</a></p><p><b>version</b>: 0.1.3</p><p><b>name</b>: ExplanationOfBenefit_Identifier</p><p><b>derivedFrom</b>: <a href=\"http://hl7.org/fhir/SearchParameter/ExplanationOfBenefit-identifier\">http://hl7.org/fhir/SearchParameter/ExplanationOfBenefit-identifier</a></p><p><b>status</b>: draft</p><p><b>experimental</b>: false</p><p><b>date</b>: Mar 31, 2020, 9:48:45 AM</p><p><b>publisher</b>: HL7 Financial Management Working Group</p><p><b>contact</b>: HL7 Financial Management Working Group: http://www.hl7.org/Special/committees/fm/index.cfm,fm@lists.HL7.org</p><p><b>description</b>: The business/claim identifier of the Explanation of Benefit</p><p><b>jurisdiction</b>: <span title=\"Codes: {urn:iso:std:iso:3166 US}\">United States of America</span></p><p><b>code</b>: identifier</p><p><b>base</b>: ExplanationOfBenefit</p><p><b>type</b>: token</p><p><b>expression</b>: ExplanationOfBenefit.identifier</p><p><b>xpath</b>: f:ExplanationOfBenefit/f:identifier</p><p><b>xpathUsage</b>: normal</p></div>"
  },
  "extension": [
    {
      "url": "http://hl7.org/fhir/StructureDefinition/structuredefinition-standards-status",
      "valueCode": "trial-use"
    }
  ],
  "url": "http://hl7.org/fhir/us/carin-bb/SearchParameter/explanationofbenefit-identifier",
  "version": "0.1.3",
  "name": "ExplanationOfBenefit_Identifier",
  "derivedFrom": "http://hl7.org/fhir/SearchParameter/ExplanationOfBenefit-identifier",
  "status": "draft",
  "experimental": false,
  "date": "2020-03-31T19:48:45+10:00",
  "publisher": "HL7 Financial Management Working Group",
  "contact": [
    {
      "name": "HL7 Financial Management Working Group",
      "telecom": [
        {
          "system": "url",
          "value": "http://www.hl7.org/Special/committees/fm/index.cfm"
        },
        {
          "system": "email",
          "value": "fm@lists.HL7.org"
        }
      ]
    }
  ],
  "description": "The business/claim identifier of the Explanation of Benefit",
  "jurisdiction": [
    {
      "coding": [
        {
          "system": "urn:iso:std:iso:3166",
          "code": "US"
        }
      ]
    }
  ],
  "code": "identifier",
  "base": [
    "ExplanationOfBenefit"
  ],
  "type": "token",
  "expression": "ExplanationOfBenefit.identifier",
  "xpath": "f:ExplanationOfBenefit/f:identifier",
  "xpathUsage": "normal"
}