{
  "resourceType": "SearchParameter",
  "id": "coverage-payor",
  "text": {
    "status": "generated",
    "div": "<div xmlns=\"http://www.w3.org/1999/xhtml\"><p><b>Generated Narrative</b></p><p><b>id</b>: coverage-payor</p><p><b>url</b>: <a href=\"http://hl7.org/fhir/us/carin-bb/SearchParameter/coverage-payor\">http://hl7.org/fhir/us/carin-bb/SearchParameter/coverage-payor</a></p><p><b>version</b>: 0.4.1</p><p><b>name</b>: Coverage_Payor</p><p><b>derivedFrom</b>: <a href=\"http://hl7.org/fhir/SearchParameter/Coverage-payor\">http://hl7.org/fhir/SearchParameter/Coverage-payor</a></p><p><b>status</b>: draft</p><p><b>experimental</b>: false</p><p><b>date</b>: Oct 31, 2019, 10:29:23 PM</p><p><b>publisher</b>: HL7 Financial Management Working Group</p><p><b>contact</b>: HL7 Financial Management Working Group: http://www.hl7.org/Special/committees/fm/index.cfm,fm@lists.HL7.org</p><p><b>description</b>: The identity of the insurer or party paying for services</p><p><b>jurisdiction</b>: <span title=\"Codes: {urn:iso:std:iso:3166 US}\">United States of America</span></p><p><b>code</b>: payor</p><p><b>base</b>: Coverage</p><p><b>type</b>: reference</p><p><b>expression</b>: Coverage.payor</p><p><b>xpath</b>: f:Coverage/f:payor</p><p><b>xpathUsage</b>: normal</p><p><b>target</b>: Organization, Patient, RelatedPerson</p></div>"
  },
  "extension": [
    {
      "url": "http://hl7.org/fhir/StructureDefinition/structuredefinition-standards-status",
      "valueCode": "trial-use"
    }
  ],
  "url": "http://hl7.org/fhir/us/carin-bb/SearchParameter/coverage-payor",
  "version": "0.4.1",
  "name": "Coverage_Payor",
  "derivedFrom": "http://hl7.org/fhir/SearchParameter/Coverage-payor",
  "status": "draft",
  "experimental": false,
  "date": "2019-11-01T09:29:23+11:00",
  "publisher": "HL7 Financial Management Working Group",
  "contact": [
    {
      "name": "HL7 Financial Management Working Group",
      "telecom": [
        {
          "system": "url",
          "value": "http://www.hl7.org/Special/committees/fm/index.cfm"
        },
        {
          "system": "email",
          "value": "fm@lists.HL7.org"
        }
      ]
    }
  ],
  "description": "The identity of the insurer or party paying for services",
  "jurisdiction": [
    {
      "coding": [
        {
          "system": "urn:iso:std:iso:3166",
          "code": "US"
        }
      ]
    }
  ],
  "code": "payor",
  "base": [
    "Coverage"
  ],
  "type": "reference",
  "expression": "Coverage.payor",
  "xpath": "f:Coverage/f:payor",
  "xpathUsage": "normal",
  "target": [
    "Organization",
    "Patient",
    "RelatedPerson"
  ]
}