{
  "resourceType": "SearchParameter",
  "id": "explanationofbenefit-service-date",
  "meta": {
    "versionId": "1",
    "lastUpdated": "2020-03-31T06:41:13.000+00:00"
  },
  "text": {
    "status": "generated",
    "div": "<div xmlns=\"http://www.w3.org/1999/xhtml\"><p><b>Generated Narrative</b></p><p><b>id</b>: explanationofbenefit-service-date</p><p><b>meta</b>: </p><p><b>url</b>: <a href=\"http://hl7.org/fhir/us/carin/SearchParameter/explanationofbenefit-service-date\">http://hl7.org/fhir/us/carin/SearchParameter/explanationofbenefit-service-date</a></p><p><b>version</b>: 0.2.1</p><p><b>name</b>: ExplanationOfBenefit_ServiceDate</p><p><b>status</b>: active</p><p><b>experimental</b>: false</p><p><b>date</b>: Mar 31, 2020, 9:48:45 AM</p><p><b>publisher</b>: HL7 Financial Management Working Group</p><p><b>contact</b>: HL7 Financial Management Working Group: http://www.hl7.org/Special/committees/fm/index.cfm,fm@lists.HL7.org</p><p><b>description</b>: Date of the service for the EOB</p><p><b>jurisdiction</b>: <span title=\"Codes: {urn:iso:std:iso:3166 US}\">United States of America</span></p><p><b>code</b>: service-date</p><p><b>base</b>: ExplanationOfBenefit</p><p><b>type</b>: date</p><p><b>expression</b>: ExplanationOfBenefit.billablePeriod | ExplanationOfBenefit.serviced as Date |  ExplanationOfBenefit.serviced as Period</p><p><b>xpath</b>: f:ExplanationOfBenefit/f:billablePeriod | f:ExplanationOfBenefit/f:serviced/f:servicedDate | f:ExplanationOfBenefit/f:serviced/f:servicedPeriod</p><p><b>xpathUsage</b>: normal</p><p><b>comparator</b>: eq, ne, gt, ge, lt, le, sa, eb, ap</p></div>"
  },
  "extension": [
    {
      "url": "http://hl7.org/fhir/StructureDefinition/structuredefinition-standards-status",
      "valueCode": "trial-use"
    }
  ],
  "url": "http://hl7.org/fhir/us/carin/SearchParameter/explanationofbenefit-service-date",
  "version": "0.2.1",
  "name": "ExplanationOfBenefit_ServiceDate",
  "status": "active",
  "experimental": false,
  "date": "2020-03-31T09:48:45+00:00",
  "publisher": "HL7 Financial Management Working Group",
  "contact": [
    {
      "name": "HL7 Financial Management Working Group",
      "telecom": [
        {
          "system": "url",
          "value": "http://www.hl7.org/Special/committees/fm/index.cfm"
        },
        {
          "system": "email",
          "value": "fm@lists.HL7.org"
        }
      ]
    }
  ],
  "description": "Date of the service for the EOB",
  "jurisdiction": [
    {
      "coding": [
        {
          "system": "urn:iso:std:iso:3166",
          "code": "US"
        }
      ]
    }
  ],
  "code": "service-date",
  "base": [
    "ExplanationOfBenefit"
  ],
  "type": "date",
  "expression": "ExplanationOfBenefit.billablePeriod | ExplanationOfBenefit.serviced as Date |  ExplanationOfBenefit.serviced as Period",
  "xpath": "f:ExplanationOfBenefit/f:billablePeriod | f:ExplanationOfBenefit/f:serviced/f:servicedDate | f:ExplanationOfBenefit/f:serviced/f:servicedPeriod",
  "xpathUsage": "normal",
  "comparator": [
    "eq",
    "ne",
    "gt",
    "ge",
    "lt",
    "le",
    "sa",
    "eb",
    "ap"
  ]
}