{
  "resourceType": "SearchParameter",
  "id": "explanationofbenefit-care-team",
  "text": {
    "status": "generated",
    "div": "<div xmlns=\"http://www.w3.org/1999/xhtml\"><p><b>Generated Narrative</b></p><p><b>id</b>: explanationofbenefit-care-team</p><p><b>url</b>: <a href=\"http://hl7.org/fhir/us/carin-bb/SearchParameter/explanationofbenefit-care-team\">http://hl7.org/fhir/us/carin-bb/SearchParameter/explanationofbenefit-care-team</a></p><p><b>version</b>: 0.1.3</p><p><b>name</b>: ExplanationOfBenefit_Careteam</p><p><b>derivedFrom</b>: <a href=\"http://hl7.org/fhir/SearchParameter/ExplanationOfBenefit-care-team\">http://hl7.org/fhir/SearchParameter/ExplanationOfBenefit-care-team</a></p><p><b>status</b>: draft</p><p><b>experimental</b>: false</p><p><b>date</b>: Oct 31, 2019, 10:29:23 PM</p><p><b>publisher</b>: HL7 Financial Management Working Group</p><p><b>contact</b>: HL7 Financial Management Working Group: http://www.hl7.org/Special/committees/fm/index.cfm,fm@lists.HL7.org</p><p><b>description</b>: Member of the CareTeam</p><p><b>jurisdiction</b>: <span title=\"Codes: {urn:iso:std:iso:3166 US}\">United States of America</span></p><p><b>code</b>: care-team</p><p><b>base</b>: ExplanationOfBenefit</p><p><b>type</b>: reference</p><p><b>expression</b>: ExplanationOfBenefit.careTeam.provider</p><p><b>xpath</b>: f:ExplanationOfBenefit/f:careTeam/f:provider</p><p><b>xpathUsage</b>: normal</p><p><b>target</b>: Practitioner, Organization, PractitionerRole</p></div>"
  },
  "extension": [
    {
      "url": "http://hl7.org/fhir/StructureDefinition/structuredefinition-standards-status",
      "valueCode": "trial-use"
    }
  ],
  "url": "http://hl7.org/fhir/us/carin-bb/SearchParameter/explanationofbenefit-care-team",
  "version": "0.1.3",
  "name": "ExplanationOfBenefit_Careteam",
  "derivedFrom": "http://hl7.org/fhir/SearchParameter/ExplanationOfBenefit-care-team",
  "status": "draft",
  "experimental": false,
  "date": "2019-11-01T09:29:23+11:00",
  "publisher": "HL7 Financial Management Working Group",
  "contact": [
    {
      "name": "HL7 Financial Management Working Group",
      "telecom": [
        {
          "system": "url",
          "value": "http://www.hl7.org/Special/committees/fm/index.cfm"
        },
        {
          "system": "email",
          "value": "fm@lists.HL7.org"
        }
      ]
    }
  ],
  "description": "Member of the CareTeam",
  "jurisdiction": [
    {
      "coding": [
        {
          "system": "urn:iso:std:iso:3166",
          "code": "US"
        }
      ]
    }
  ],
  "code": "care-team",
  "base": [
    "ExplanationOfBenefit"
  ],
  "type": "reference",
  "expression": "ExplanationOfBenefit.careTeam.provider",
  "xpath": "f:ExplanationOfBenefit/f:careTeam/f:provider",
  "xpathUsage": "normal",
  "target": [
    "Practitioner",
    "Organization",
    "PractitionerRole"
  ]
}