{
  "resourceType": "ValueSet",
  "id": "C4BBSupportingInfoType",
  "text": {
    "status": "generated",
    "div": "<div xmlns=\"http://www.w3.org/1999/xhtml\"><ul><li>Include all codes defined in <a href=\"CodeSystem-C4BBSupportingInfoType.html\"><code>http://hl7.org/fhir/us/carin-bb/CodeSystem/C4BBSupportingInfoType</code></a></li></ul></div>"
  },
  "url": "http://hl7.org/fhir/us/carin-bb/ValueSet/C4BBSupportingInfoType",
  "version": "0.1.4",
  "name": "C4BBSupportingInfoType",
  "title": "C4BB SupportingInfo Type",
  "status": "active",
  "date": "2020-10-07T13:09:14+00:00",
  "publisher": "HL7 Financial Management Working Group",
  "contact": [
    {
      "name": "HL7 Financial Management Working Group",
      "telecom": [
        {
          "system": "url",
          "value": "http://www.hl7.org/Special/committees/fm/index.cfm"
        },
        {
          "system": "email",
          "value": "fm@lists.HL7.org"
        }
      ]
    }
  ],
  "description": "Used as the discriminator for the types of supporting information for the CARIN IG for Blue Button� Implementation Guide.",
  "jurisdiction": [
    {
      "coding": [
        {
          "system": "urn:iso:std:iso:3166",
          "code": "US"
        }
      ]
    }
  ],
  "copyright": "This Valueset is not copyrighted.",
  "compose": {
    "include": [
      {
        "system": "http://hl7.org/fhir/us/carin-bb/CodeSystem/C4BBSupportingInfoType"
      }
    ]
  }
}