{
  "resourceType": "ValueSet",
  "id": "CMSPlaceofServiceCodes",
  "text": {
    "status": "generated",
    "div": "<div xmlns=\"http://www.w3.org/1999/xhtml\"><ul><li>Include all codes defined in <a href=\"CodeSystem-CMSPlaceofServiceCodes.html\"><code>https://www.cms.gov/Medicare/Coding/place-of-service-codes/Place_of_Service_Code_Set</code></a></li></ul></div>"
  },
  "url": "http://hl7.org/fhir/us/carin-bb/ValueSet/CMSPlaceofServiceCodes",
  "version": "0.1.3",
  "name": "CMSPlaceofServiceCodes",
  "title": "CMS Place of Service Codes (POS)",
  "status": "active",
  "date": "2020-09-04T20:02:49+00:00",
  "publisher": "HL7 Financial Management Working Group",
  "contact": [
    {
      "name": "HL7 Financial Management Working Group",
      "telecom": [
        {
          "system": "url",
          "value": "http://www.hl7.org/Special/committees/fm/index.cfm"
        },
        {
          "system": "email",
          "value": "fm@lists.HL7.org"
        }
      ]
    }
  ],
  "description": "Place of Service Codes are two-digit codes placed on health care professional claims to indicate the setting in which a service was provided.",
  "jurisdiction": [
    {
      "coding": [
        {
          "system": "urn:iso:std:iso:3166",
          "code": "US"
        }
      ]
    }
  ],
  "copyright": "The Centers for Medicare & Medicaid Services (CMS) maintain Place Of Service (POS) codes used throughout the US health care industry.",
  "compose": {
    "include": [
      {
        "system": "https://www.cms.gov/Medicare/Coding/place-of-service-codes/Place_of_Service_Code_Set"
      }
    ]
  }
}