{
  "resourceType": "ValueSet",
  "id": "AMACPTCMSHCPCSProcedureCodes",
  "text": {
    "status": "generated",
    "div": "<div xmlns=\"http://www.w3.org/1999/xhtml\"><p>This value set includes codes based on the following rules:</p><ul><li>Include all codes defined in <a href=\"http://terminology.hl7.org/2.0.0/CodeSystem-v3-cpt-4.html\"><code>http://www.ama-assn.org/go/cpt</code></a></li><li>Include all codes defined in <a href=\"CodeSystem-CMSHCPCSCodes.html\"><code>http://www.cms.gov/Medicare/Coding/HCPCSReleaseCodeSets</code></a></li></ul></div>"
  },
  "url": "http://hl7.org/fhir/us/carin-bb/ValueSet/AMACPTCMSHCPCSProcedureCodes",
  "version": "0.1.10",
  "name": "AMACPTCMSHCPCSProcedureCodes",
  "title": "Current Procedural Terminology (CPT) -  Healthcare Common Procedure Coding System (HCPCS) level II alphanumeric codes - Procedure Codes",
  "status": "active",
  "date": "2020-11-11T23:36:16+00:00",
  "publisher": "HL7 Financial Management Working Group",
  "contact": [
    {
      "name": "HL7 Financial Management Working Group",
      "telecom": [
        {
          "system": "url",
          "value": "http://www.hl7.org/Special/committees/fm/index.cfm"
        },
        {
          "system": "email",
          "value": "fm@lists.HL7.org"
        }
      ]
    }
  ],
  "description": "The Value Set is a combination of two Code Systems: CPT (HCPCS I) and HCPCS II procedure codes. They are submitted by providers to payers to convey the specific procedure performed. Procedure Codes leverage US Core Procedure Codes composition. \n\nThe target set for this value set are the procedure codes from the CPT and HCPCS files.\n\nThe Current Procedural Terminology (CPT) code set, created and maintained by the American Medical Association, is the language of medicine today and the code to its future. This system of terminology is the most widely accepted medical nomenclature used to report medical procedures and services under public and private health insurance programs. CPT coding is also used for administrative management purposes such as claims processing and developing guidelines for medical care review. Each year, via a rigorous, evidence-based and transparent process, the independent CPT Editorial Panel revises, creates or deletes hundreds of codes in order to reflect current medical practice.\n\nDesignated by the U.S. Department of Health and Human Services under the Health Insurance Portability and Accountability Act (HIPAA) as a national coding set for physician and other health care professional services and procedures, CPT’s evidence-based codes accurately encompass the full range of health care services.\n\nAll CPT codes are five-digits and can be either numeric or alphanumeric, depending on the category. CPT code descriptors are clinically focused and utilize common standards so that a diverse set of users can have common understanding across the clinical health care paradigm.\n\nThere are various types of CPT codes:\n\n**Category I:** These codes have descriptors that correspond to a procedure or service. Codes range from 00100–99499 and are generally ordered into sub-categories based on procedure/service type and anatomy.\n\n**Category II:** These alphanumeric tracking codes are supplemental codes used for performance measurement. Using them is optional and not required for correct coding.\n\n**Category III:** These are temporary alphanumeric codes for new and developing technology, procedures and services. They were created for data collection, assessment and in some instances, payment of new services and procedures that currently don’t meet the criteria for a Category I code.\n\n**Proprietary Laboratory Analyses (PLA) codes:** Recently added to the CPT code set, these codes describe proprietary clinical laboratory analyses and can be either provided by a single (solesource) laboratory or licensed or marketed to multiple providing laboratories that are cleared or approved by the Food and Drug Administration (FDA)). This category includes but is not limited to Advanced Diagnostic Laboratory Tests (ADLTs) and Clinical Diagnostic Laboratory Tests (CDLTs), as defined under the Protecting Access to Medicare Act of 2014 (PAMA).\n\nTo obtain CPT, please see the license request form [here](http://info.commerce.ama-assn.org/ama-data-file-request-2020)\n\nThe Level II HCPCS codes, which are established by CMS's Alpha-Numeric Editorial Panel, primarily represent items and supplies and non-physician services not covered by the American Medical Association's Current Procedural Terminology-4 (CPT-4) codes; Medicare, Medicaid, and private health insurers use HCPCS procedure and modifier codes for claims processing.  Level II alphanumeric procedure and modifier codes comprise the A to V range.\n\nGeneral information can be found here: [https://www.cms.gov/Medicare/Coding/MedHCPCSGenInfo](https://www.cms.gov/Medicare/Coding/MedHCPCSGenInfo)\n\nReleases can be found here: [https://www.cms.gov/Medicare/Coding/HCPCSReleaseCodeSets](https://www.cms.gov/Medicare/Coding/HCPCSReleaseCodeSets)\n\nThese files contain the Level II alphanumeric HCPCS procedure and modifier codes, their long and short descriptions, and applicable Medicare administrative, coverage and pricing data.",
  "jurisdiction": [
    {
      "coding": [
        {
          "system": "urn:iso:std:iso:3166",
          "code": "US"
        }
      ]
    }
  ],
  "copyright": "CPT is copyrighted by the AMA and as such must be licensed to be used in electronic products or other forms.\n\nAny individual or entity using CPT content needs permission or a license (i.e., a written agreement authorizing use of CPT codes) from the AMA or an authorized distributor. \n\n Examples where a license and royalty payment are required (not an exhaustive list):\n\n*   Use of CPT content to develop, test, maintain, and service products that use or rely on CPT\n*   Use of CPT content in products that are licensed or distributed by a vendor, company or other third party\n*   Distribution of products that require use of CPT content\n*   Any proposed use of CPT content including the creation of derivative works of CPT content, translations or localized versions of CPT content\n\nFor more information see [here](https://www.ama-assn.org/practice-management/cpt/ama-cpt-licensing-overview) \n\nIf you have a question or would like to license CPT content,  please see [here](http://info.commerce.ama-assn.org/ama-data-file-request-2020).\n\nAny HL7 product referencing CPT must include the following verbiage:\n\nCPT © Copyright 2019 American Medical Association. All rights reserved. AMA and CPT are registered trademarks of the American Medical Association.\n\nNote: the year is always based on the publication year of the code set. CPT releases the August prior to the effective year (e.g., CPT 2020 code set = copyright 2019 or CPT 2021 code set = copyright 2020).\n\nSee information on the use of HCPCS Level I (proprietary and owned by American Medical Association) and Level II codes [here](https://www.cms.gov/Medicare/Coding/MedHCPCSGenInfo/HCPCS_Coding_Questions)",
  "compose": {
    "include": [
      {
        "system": "http://www.ama-assn.org/go/cpt"
      },
      {
        "system": "http://www.cms.gov/Medicare/Coding/HCPCSReleaseCodeSets"
      }
    ]
  }
}