{
  "resourceType": "ValueSet",
  "id": "FDANDCOrCompound",
  "text": {
    "status": "extensions",
    "div": "<div xmlns=\"http://www.w3.org/1999/xhtml\"><p>This value set includes codes based on the following rules:</p><ul><li>Include all codes defined in <a href=\"http://terminology.hl7.org/2.0.0/CodeSystem-v3-ndc.html\"><code>http://hl7.org/fhir/sid/ndc</code></a></li><li>Include these codes as defined in <a href=\"CodeSystem-C4BBCompoundLiteral.html\"><code>http://hl7.org/fhir/us/carin-bb/CodeSystem/C4BBCompoundLiteral</code></a><table class=\"none\"><tr><td style=\"white-space:nowrap\"><b>Code</b></td><td><b>Display</b></td><td><b>Definition</b></td></tr><tr><td><a href=\"CodeSystem-C4BBCompoundLiteral.html#C4BBCompoundLiteral-compound\">compound</a></td><td>compound</td><td>Compound</td></tr></table></li></ul></div>"
  },
  "url": "http://hl7.org/fhir/us/carin-bb/ValueSet/FDANDCOrCompound",
  "version": "0.1.10",
  "name": "FDANDCOrCompound",
  "title": "NDC or Compound",
  "status": "active",
  "date": "2020-11-11T23:36:16+00:00",
  "publisher": "HL7 Financial Management Working Group",
  "contact": [
    {
      "name": "HL7 Financial Management Working Group",
      "telecom": [
        {
          "system": "url",
          "value": "http://www.hl7.org/Special/committees/fm/index.cfm"
        },
        {
          "system": "email",
          "value": "fm@lists.HL7.org"
        }
      ]
    }
  ],
  "description": "Values will be the NDC Codes when the Compound Code value is 0 or 1.  When the Compound Code value = 2, the value will be the literal, ‘compound’",
  "jurisdiction": [
    {
      "coding": [
        {
          "system": "urn:iso:std:iso:3166",
          "code": "US"
        }
      ]
    }
  ],
  "compose": {
    "include": [
      {
        "system": "http://hl7.org/fhir/sid/ndc"
      },
      {
        "system": "http://hl7.org/fhir/us/carin-bb/CodeSystem/C4BBCompoundLiteral",
        "concept": [
          {
            "code": "compound"
          }
        ]
      }
    ]
  }
}