{
  "resourceType": "ValueSet",
  "id": "CMSICD910PCSProcedureCodes",
  "text": {
    "status": "generated",
    "div": "<div xmlns=\"http://www.w3.org/1999/xhtml\"><p>This value set includes codes based on the following rules:</p><ul><li>Include all codes defined in <a href=\"https://terminology.hl7.org/1.0.0//CodeSystem-icd10PCS.html\"><code>http://www.cms.gov/Medicare/Coding/ICD10</code></a></li><li>Include all codes defined in <code>http://www.cms.gov/Medicare/Coding/ICD9</code></li></ul></div>"
  },
  "url": "http://hl7.org/fhir/us/carin-bb/ValueSet/CMSICD910PCSProcedureCodes",
  "version": "0.1.4",
  "name": "CMSICD910PCSProcedureCodes",
  "title": "CMS ICD-9-10-PCS Procedure Codes",
  "status": "active",
  "date": "2020-09-30T23:13:26+00:00",
  "publisher": "HL7 Financial Management Working Group",
  "contact": [
    {
      "name": "HL7 Financial Management Working Group",
      "telecom": [
        {
          "system": "url",
          "value": "http://www.hl7.org/Special/committees/fm/index.cfm"
        },
        {
          "system": "email",
          "value": "fm@lists.HL7.org"
        }
      ]
    }
  ],
  "description": "This value set defines a set of codes from ICD-PCS that can be used to indicate the procedure performed",
  "jurisdiction": [
    {
      "coding": [
        {
          "system": "urn:iso:std:iso:3166",
          "code": "US"
        }
      ]
    }
  ],
  "copyright": "The Centers for Medicare & Medicaid Services (CMS) maintain ICD PCS Procedure Codes used throughout the US health care industry.  As HL7 is working with the owning authority to finalize the urls, the urls are subject to change.",
  "compose": {
    "include": [
      {
        "system": "http://www.cms.gov/Medicare/Coding/ICD10"
      },
      {
        "system": "http://www.cms.gov/Medicare/Coding/ICD9"
      }
    ]
  }
}