{
  "resourceType": "ValueSet",
  "id": "C4BBClaimInpatientInstitutionalDiagnosisType",
  "text": {
    "status": "generated",
    "div": "<div xmlns=\"http://www.w3.org/1999/xhtml\"><ul><li>Include these codes as defined in <a href=\"CodeSystem-C4BBClaimDiagnosisType.html\"><code>http://hl7.org/fhir/us/carin-bb/CodeSystem/C4BBClaimDiagnosisType</code></a><table class=\"none\"><tr><td style=\"white-space:nowrap\"><b>Code</b></td><td><b>Display</b></td></tr><tr><td><a href=\"CodeSystem-C4BBClaimDiagnosisType.html#C4BBClaimDiagnosisType-principal\">principal</a></td><td/><td/></tr><tr><td><a href=\"CodeSystem-C4BBClaimDiagnosisType.html#C4BBClaimDiagnosisType-secondary\">secondary</a></td><td>Secondary</td><td>Required when necessary to report additional diagnoses on professional and non-clinician claims</td></tr><tr><td><a href=\"CodeSystem-C4BBClaimDiagnosisType.html#C4BBClaimDiagnosisType-external-cause-of-injury\">external-cause-of-injury</a></td><td>External Cause of Injury</td><td>Required when an external cause of injury is needed to describe the injury</td></tr><tr><td><a href=\"CodeSystem-C4BBClaimDiagnosisType.html#C4BBClaimDiagnosisType-first-listed\">first-listed</a></td><td/><td/></tr><tr><td><a href=\"CodeSystem-C4BBClaimDiagnosisType.html#C4BBClaimDiagnosisType-admitting\">admitting</a></td><td/><td/></tr></table></li></ul></div>"
  },
  "url": "http://hl7.org/fhir/us/carin-bb/ValueSet/C4BBClaimInpatientInstitutionalDiagnosisType",
  "version": "0.4.2",
  "name": "C4BBClaimInpatientInstitutionalDiagnosisType",
  "title": "C4BB Claim Inpatient Institutional Diagnosis Type",
  "status": "active",
  "date": "2020-09-01T00:44:29+00:00",
  "publisher": "HL7 Financial Management Working Group",
  "contact": [
    {
      "name": "HL7 Financial Management Working Group",
      "telecom": [
        {
          "system": "url",
          "value": "http://www.hl7.org/Special/committees/fm/index.cfm"
        },
        {
          "system": "email",
          "value": "fm@lists.HL7.org"
        }
      ]
    }
  ],
  "description": "Indicates if the inpatient institutional diagnosis is admitting, principal, secondary or an external cause of injury.",
  "jurisdiction": [
    {
      "coding": [
        {
          "system": "urn:iso:std:iso:3166",
          "code": "US"
        }
      ]
    }
  ],
  "copyright": "This Valueset is not copyrighted.",
  "compose": {
    "include": [
      {
        "system": "http://hl7.org/fhir/us/carin-bb/CodeSystem/C4BBClaimDiagnosisType",
        "concept": [
          {
            "code": "principal"
          },
          {
            "code": "secondary"
          },
          {
            "code": "external-cause-of-injury"
          },
          {
            "code": "first-listed"
          },
          {
            "code": "admitting"
          }
        ]
      }
    ]
  }
}