{
  "resourceType": "ValueSet",
  "id": "C4BBPayerBenefitPaymentStatus",
  "text": {
    "status": "generated",
    "div": "<div xmlns=\"http://www.w3.org/1999/xhtml\"><ul><li>Include these codes as defined in <a href=\"CodeSystem-C4BBAdjudicationCS.html\"><code>http://hl7.org/fhir/us/carin-bb/CodeSystem/C4BBAdjudicationCS</code></a><table class=\"none\"><tr><td style=\"white-space:nowrap\"><b>Code</b></td><td><b>Display</b></td></tr><tr><td><a href=\"CodeSystem-C4BBAdjudicationCS.html#C4BBAdjudicationCS-innetwork\">innetwork</a></td><td>in-network</td><td/></tr><tr><td><a href=\"CodeSystem-C4BBAdjudicationCS.html#C4BBAdjudicationCS-outofnetwork\">outofnetwork</a></td><td>out-of-network</td><td/></tr><tr><td><a href=\"CodeSystem-C4BBAdjudicationCS.html#C4BBAdjudicationCS-other\">other</a></td><td>other</td><td/></tr></table></li></ul></div>"
  },
  "url": "http://hl7.org/fhir/us/carin-bb/ValueSet/C4BBPayerBenefitPaymentStatus",
  "version": "0.4.2",
  "name": "C4BBPayerBenefitPaymentStatus",
  "title": "C4BB Payer Benefit Payment Status",
  "status": "active",
  "date": "2020-09-01T00:50:39+00:00",
  "publisher": "HL7 Financial Management Working Group",
  "contact": [
    {
      "name": "HL7 Financial Management Working Group",
      "telecom": [
        {
          "system": "url",
          "value": "http://www.hl7.org/Special/committees/fm/index.cfm"
        },
        {
          "system": "email",
          "value": "fm@lists.HL7.org"
        }
      ]
    }
  ],
  "description": "Indicates the in network or out of network payment status of the claim.",
  "jurisdiction": [
    {
      "coding": [
        {
          "system": "urn:iso:std:iso:3166",
          "code": "US"
        }
      ]
    }
  ],
  "copyright": "This Valueset is not copyrighted.",
  "compose": {
    "include": [
      {
        "system": "http://hl7.org/fhir/us/carin-bb/CodeSystem/C4BBAdjudicationCS",
        "concept": [
          {
            "code": "innetwork",
            "display": "in-network"
          },
          {
            "code": "outofnetwork",
            "display": "out-of-network"
          },
          {
            "code": "other",
            "display": "other"
          }
        ]
      }
    ]
  }
}