{
  "resourceType": "ValueSet",
  "id": "CPTHCPCSProcedureCodeVS",
  "text": {
    "status": "generated",
    "div": "<div xmlns=\"http://www.w3.org/1999/xhtml\"><p>This value set includes codes based on the following rules:</p><ul/></div>"
  },
  "url": "http://hl7.org/fhir/us/carin-bb/ValueSet/CPTHCPCSProcedureCodeVS",
  "version": "0.1.0",
  "name": "CPTHCPCSProcedureCodeVS",
  "title": "AMA CPT and CMS HCPCS Procedure Codes",
  "status": "active",
  "date": "2020-07-05T19:26:28+00:00",
  "publisher": "HL7 Financial Management Working Group",
  "contact": [
    {
      "name": "HL7 Financial Management Working Group",
      "telecom": [
        {
          "system": "url",
          "value": "http://www.hl7.org/Special/committees/fm/index.cfm"
        },
        {
          "system": "email",
          "value": "fm@lists.HL7.org"
        }
      ]
    }
  ],
  "description": "AMA CPT and CMS HCPCS Procedure Codes"
}