{
  "resourceType": "ValueSet",
  "id": "AMACPTCMSHCPCSProcedureCodes",
  "text": {
    "status": "generated",
    "div": "<div xmlns=\"http://www.w3.org/1999/xhtml\"><p>This value set includes codes based on the following rules:</p><ul><li>Include all codes defined in <a href=\"https://terminology.hl7.org/1.0.0//CodeSystem-v3-cpt-4.html\"><code>http://www.ama-assn.org/go/cpt</code></a></li><li>Include all codes defined in <a href=\"CodeSystem-CMSHCPCSCodes.html\"><code>http://www.cms.gov/Medicare/Coding/HCPCSReleaseCodeSets</code></a></li></ul></div>"
  },
  "url": "http://hl7.org/fhir/us/carin-bb/ValueSet/AMACPTCMSHCPCSProcedureCodes",
  "version": "0.1.2",
  "name": "AMACPTCMSHCPCSProcedureCodes",
  "title": "AMA CPT CMS HCPCS Procedure Codes",
  "status": "active",
  "date": "2020-09-03T22:22:35+00:00",
  "publisher": "HL7 Financial Management Working Group",
  "contact": [
    {
      "name": "HL7 Financial Management Working Group",
      "telecom": [
        {
          "system": "url",
          "value": "http://www.hl7.org/Special/committees/fm/index.cfm"
        },
        {
          "system": "email",
          "value": "fm@lists.HL7.org"
        }
      ]
    }
  ],
  "description": "The Value Set is a combination of two Code Systems:  CPT (HCPCS I) and HCPCS II procedure codes. They are submitted by providers to payers to convey the specific procedure performed.  AMA CPT CMS HCPCS Procedure Codes leverage US Core Procedure Codes composition.  \nCPT codes are available by subscription from the AMA at http://www.ama-assn.org/go/cpt.  HCPCS codes are available at http://www.cms.gov/Medicare/Coding/HCPCSReleaseCodeSets.  The link takes one to a list of files.  The target set for this Code System is the procedure codes from this file.\n\n**PROCEDURE CODES ONLY**",
  "jurisdiction": [
    {
      "coding": [
        {
          "system": "urn:iso:std:iso:3166",
          "code": "US"
        }
      ]
    }
  ],
  "copyright": "CPT copyright 2014 American Medical Association. All rights reserved. HCPCS Level II Alphanumeric Codes are maintained by the US Centers for Medicare and Medicaid Services (CMS) and are available for public use. As HL7 is working with the owning authorities to finalize the urls, the urls are subject to change.",
  "compose": {
    "include": [
      {
        "system": "http://www.ama-assn.org/go/cpt"
      },
      {
        "system": "http://www.cms.gov/Medicare/Coding/HCPCSReleaseCodeSets"
      }
    ]
  }
}