{
  "resourceType": "ValueSet",
  "id": "AMACPTCMSHCPCSProcedureCodes",
  "text": {
    "status": "generated",
    "div": "<div xmlns=\"http://www.w3.org/1999/xhtml\"><p>This value set includes codes based on the following rules:</p><ul><li>Import all the codes that are contained in <a href=\"http://hl7.org/fhir/R4/valueset-cpt-all.html\">http://hl7.org/fhir/ValueSet/cpt-all</a></li><li>Include all codes defined in <code>urn:oid:2.16.840.1.113883.6.285</code></li></ul></div>"
  },
  "url": "http://hl7.org/fhir/us/carin-bb/ValueSet/AMACPTCMSHCPCSProcedureCodes",
  "version": "0.4.0",
  "name": "AMACPTCMSHCPCSProcedureCodes",
  "title": "AMA CPT and CMS HCPCS Procedure Codes",
  "status": "active",
  "date": "2020-08-13T17:13:03+00:00",
  "publisher": "HL7 Financial Management Working Group",
  "contact": [
    {
      "name": "HL7 Financial Management Working Group",
      "telecom": [
        {
          "system": "url",
          "value": "http://www.hl7.org/Special/committees/fm/index.cfm"
        },
        {
          "system": "email",
          "value": "fm@lists.HL7.org"
        }
      ]
    }
  ],
  "description": "AMA CPT and CMS HCPCS Procedure Codes",
  "jurisdiction": [
    {
      "coding": [
        {
          "system": "urn:iso:std:iso:3166",
          "code": "US"
        }
      ]
    }
  ],
  "compose": {
    "include": [
      {
        "valueSet": [
          "http://hl7.org/fhir/ValueSet/cpt-all"
        ]
      },
      {
        "system": "urn:oid:2.16.840.1.113883.6.285"
      }
    ]
  }
}