{
  "resourceType": "ValueSet",
  "id": "AdjudicationDenialReasonVS",
  "text": {
    "status": "generated",
    "div": "<div xmlns=\"http://www.w3.org/1999/xhtml\"><p>This value set includes codes based on the following rules:</p><ul/></div>"
  },
  "url": "http://hl7.org/fhir/us/carin-bb/ValueSet/AdjudicationDenialReasonVS",
  "version": "0.1.0",
  "name": "AdjudicationDenialReasonVS",
  "title": "Adjudication Denial Reason",
  "status": "active",
  "date": "2020-07-13T13:57:49+00:00",
  "publisher": "HL7 Financial Management Working Group",
  "contact": [
    {
      "name": "HL7 Financial Management Working Group",
      "telecom": [
        {
          "system": "url",
          "value": "http://www.hl7.org/Special/committees/fm/index.cfm"
        },
        {
          "system": "email",
          "value": "fm@lists.HL7.org"
        }
      ]
    }
  ],
  "description": "Reason codes used to interpret the adjudication denial reason.  X12 CARC + CMS RARC"
}