{
  "resourceType": "ValueSet",
  "id": "DiagnosisTypeFacilityVS",
  "text": {
    "status": "generated",
    "div": "<div xmlns=\"http://www.w3.org/1999/xhtml\"><ul><li>Include all codes defined in <a href=\"CodeSystem-PayerDiagnosisTypeCS.html\"><code>http://hl7.org/fhir/us/carin-bb/CodeSystem/PayerDiagnosisTypeCS</code></a></li></ul></div>"
  },
  "url": "http://hl7.org/fhir/us/carin-bb/ValueSet/DiagnosisTypeFacilityVS",
  "version": "0.1.0",
  "name": "DiagnosisTypeFacilityVS",
  "title": "Diagnosis Type -- Facility",
  "status": "active",
  "date": "2020-06-18T05:04:51+00:00",
  "publisher": "HL7 Financial Management Working Group",
  "contact": [
    {
      "name": "HL7 Financial Management Working Group",
      "telecom": [
        {
          "system": "url",
          "value": "http://www.hl7.org/Special/committees/fm/index.cfm"
        },
        {
          "system": "email",
          "value": "fm@lists.HL7.org"
        }
      ]
    }
  ],
  "description": "Indicates if the facility diagnosis is principal, secondary, an external cause of injury, a patient reason for visit, or first-listed",
  "compose": {
    "include": [
      {
        "system": "http://hl7.org/fhir/us/carin-bb/CodeSystem/PayerDiagnosisTypeCS"
      }
    ]
  }
}