{
  "resourceType": "ValueSet",
  "id": "AHANUBCTypeOfBill",
  "text": {
    "status": "generated",
    "div": "<div xmlns=\"http://www.w3.org/1999/xhtml\"><ul><li>Include all codes defined in <a href=\"CodeSystem-AHANUBCTypeOfBillCS.html\"><code>urn:oid:2.16.840.1.113883.18.290</code></a></li></ul></div>"
  },
  "url": "http://hl7.org/fhir/us/carin-bb/ValueSet/AHANUBCTypeOfBill",
  "version": "0.4.1",
  "name": "AHANUBCTypeOfBill",
  "title": "UB-04 Type of Bill (FL-4)",
  "status": "active",
  "date": "2020-08-26T21:53:04+00:00",
  "publisher": "HL7 Financial Management Working Group",
  "contact": [
    {
      "name": "HL7 Financial Management Working Group",
      "telecom": [
        {
          "system": "url",
          "value": "http://www.hl7.org/Special/committees/fm/index.cfm"
        },
        {
          "system": "email",
          "value": "fm@lists.HL7.org"
        }
      ]
    }
  ],
  "description": "NUBC Type of Bill codes. They are listed within the UB-04 Data Specifications Manual and maintained by the National Uniform Billing Committee (NUBC).",
  "jurisdiction": [
    {
      "coding": [
        {
          "system": "urn:iso:std:iso:3166",
          "code": "US"
        }
      ]
    }
  ],
  "copyright": "AHANUBCCopyright",
  "compose": {
    "include": [
      {
        "system": "urn:oid:2.16.840.1.113883.18.290"
      }
    ]
  }
}