{
  "resourceType": "ValueSet",
  "id": "CMSPlaceOfService",
  "text": {
    "status": "generated",
    "div": "<div xmlns=\"http://www.w3.org/1999/xhtml\"><ul><li>Include all codes defined in <a href=\"CodeSystem-CMSPlaceOfServiceCS.html\"><code>http://www.cms.gov/place-of-service</code></a></li></ul></div>"
  },
  "url": "http://hl7.org/fhir/us/carin-bb/ValueSet/CMSPlaceOfService",
  "version": "0.4.1",
  "name": "CMSPlaceOfService",
  "title": "CMS Place of Service",
  "status": "active",
  "date": "2020-08-26T21:53:04+00:00",
  "publisher": "HL7 Financial Management Working Group",
  "contact": [
    {
      "name": "HL7 Financial Management Working Group",
      "telecom": [
        {
          "system": "url",
          "value": "http://www.hl7.org/Special/committees/fm/index.cfm"
        },
        {
          "system": "email",
          "value": "fm@lists.HL7.org"
        }
      ]
    }
  ],
  "description": "Place of Service codes are placed on health care professional claims to indicate the setting in which a service was provided. https://www.cms.gov/Medicare/Coding/place-of-service-codes/Place_of_Service_Code_Set.html. The link takes one to the Place of Service list as an html document; it is not a file to which an IG can be bound.",
  "jurisdiction": [
    {
      "coding": [
        {
          "system": "urn:iso:std:iso:3166",
          "code": "US"
        }
      ]
    }
  ],
  "copyright": "The code set is owned by CMS and is available for use.",
  "compose": {
    "include": [
      {
        "system": "http://www.cms.gov/place-of-service"
      }
    ]
  }
}