{
  "resourceType": "ValueSet",
  "id": "X12CARCCMSRARC",
  "text": {
    "status": "generated",
    "div": "<div xmlns=\"http://www.w3.org/1999/xhtml\"><p>This value set includes codes based on the following rules:</p><ul><li>Include all codes defined in <a href=\"CodeSystem-X12CARCCS.html\"><code>https://www.x12.org/carc</code></a></li><li>Include all codes defined in <a href=\"CodeSystem-CMSRARCCS.html\"><code>https://www.cms.gov/rarc</code></a></li></ul></div>"
  },
  "url": "http://hl7.org/fhir/us/carin-bb/ValueSet/X12CARCCMSRARC",
  "version": "0.4.2",
  "name": "X12CARCCMSRARC",
  "title": " X12 Claim Adjustment Reason Codes (CARC) and CMS Remittance Advice Remark Codes (RARC)",
  "status": "active",
  "date": "2020-08-31T23:25:44+00:00",
  "publisher": "HL7 Financial Management Working Group",
  "contact": [
    {
      "name": "HL7 Financial Management Working Group",
      "telecom": [
        {
          "system": "url",
          "value": "http://www.hl7.org/Special/committees/fm/index.cfm"
        },
        {
          "system": "email",
          "value": "fm@lists.HL7.org"
        }
      ]
    }
  ],
  "description": "The Value Set is a combination of two sets of codes: X12 Claim Adjustment Reason Codes (CARC) and CMS Remittance Advice Remark Codes (RARC). \nCARC codes describe why a claim or service line was paid differently than it was billed. RARC codes provide additional explanation for an adjustment already described by a \nClaim Adjustment Reason Code (CARC) or convey information about remittance processing. CARC codes are owned, maintained and distributed by X12. \nRARC codes are available at http://www.wpc-edi.com/reference/codelists/healthcare/remittance-advice-remark-codes.",
  "jurisdiction": [
    {
      "coding": [
        {
          "system": "urn:iso:std:iso:3166",
          "code": "US"
        }
      ]
    }
  ],
  "copyright": "CARC codes are owned, maintained and distributed by X12. Use of X12 codes require licenses. RARC codes are owned by CMS and are available for useUse of X12 CARC codes require a license. Reference https://x12.org/codes/. \nRARC codes are owned by CMS and are available for use. As HL7 is working with the owning authority to finalize the url, this url is subject to chang.",
  "compose": {
    "include": [
      {
        "system": "https://www.x12.org/carc"
      },
      {
        "system": "https://www.cms.gov/rarc"
      }
    ]
  }
}