{
  "resourceType": "ValueSet",
  "id": "AMACPTCMSHCPCSProcedureModifiers",
  "text": {
    "status": "generated",
    "div": "<div xmlns=\"http://www.w3.org/1999/xhtml\"><p>This value set includes codes based on the following rules:</p><ul><li>Include all codes defined in <a href=\"CodeSystem-AMACPTModifiersCS.html\"><code>http://www.ama-assn.org/go/cpt-modifiers</code></a></li><li>Include all codes defined in <a href=\"CodeSystem-AMACPTModifiersCS.html\"><code>http://www.ama-assn.org/go/cpt-modifiers</code></a></li></ul></div>"
  },
  "url": "http://hl7.org/fhir/us/carin-bb/ValueSet/AMACPTCMSHCPCSProcedureModifiers",
  "version": "0.4.1",
  "name": "AMACPTCMSHCPCSProcedureModifiers",
  "title": "AMA CPT and CMS HCPCS Modifier Codes",
  "status": "active",
  "date": "2020-08-26T22:04:25+00:00",
  "publisher": "HL7 Financial Management Working Group",
  "contact": [
    {
      "name": "HL7 Financial Management Working Group",
      "telecom": [
        {
          "system": "url",
          "value": "http://www.hl7.org/Special/committees/fm/index.cfm"
        },
        {
          "system": "email",
          "value": "fm@lists.HL7.org"
        }
      ]
    }
  ],
  "description": "AMA CPT and CMS HCPCS Modifier Codes. The Value Set is a combination of two Code Systems: CPT (HCPCS I) and HCPCS II procedure code modifiers. Modifiers help further describe a procedure code without changing its definition. \nCPT modifiers are available by subscription from the AMA at http://www.ama-assn.org/go/cpt. HCPCS modifiers are available at https://www.cms.gov/Medicare/Coding/HCPCSReleaseCodeSets/Alpha-Numeric-HCPCS.html. The link takes one to a list of files. The HCPCS ANWEB files include modifier and procedure codes. \nThe target set for this Code System is the procedure code modifiers from this file. The code set is owned by CMS and is available for use.",
  "jurisdiction": [
    {
      "coding": [
        {
          "system": "urn:iso:std:iso:3166",
          "code": "US"
        }
      ]
    }
  ],
  "copyright": "CPT copyright 2014 American Medical Association. All rights reserved.",
  "compose": {
    "include": [
      {
        "system": "http://www.ama-assn.org/go/cpt-modifiers"
      },
      {
        "system": "http://www.ama-assn.org/go/cpt-modifiers"
      }
    ]
  }
}