{
  "resourceType": "ValueSet",
  "id": "BenefitPaymentStatus",
  "text": {
    "status": "generated",
    "div": "<div xmlns=\"http://www.w3.org/1999/xhtml\"><ul><li>Include these codes as defined in <a href=\"CodeSystem-PayerAdjudicationCategoryCS.html\"><code>http://hl7.org/fhir/us/carin-bb/CodeSystem/PayerAdjudicationCategoryCS</code></a><table class=\"none\"><tr><td style=\"white-space:nowrap\"><b>Code</b></td><td><b>Display</b></td></tr><tr><td><a href=\"CodeSystem-PayerAdjudicationCategoryCS.html#PayerAdjudicationCategoryCS-in-network\">in-network</a></td><td>in-network</td><td>in-network</td></tr><tr><td><a href=\"CodeSystem-PayerAdjudicationCategoryCS.html#PayerAdjudicationCategoryCS-out-of-network\">out-of-network</a></td><td>out-of-network</td><td>out-of-network</td></tr><tr><td><a href=\"CodeSystem-PayerAdjudicationCategoryCS.html#PayerAdjudicationCategoryCS-other\">other</a></td><td>other</td><td>other</td></tr></table></li></ul></div>"
  },
  "url": "http://hl7.org/fhir/us/carin-bb/ValueSet/BenefitPaymentStatus",
  "version": "0.3.2",
  "name": "BenefitPaymentStatus",
  "title": "Benefit Payment Status",
  "status": "active",
  "date": "2020-07-27T13:09:27+00:00",
  "publisher": "HL7 Financial Management Working Group",
  "contact": [
    {
      "name": "HL7 Financial Management Working Group",
      "telecom": [
        {
          "system": "url",
          "value": "http://www.hl7.org/Special/committees/fm/index.cfm"
        },
        {
          "system": "email",
          "value": "fm@lists.HL7.org"
        }
      ]
    }
  ],
  "description": "Indicates the in network or out of network payment status of the claim.",
  "jurisdiction": [
    {
      "coding": [
        {
          "system": "urn:iso:std:iso:3166",
          "code": "US"
        }
      ]
    }
  ],
  "compose": {
    "include": [
      {
        "system": "http://hl7.org/fhir/us/carin-bb/CodeSystem/PayerAdjudicationCategoryCS",
        "concept": [
          {
            "code": "in-network",
            "display": "in-network"
          },
          {
            "code": "out-of-network",
            "display": "out-of-network"
          },
          {
            "code": "other",
            "display": "other"
          }
        ]
      }
    ]
  }
}