{
  "resourceType": "ValueSet",
  "id": "C4BBPractitionerIdentifierType",
  "text": {
    "status": "extensions",
    "div": "<div xmlns=\"http://www.w3.org/1999/xhtml\"><p>This value set includes codes based on the following rules:</p><ul><li>Include these codes as defined in <a href=\"CodeSystem-C4BBIdentifierType.html\"><code>http://hl7.org/fhir/us/carin-bb/CodeSystem/C4BBIdentifierType</code></a><table class=\"none\"><tr><td style=\"white-space:nowrap\"><b>Code</b></td><td><b>Display</b></td><td><b>Definition</b></td></tr><tr><td><a href=\"CodeSystem-C4BBIdentifierType.html#C4BBIdentifierType-npi\">npi</a></td><td>National Provider Identifier</td><td>National Provider Identifier</td></tr></table></li><li>Include all codes defined in <a href=\"http://terminology.hl7.org/2.0.0/CodeSystem-v2-0203.html\"><code>http://terminology.hl7.org/CodeSystem/v2-0203</code></a></li></ul></div>"
  },
  "url": "http://hl7.org/fhir/us/carin-bb/ValueSet/C4BBPractitionerIdentifierType",
  "version": "0.1.10",
  "name": "C4BBPractitionerIdentifierType",
  "title": "C4BB Practitioner Identifier Type",
  "status": "active",
  "date": "2020-11-12T01:27:32+00:00",
  "publisher": "HL7 Financial Management Working Group",
  "contact": [
    {
      "name": "HL7 Financial Management Working Group",
      "telecom": [
        {
          "system": "url",
          "value": "http://www.hl7.org/Special/committees/fm/index.cfm"
        },
        {
          "system": "email",
          "value": "fm@lists.HL7.org"
        }
      ]
    }
  ],
  "description": "Identifies the type of identifiers for practitioners",
  "jurisdiction": [
    {
      "coding": [
        {
          "system": "urn:iso:std:iso:3166",
          "code": "US"
        }
      ]
    }
  ],
  "copyright": "This Valueset is not copyrighted.",
  "compose": {
    "include": [
      {
        "system": "http://hl7.org/fhir/us/carin-bb/CodeSystem/C4BBIdentifierType",
        "concept": [
          {
            "code": "npi"
          }
        ]
      },
      {
        "system": "http://terminology.hl7.org/CodeSystem/v2-0203"
      }
    ]
  }
}