{
  "resourceType": "ValueSet",
  "id": "AHANUBCPresentOnAdmission",
  "text": {
    "status": "generated",
    "div": "<div xmlns=\"http://www.w3.org/1999/xhtml\"><ul><li>Include all codes defined in <a href=\"CodeSystem-AHANUBCPresentOnAdmissionCS.html\"><code>urn:oid:2.16.840.1.113883.6.301.11</code></a></li></ul></div>"
  },
  "url": "http://hl7.org/fhir/us/carin-bb/ValueSet/AHANUBCPresentOnAdmission",
  "version": "0.4.1",
  "name": "AHANUBCPresentOnAdmission",
  "title": "AHA NUBC Present On Admission",
  "status": "active",
  "date": "2020-08-27T18:13:02+00:00",
  "publisher": "HL7 Financial Management Working Group",
  "contact": [
    {
      "name": "HL7 Financial Management Working Group",
      "telecom": [
        {
          "system": "url",
          "value": "http://www.hl7.org/Special/committees/fm/index.cfm"
        },
        {
          "system": "email",
          "value": "fm@lists.HL7.org"
        }
      ]
    }
  ],
  "description": "UB-04 Present on Admission (FL-67)",
  "jurisdiction": [
    {
      "coding": [
        {
          "system": "urn:iso:std:iso:3166",
          "code": "US"
        }
      ]
    }
  ],
  "copyright": "AHANUBCCopyright",
  "compose": {
    "include": [
      {
        "system": "urn:oid:2.16.840.1.113883.6.301.11"
      }
    ]
  }
}