{
  "resourceType": "ValueSet",
  "id": "AdjustmentAmountCategoryVS",
  "text": {
    "status": "generated",
    "div": "<div xmlns=\"http://www.w3.org/1999/xhtml\"><ul><li>Include these codes as defined in <a href=\"CodeSystem-ClaimAdjudicationCategoryCS.html\"><code>http://hl7.org/fhir/us/carin-bb/CodeSystem/ClaimAdjudicationCategoryCS</code></a><table class=\"none\"><tr><td style=\"white-space:nowrap\"><b>Code</b></td><td><b>Display</b></td></tr><tr><td><a href=\"CodeSystem-ClaimAdjudicationCategoryCS.html#ClaimAdjudicationCategoryCS-submittedamount\">submittedamount</a></td><td>submitted amount</td><td/></tr><tr><td><a href=\"CodeSystem-ClaimAdjudicationCategoryCS.html#ClaimAdjudicationCategoryCS-allowedamount\">allowedamount</a></td><td>allowed amount</td><td/></tr><tr><td><a href=\"CodeSystem-ClaimAdjudicationCategoryCS.html#ClaimAdjudicationCategoryCS-deductibleamount\">deductibleamount</a></td><td>deductible amount</td><td/></tr><tr><td><a href=\"CodeSystem-ClaimAdjudicationCategoryCS.html#ClaimAdjudicationCategoryCS-coinsuranceamount\">coinsuranceamount</a></td><td>coinsurance amount</td><td/></tr><tr><td><a href=\"CodeSystem-ClaimAdjudicationCategoryCS.html#ClaimAdjudicationCategoryCS-copayamount\">copayamount</a></td><td>copay amount</td><td/></tr><tr><td><a href=\"CodeSystem-ClaimAdjudicationCategoryCS.html#ClaimAdjudicationCategoryCS-noncoveredamount\">noncoveredamount</a></td><td>noncovered amount</td><td/></tr><tr><td><a href=\"CodeSystem-ClaimAdjudicationCategoryCS.html#ClaimAdjudicationCategoryCS-cobamount\">cobamount</a></td><td>cob amount</td><td/></tr><tr><td><a href=\"CodeSystem-ClaimAdjudicationCategoryCS.html#ClaimAdjudicationCategoryCS-paymentamount\">paymentamount</a></td><td>payment amount</td><td/></tr><tr><td><a href=\"CodeSystem-ClaimAdjudicationCategoryCS.html#ClaimAdjudicationCategoryCS-patientpayamount\">patientpayamount</a></td><td>patient pay amount</td><td/></tr></table></li></ul></div>"
  },
  "url": "http://hl7.org/fhir/us/carin-bb/ValueSet/AdjustmentAmountCategoryVS",
  "version": "0.1.0",
  "name": "AdjustmentAmountCategoryVS",
  "title": "Adjustment Amount Category",
  "status": "active",
  "date": "2020-06-18T21:38:02+00:00",
  "publisher": "HL7 Financial Management Working Group",
  "contact": [
    {
      "name": "HL7 Financial Management Working Group",
      "telecom": [
        {
          "system": "url",
          "value": "http://www.hl7.org/Special/committees/fm/index.cfm"
        },
        {
          "system": "email",
          "value": "fm@lists.HL7.org"
        }
      ]
    }
  ],
  "description": "Describes the various amount fields used when submitting and adjudicating a claim.",
  "compose": {
    "include": [
      {
        "system": "http://hl7.org/fhir/us/carin-bb/CodeSystem/ClaimAdjudicationCategoryCS",
        "concept": [
          {
            "code": "submittedamount",
            "display": "submitted amount"
          },
          {
            "code": "allowedamount",
            "display": "allowed amount"
          },
          {
            "code": "deductibleamount",
            "display": "deductible amount"
          },
          {
            "code": "coinsuranceamount",
            "display": "coinsurance amount"
          },
          {
            "code": "copayamount",
            "display": "copay amount"
          },
          {
            "code": "noncoveredamount",
            "display": "noncovered amount"
          },
          {
            "code": "cobamount",
            "display": "cob amount"
          },
          {
            "code": "paymentamount",
            "display": "payment amount"
          },
          {
            "code": "patientpayamount",
            "display": "patient pay amount"
          }
        ]
      }
    ]
  }
}