{
  "resourceType": "ValueSet",
  "id": "CDCICD910CMDiagnosisCodes",
  "text": {
    "status": "generated",
    "div": "<div xmlns=\"http://www.w3.org/1999/xhtml\"><p>This value set includes codes based on the following rules:</p><ul><li>Include all codes defined in <a href=\"https://terminology.hl7.org/1.0.0//CodeSystem-icd10CM.html\"><code>http://hl7.org/fhir/sid/icd-10-cm</code></a></li><li>Include all codes defined in <a href=\"https://terminology.hl7.org/1.0.0//CodeSystem-icd9.html\"><code>http://terminology.hl7.org/CodeSystem/icd9</code></a></li></ul></div>"
  },
  "url": "http://hl7.org/fhir/us/carin-bb/ValueSet/CDCICD910CMDiagnosisCodes",
  "version": "0.1.4",
  "name": "CDCICD910CMDiagnosisCodes",
  "title": "CDC ICD-9-10-CM Diagnosis Codes",
  "status": "active",
  "date": "2020-10-06T16:36:53+00:00",
  "publisher": "HL7 Financial Management Working Group",
  "contact": [
    {
      "name": "HL7 Financial Management Working Group",
      "telecom": [
        {
          "system": "url",
          "value": "http://www.hl7.org/Special/committees/fm/index.cfm"
        },
        {
          "system": "email",
          "value": "fm@lists.HL7.org"
        }
      ]
    }
  ],
  "description": "The ICD-CM (International Classification of Diseases, Clinical Modification) is a system used by physicians and other healthcare providers to classify and code all diagnoses and symptoms recorded in conjunction with hospital care in the United States.",
  "jurisdiction": [
    {
      "coding": [
        {
          "system": "urn:iso:std:iso:3166",
          "code": "US"
        }
      ]
    }
  ],
  "copyright": "ICD-9 and ICD-10 are copyrighted by the World Health Organization (WHO) which owns and publishes the classification. See https://www.who.int/classifications/icd/en. WHO has authorized the development of an adaptation of ICD-9 and ICD-10 to ICD-9-CM to ICD-10-CM for use in the United States for U.S. government purposes.  As HL7 is working with the owning authority to finalize the urls, the urls are subject to change.",
  "compose": {
    "include": [
      {
        "system": "http://hl7.org/fhir/sid/icd-10-cm"
      },
      {
        "system": "http://terminology.hl7.org/CodeSystem/icd9"
      }
    ]
  }
}