{
  "resourceType": "ValueSet",
  "id": "AdjudicationValueCodesVS",
  "text": {
    "status": "generated",
    "div": "<div xmlns=\"http://www.w3.org/1999/xhtml\"><ul><li>Include these codes as defined in <a href=\"CodeSystem-ClaimAdjudicationCategoryCS.html\"><code>http://hl7.org/fhir/us/carin-bb/CodeSystem/ClaimAdjudicationCategoryCS</code></a><table class=\"none\"><tr><td style=\"white-space:nowrap\"><b>Code</b></td><td><b>Display</b></td></tr><tr><td><a href=\"CodeSystem-ClaimAdjudicationCategoryCS.html#ClaimAdjudicationCategoryCS-submittedamount\">submittedamount</a></td><td>submitted amount</td><td>Undefined</td></tr><tr><td><a href=\"CodeSystem-ClaimAdjudicationCategoryCS.html#ClaimAdjudicationCategoryCS-allowedamount\">allowedamount</a></td><td>allowed amount</td><td>Undefined</td></tr><tr><td><a href=\"CodeSystem-ClaimAdjudicationCategoryCS.html#ClaimAdjudicationCategoryCS-deductibleamount\">deductibleamount</a></td><td>deductible amount</td><td>Undefined</td></tr></table></li></ul></div>"
  },
  "url": "http://hl7.org/fhir/us/carin-bb/ValueSet/AdjudicationValueCodesVS",
  "version": "0.1.0",
  "name": "AdjudicationValueCodesVS",
  "title": "Benefit Payment Status Category",
  "status": "active",
  "date": "2020-06-29T17:03:07+00:00",
  "publisher": "HL7 Financial Management Working Group",
  "contact": [
    {
      "name": "HL7 Financial Management Working Group",
      "telecom": [
        {
          "system": "url",
          "value": "http://www.hl7.org/Special/committees/fm/index.cfm"
        },
        {
          "system": "email",
          "value": "fm@lists.HL7.org"
        }
      ]
    }
  ],
  "compose": {
    "include": [
      {
        "system": "http://hl7.org/fhir/us/carin-bb/CodeSystem/ClaimAdjudicationCategoryCS",
        "concept": [
          {
            "code": "submittedamount",
            "display": "submitted amount"
          },
          {
            "code": "allowedamount",
            "display": "allowed amount"
          },
          {
            "code": "deductibleamount",
            "display": "deductible amount"
          }
        ]
      }
    ]
  }
}