{
  "resourceType": "ValueSet",
  "id": "AHANUBCPatientDischargeStatus",
  "text": {
    "status": "generated",
    "div": "<div xmlns=\"http://www.w3.org/1999/xhtml\"><ul><li>Include all codes defined in <a href=\"CodeSystem-AHANUBCPatientDischargeStatusCS.html\"><code>urn:oid:2.16.840.1.113883.6.301.5</code></a></li></ul></div>"
  },
  "url": "http://hl7.org/fhir/us/carin-bb/ValueSet/AHANUBCPatientDischargeStatus",
  "version": "0.4.2",
  "name": "AHANUBCPatientDischargeStatus",
  "title": "AHA NUBC Patient Discharge Status",
  "status": "active",
  "date": "2020-09-01T21:23:13+00:00",
  "publisher": "HL7 Financial Management Working Group",
  "contact": [
    {
      "name": "HL7 Financial Management Working Group",
      "telecom": [
        {
          "system": "url",
          "value": "http://www.hl7.org/Special/committees/fm/index.cfm"
        },
        {
          "system": "email",
          "value": "fm@lists.HL7.org"
        }
      ]
    }
  ],
  "description": "UB-04 Patient Discharge Status (FL-17)",
  "jurisdiction": [
    {
      "coding": [
        {
          "system": "urn:iso:std:iso:3166",
          "code": "US"
        }
      ]
    }
  ],
  "copyright": "The Official UB-04 Data Specifications Manual, copyrighted by the American Hospital Association, is the only official source of UB-04 billing information adopted by the National Uniform Billing Committee. \nNo other publication—governmental or private/commercial—can be considered authoritative. See their website for licensing terms and conditions.\nAs HL7 is working with the owning authority to finalize the url, this url is subject to change.",
  "compose": {
    "include": [
      {
        "system": "urn:oid:2.16.840.1.113883.6.301.5"
      }
    ]
  }
}