{
  "resourceType": "ValueSet",
  "id": "NCPDPDispensedAsWrittenOrProductSelectionCode",
  "text": {
    "status": "generated",
    "div": "<div xmlns=\"http://www.w3.org/1999/xhtml\"><ul><li>Include all codes defined in <a href=\"CodeSystem-NCPDPDispensedAsWrittenOrProductSelectionCode.html\"><code>http://terminology.hl7.org/CodeSystem/NCPDP/DispensedAsWrittenOrProductSelectionCode</code></a></li></ul></div>"
  },
  "url": "http://hl7.org/fhir/us/carin-bb/ValueSet/NCPDPDispensedAsWrittenOrProductSelectionCode",
  "version": "0.1.10",
  "name": "NCPDPDispensedAsWrittenOrProductSelectionCode",
  "title": "NCPDP Dispense As Written (DAW)/Product Selection Code",
  "status": "active",
  "date": "2020-11-11T14:40:52+00:00",
  "publisher": "HL7 Financial Management Working Group",
  "contact": [
    {
      "name": "HL7 Financial Management Working Group",
      "telecom": [
        {
          "system": "url",
          "value": "http://www.hl7.org/Special/committees/fm/index.cfm"
        },
        {
          "system": "email",
          "value": "fm@lists.HL7.org"
        }
      ]
    }
  ],
  "description": "Code indicating whether or not the prescriber's instructions regarding generic substitution were followed. (NCPDP ECL 408-D8)\n\nLink to information about the code system - including how to obtain the content: [https://standards.ncpdp.org/Access-to-Standards.aspx](https://standards.ncpdp.org/Access-to-Standards.aspx)",
  "jurisdiction": [
    {
      "coding": [
        {
          "system": "urn:iso:std:iso:3166",
          "code": "US"
        }
      ]
    }
  ],
  "copyright": "National Council for Prescription Drugs Programs, Inc. (NCPDP) publications are owned by NCPDP, 9240 East Raintree Drive Scottsdale, AZ 85260, and protected by the copyright laws of the United States. 17 U.S.C. §101, et. seq. Permission is given to Council members to copy and use the work or any part thereof in connection with the business purposes of the Council members. The work may not be changed or altered. The work may be shared within the member company but may not be distributed and/or copied for/by others outside of the member’s company. The work may not be sold, used or exploited for commercial purposes. This permission may be revoked by NCPDP at any time. NCPDP is not responsible for any errors or damage as a result of the use of the work.\n\nAll material is provided as is, without warranty of any kind, expressed or implied, including but not limited to warranties of merchantability, fitness for a particular purpose, accuracy, completeness and non-infringement of third party rights. In no event shall NCPDP, its members or its contributors be liable for any claim, or any direct, special, indirect or consequential damages, or any damages whatsoever resulting from loss of use, data or profits, whether in an action of contract, negligence or other tortious action, arising out of or in connection with the use or performance of the material. Revised: September 2016",
  "compose": {
    "include": [
      {
        "system": "http://terminology.hl7.org/CodeSystem/NCPDP/DispensedAsWrittenOrProductSelectionCode"
      }
    ]
  }
}